query,ids
0,[18367 17832   875  4569  1664  6021 17951 20029 14279 14308]
1,[13039 16440  5048  7525  2729 13879 15193  8662  4870 22609]
2,[18602 16044 17220  8987 18060  9469 20418  5736  7400  8351]
3,[16792  8102  8074 22120 13116 18111 17763  9388 18577 20414]
4,[16076 19079 10739 15845 12851 22117 12178  2714 16654 22211]
5,[  846  7670  8795  7074 21654 11507 21720 13082  5873 21719]
6,[18705 17078 18367 19675 19603  4569 13811 19389 19659  2151]
7,[ 7462  5829  4424 16021  8343  2729  6260  6210 16130  7180]
8,[ 3211 14739 22595 20088 13607  5836 17342 14130  8715  2722]
9,[ 4888 15770 10881 10105  5034 18560 14607  4982  9685 13092]
10,[20344  5003  4200 13986  9325 16766  7768  7780  9388  1332]
11,[15226  7158 19992  4242 16915  8259 22493  5047 22498 17246]
12,[ 6061 19599   841 16932  4644 17430  4194 11773 11894  4548]
13,[22700 12747 15087 18292  5916 20881  1301 19870 19595  2720]
14,[ 7598 19497  3429 16916  6924  7466 19655 21265 21513  7073]
15,[11964  7478  8179  2740  8949 16931 19513  6784 11985  6532]
16,[10147  9483 18115 22211  2326  2714 12178 17753  1864  2716]
17,[12664 17249  6559 17974 10886  5362 17149 20287 13057  9079]
18,[19667 20108 20360 11022  2608 19941  4878  7728 16639 17931]
19,[17869 22621 23084 21702 21503 10778 21634 22709 21238 22645]
20,[ 2508  6972  9555 13155  8860 15881 16586 16989  6775  7558]
21,[ 1593 13141 20361  1638  6117  1937  6526 13140 19809 20102]
22,[ 1893  8432 11652 21288  3850  3851  3152 10391 17897  8713]
23,[ 2815  5751  8525  5311  7952  8966 15526 15215  6834 10263]
24,[21211 21828 15281  7822  6775  9146 13383  9814 16168 16076]
25,[ 9696 19018  8131  6034  2323  3821 19117 12683 22073 10933]
26,[ 7671  8965  6834  7952 20055 20560  3022 13692  3713  9074]
27,[13717 21458 20129  4110  3785  1614 10275 11167 19565 18040]
28,[18088 19590  6878  6678 16476  8362 10474  6220  1930 11252]
29,[ 4327 10618  9810 21703 15613  1344  6918 13652  6644 20810]
30,[16488 19737  5176 12947    39   897 16343 17143 10854  7517]
31,[18094  9960  2331 18100  1216 14315 22826 21930 21367  8840]
32,[15285 12920 10894 10638 20560  8271  6216 18125  5309 21995]
33,[ 6326 17341  3055  8880  6942  7661 11454 18432  6689 14575]
34,[12218 17843 19962 16908   615  7407  4860 22211   888 14676]
35,[13383 17226  1966  6775  4132 12566  1009  7822 19012  5736]
36,[ 1924 22563 18492 12357  8751  2510  6435  6363  2602  4994]
37,[ 9087 11314 13298 13311 13151 17813  6925  5769 13621 12709]
38,[11169  2716  2714 13985  2736  3695  5132 17234  2701 21394]
39,[14323 16447 19867 15870 15656 20053 10393 15308 16130 16315]
40,[ 8651  5051  4349  4745 15286 20206  9070 13834   785 19531]
41,[13930  6653  7806  5407  2357 11002  2141  8082 10106  8472]
42,[20016  7387 13064 10365 17334 22284 12106 12117 19244  3244]
43,[ 9632 13041 12123 11498 10511 15000  5659  2512 17786 18474]
44,[ 9459 21255 11867  3705 17752   900  8065 19100 19457 17515]
45,[ 4157 15601  3010  2729 16553  2707 11267  8343 20970 15656]
46,[ 8662 22790 13955 16544 16207 17220 16347  9751 13371 16757]
47,[21287  9597 14254 12495  5693 13467 20408 18623  7797  9670]
48,[ 8081  2151 19603 11523  8914  4474 14712 14018 17078  4615]
49,[ 8504 15777 21780 18858 15208 22309 21001 14368  4335 19137]
50,[ 7670 21654   846  9866 11988 21182 22115 13082  7774  7074]
51,[16692 10767  5571  3701 16691  5959 21387 12015 14680  5590]
52,[10106  4368  7806 19605  3670 13398  5902 12794 21308 12207]
53,[ 4032 16581  8783  6715  8197  9209 10510  5736  9469 13532]
54,[18576  1567  6446 16030  1485 14320 19004  5769  9693 17291]
55,[18879 17839 10005 20200  2512 13413 15582  6038  2444 14986]
56,[17519 18393 23080  8713 17880 22430 20879  5362 21907 10689]
57,[ 3438  3435  4779  2705 21211 20816 18764 11982 20129  2236]
58,[ 6934 15402 12600  9546 15507  6979  5177 18820  7030  8377]
59,[15342 16551 16510 20203 13955 16193 16347 19739  5031 16206]
60,[ 8145  9483 20523 11008 17180  8546 17843 10147  7407 10487]
61,[17178 14716 19193 11385 19377  8949 21790 11856 22923 16873]
62,[15362  8222 21069 21952  1754 16876  7765 16339  2905 13585]
63,[19050  1649 19947 11525 12228 10048  9628  3076  4147 10290]
64,[15342 16193  7550  7400 20203 13371 16820 19548  5736 16426]
65,[13811  4391 18758  4318 13791  9164 18597  8531 16273 22468]
66,[11488 16775  1968  4836 18274 14739  4059 19548 13104  2695]
67,[ 5622 10071 11528  4969 13822 12924  8817 15746   925 13994]
68,[ 5655 13577 13039  9814  9322 20677 18040  3735  8481  6689]
69,[ 7207 10119 16233  7246 13623 15823  7019 12798 11768 21453]
70,[ 1683 16295  4093  5015 15644 22611 13120 13955 16223 12648]
71,[13451  5644 18597  9467 20713  4391  4745 13811 11741 21447]
72,[22115   846 13082 18364 18612 18606 10839  7670  7074  5873]
73,[15771  4445  2610 17296 22551 16930  4978  3192  7550 11358]
74,[ 7628 20326 20837 18819  1924 11629 19545 20669  4924  4582]
75,[18695 19036 10739  7822  2245 17772  3198  3631 11740 20356]
76,[14132  3744  7220 16031 11402  8906  1136  6003 14967 17549]
77,[13383  8630  3269  8530 20603 15997 17341  2623  7071 13550]
78,[ 3851 10830 19047 13706  3850 13007 17897  8212  7767  9067]
79,[16193 20964 15342  3029 16295 13017 20203 16546  8833 13371]
80,[20756  8218 19826 10489 15830  8617  6849  4216 12718 16858]
81,[ 5874 15272 16591  8228 16569 16518 10870  7182 21620  6261]
82,[22099  6591 23144  1930 18158 14849 22721  7846 20568 17034]
83,[ 7400  5736  7550 16193 16564 17317  4051 16820 14063  8197]
84,[22113 21979 10100 20862  8100 19250 14863  9129 19711 11552]
85,[11959 21809  3359 15596  4313  5808  7202 14559  1201 14325]
86,[19027 21770  5751  5942 14457  7541 18849  6216 20055 18879]
87,[ 3705 17753 12737 13519 21012 11501 19298  5428 11362  9349]
88,[ 6229 11315 23069 19162  2824  6335 13611 22667 12103 16802]
89,[22756 20701 13635 16510 19940  2313 11358 17245 12425 16551]
90,[ 2607 18664 15966  2083 21453 22684 13623  2064  7472  1548]
91,[ 5052  8459 13371  3453 20964  4975 13017  6854 11488 12789]
92,[ 7124 21406  3203 10698 10696  9407 22391 17728 15792 10692]
93,[ 2695 17059 11358  4601 16510 19242 19989 16930  2381  4445]
94,[18577 18156 22353  1680  5930 20876 22433 18387 10528 14409]
95,[21287 13467 15928 22018  8091 17872 14254 22199 12230  3921]
96,[ 2025 13810  7655  2236 19064 13684  8591 14967 13978  4717]
97,[18470  5460 20698  2701 19198  4689  1051  2476 17714 14065]
98,[12874 16372  2707 18313 16427 16399 13879 14205  1594  6091]
99,[13793 15342 12789  3012 16510 14063  7635 13371 16193  8459]
100,[ 5335  9352 19298  7407 14680  2714  5495  5882 19288 16168]
101,[ 5036 20741 11157  8518  1183 10618 16556   307 18240 22519]
102,[21466  3615 14308 17832  8274  5469 19822  9001  9960 17516]
103,[17382 22203 12366  7176 19196 15112 13257  4111 10339 19287]
104,[ 9662 16591 10870  5874 16569  4333 10852 16289  2207  7885]
105,[12218 16908  1110 17843  7407  5882 19962 19098 17782 14676]
106,[22667 14928  3089  9322 22452  8822 13631 18760 13700  2310]
107,[ 4691  8495 10960 11826  9450  2061  2790 15107 18125  7144]
108,[16498 12938 20239 17730  4864 13114  4195 20665  8608  8240]
109,[18612 22115 13082 10623 22117 22800  7407   615 16168 17180]
110,[13155 10126 13169  9883  6229 22478  7663 12180 15073  4213]
111,[14428 16238 21443  5729 15966 16207 16333 16495 22351 22452]
112,[22689 16994 10090 22305 10837 20725 14376 13434  1267 19544]
113,[ 9514  7080  2381 17059 10207 11109  1435  5836 18664  8051]
114,[12863 10118  6261 15272 10870 16291  5874  7182 13550 16518]
115,[ 7525  6091 13550 15943  7019  9695 15823 16291 14205 20790]
116,[12151  8047 19012 19295 21047  9380  3035  2508  3677  1069]
117,[ 5184  6235  3760   627 21957  2330 12179 20823 14856  5437]
118,[ 8895 11418 19162  4196 18217  1806 16802 16639  1714  4313]
119,[21713 20621  6458 12717 20063 12651 21053 17100  7196 17422]
120,[16143 19581 15622  8091 15587  4871  4237  4949 19734 12731]
121,[16518 16289 13879 21620 16440 14205 10852 16569  2707 16317]
122,[  994   787  5047 22204  8000 14752  7122  8387  1171 17628]
123,[15854   864  6671 19826  8145 10432 16099  9146 14851  8993]
124,[20970 16724 16757   892 16241 18602 10965  4969 16044  8683]
125,[ 8131  8100 17405   290  7955  9550  2740  2635 22600  5346]
126,[22507 16986  6503 16544 16376  3860 16020  1943 13018 20149]
127,[13845 11467 10803 22557 14021 22641 10304  8489  2152 22667]
128,[ 2700  3055 11863 18089  3203 16686 11022 14231  7118 16792]
129,[16757 13017  5736 22790 17220 16193 13371 16820  7400 13955]
130,[ 2083 20080 13969  1866  2383  5050 12234  9820   784 16792]
131,[16791  2151  6695 14004  2346  7721  2943  2185  4689 11516]
132,[ 4179  2053 14327  4821 19735 13374  3430 22538  5469  3743]
133,[10510  4032 16581  8783 12874 12945  9209 10119 11461 18995]
134,[17056  3229  4041  1716 18543   924  4756 20665  6045 16432]
135,[ 7406  3090 13126 11985 17398 10971 23000 20636  8859 13746]
136,[20056 13777 13654 15944  6233  8476 12600 15699 14735 20823]
137,[14291 18465 15521 15087  2147 13031 14526 20360  1579  2251]
138,[ 4049 10776 16253 16452 12304 22104 14389  3120 13981  1488]
139,[13458 13964 21359  8769  5666  9165 21358 15253  7175 13828]
140,[20892 14205 15943 12955 11508  7525 15392  8605  8662 12888]
141,[19528 14923  9987  5530  9665 12781 14959  9620  5387  7043]
142,[ 7765  7989  2619 18926  7309 14127  6854 21454  7728 12529]
143,[ 2680 20596  1927  1300  5460 11123  4200 13986 11539 21916]
144,[12667  5874 12863  6261  4388 10870  4333 12535 16591  3359]
145,[19831 15839  1924 21774  2705 20676 20880  3120  2314 17291]
146,[13207 12679 12938  6532  2677  8608 19513  5921  8560  6586]
147,[11513 16550 19811  9752 14179   846  7426 15081 20789 12286]
148,[10133  2608 18629 19667 10104 20747 10989 20360 19383 16135]
149,[ 1576  7213  5003 14320  1927  1305 21777  1553  2680  2257]
150,[ 9164 15068  9020  7566 20709 14389 23160  1212  9549 16768]
151,[13463  5040  6365  9390 17405 11552 20290 16880 12717 11101]
152,[ 4994  1690  1871  3845  4544 20484  1692  4737 18574  8895]
153,[13706  4224  3851 20153  3850  3859 20152 20900 11955  9067]
154,[15746  6607  7220  7635  5470  8134 11723  4940 19548  6003]
155,[14073 23033 17363  9767 20261  5671 13586 15408 18614  9735]
156,[ 1734  1305  3789  1575  4648 22575 14408 16188 13052 11123]
157,[ 6744  1760  1617  4203 16450 11059  7951 11536  1762  4865]
158,[ 6878  2384 17013 12550 13146 21868 12248   779  1362  5447]
159,[23160 16768 13162  1980 17640 13057 19831 20879 21058  7291]
160,[ 6591 14849 23144  1930 22099  6255 18158 22721  7846 20282]
161,[ 5919  7411 10086  1859  7160  2597 15180  4776 14875  5865]
162,[15066  8527  6542 15494 19355 20837 23145 14462  3931  3370]
163,[ 2701 11479  2716  6359  2233  2476 10217 16188  2736 13985]
164,[ 1571 20344 16188  4249  6359  1013 13116  9515  9325  2716]
165,[11519  8368  9377  2222 14113  6000  1227  4069 16746  8185]
166,[11261  9366  1418 13926 12190  5717 21265 10165 17350 12546]
167,[17961  1303  3292 19222 20844   880 17516 15189  7439  5385]
168,[ 6440 19989 13044 19990  2722  7015 11304 21977  8953 20351]
169,[ 2510  5930  6972  5711 22472  2118 20876 18103 20171  2137]
170,[15791  2559 14769 21685  2194 13060 14245 13617 22530 10125]
171,[23162 19250 20468  4792  1930 11780 15252 15044 22037 22113]
172,[20144  7807 20862 14863 17395  7699  2144  2198   898  9770]
173,[15904  7426 11310  3728 10945 14943 11267 16125 16315 15830]
174,[19080  2623  3668 21871 19283 22318  2936 16686 20356 10696]
175,[16120 11721  8527  9025 16690 20666 21160  3262 18094 22033]
176,[ 9732  7033 16134 15980 12369 13024 11488  1968 19727 16422]
177,[ 3705  5882 12070 19244  9349  1110 17410  2714 13519  7755]
178,[14408 10494  5412 17714  2716 12507  1013 19244  1036 12408]
179,[13577  3374 19980  3728  5874 20603 22479 19324 21803 13459]
180,[16544  5907 16820  8833  7635 20149 15342 16757 16193  7400]
181,[ 2418  3453  1968 20196 15357 18051 10846 19516 11025 20210]
182,[18870  9860  8906 20034  2717 15174 22284  6749 19134  2714]
183,[ 3986 10313  1608 14928 13955  1696 19989  1814 16876 22482]
184,[ 4764 21061  9727 20216 20807 17885  9596  5648 19616 22330]
185,[ 9677  6922 12858  3218 11725 14227  8412 12373 20875 11475]
186,[10071 16285 11740 13994 19548  5736 16347 17245  2077 16044]
187,[16099  3705 10416 10147  2326  1110 11362 22284  5193 14680]
188,[22452  7179 21069 13700 19316 18210  2552  1316 13968 15362]
189,[10237  4287 13470 11038 19022 22458  4955 21843  6781 19583]
190,[ 2907  9103 22475 17763  2466  2508 19080  3203 17772  2936]
191,[ 4482 19082 19086  3975 21258  6742  6121 17760 11672 11107]
192,[13978  4016 19447 14875  9700  7247  2236 15379  7950  8992]
193,[ 7068  9141 13039  6725 16616 22049 16518 20790  8630 18425]
194,[22211 19298  5480 19098  5882  7755 12070 22117 16644  9349]
195,[16130 16371  2729 16241  4870 16506  6210 20970 11033  7180]
196,[16705  8822  8987  4717 16440 13039  5655 16467 16347 12797]
197,[ 8167  1751  8192 12787  7482 12622 21064 16736 15890 21703]
198,[20794  7988  6042  9945  8141  9101 23021  5454 11245  7288]
199,[12189 14700 19134  8008 14645  5193 19308 20016  5430  3705]
200,[ 9321 18733  8927 11740 16017  9133 11723 22588  9799  2019]
201,[22211 22117  7407  5480 10633 19098 12178 11008 18115 20523]
202,[ 2346  2151 17068  2185 13394 13686 14004  3244 17466 18627]
203,[15172 17797 21308 15027  9924  7587 13930  5334 12833 18555]
204,[18060 13793 16333 17220 16757  7928 17317 16044 13371 16193]
205,[ 5930  6775 22475 18902 21174 10353  4592  4119  7985 19012]
206,[ 8121 15049 18182  3947 20134 15904 11476 11656  9123 15893]
207,[20433 16239 14127  9963   910 18926  3968  7765 13562 21454]
208,[ 9686  9550 12087  5040  6365 22113 17405  9390 21926 11101]
209,[18625  4481 19162  7180 12736   843 10653 16639  7627  6210]
210,[13007 19047 18603 16912 21592 10776 10830  4550 13981 16241]
211,[ 2714 19244  5882  2716 17714  2717 17410 12070  3705  9349]
212,[ 2151  8827  4569   859  1664 18627 18367 16791 11460 19603]
213,[ 3536 12772 21868  3457 12794  3670 19605  5403  5558 21308]
214,[ 2963 17391 17381  2152 15477 11086 10304 21638  6230 21300]
215,[10714 13996 22170 12306  5987 21557 21299 17778  9381 19881]
216,[21375 19180  3677  1440 19080  7780 10438  8047 19525 20344]
217,[16427 10139 16393  3235 17844 16390 16372  8837 16517  7182]
218,[16518 15601 16440  2729  7182 16767  8228 20790  7068 10118]
219,[13985  2717  2716 14408  3123 10289 17234 10217  2476  2714]
220,[20523 19532 22117  2714  7069  4512 11456 13082 16168  8816]
221,[22995  2395 22431  2357 16277 13992 17249 22921 21875 18393]
222,[ 9627 21703  9810  4382 10618 20796 22293  2613 10304  3390]
223,[16347  8987 16467 16544  5736  8822 20970 17220 16705  5655]
224,[ 1449 12491 18554 17453 11763 13076  4031 16500 23002  4681]
225,[17234 10217  1036 13985 14408  2716 10289  2717 13686  2701]
226,[16120 10400  6972 19644 22478 20623   840  8860 21794  3095]
227,[13981  3862  3859  4967  1859  4550 15451 16253   925  3858]
228,[16876   332 17122 14067  1638  1132  3986  8051 13700 22482]
229,[ 7390  7810  4953  3978 20677  8659 10344 20603  1640  4149]
230,[15665 10126  2764 11125 19644 21919  8267 18465 16681  2510]
231,[ 9808  1325 10371  6435 16453 10101 14297 20881 18000  1851]
232,[16020 20756 18995 16506 20192 20970  8351 15915 15923 20396]
233,[13490  7601  6440  4565  3209 18217 14216 22725 12569 20041]
234,[18156 22433 22820 14318  1947 11363 20433  1638  2871 17362]
235,[ 4248 17931 14790 10285 16223 12480 22506 11345  3809  8752]
236,[19496 21606 10893  4326 20778  8305 13926  2372 16294 17972]
237,[12945  6715  5736  7550  9469  7400 13017  1966 16544 13371]
238,[ 8459  3012 10989  1683 19940 10207 11358 16510 14063 20701]
239,[19866  7123 16031  3074 17362  1254 10673 15073 19633 10528]
240,[14790  4248 11345  7957 17931 13120 23093 16223 22873  9067]
241,[ 9119  9447 18040   309 15073  7235  6672  7247 22370 11167]
242,[18109 15164 19680 19617  8650 17944 13992 21869  1208  3982]
243,[11101  4594  4946 15511  2696 13463 20813 17100  2460  9719]
244,[ 3744 10486  8203 18899  8906 18926  8134  7220 17037  1752]
245,[13007  3439 18366 10151 17519  7462 14466 15767 10776 20879]
246,[22721  7025 17034 20568 15925  6591 17120 11298 14849  2938]
247,[10357  7376 21869  6690  2428  9954 20358  6233  2357 18555]
248,[ 9875  6259  9510  2322  9225 11593 11959 17797  4230  2503]
249,[ 8953 14526  4093 20360 18603 21060 21592 15087 18728 13044]
250,[18627 18764 22478 10026  2038  2237 14004  7828 15662  9336]
251,[15501 17372 13976 16001  3111 21606 19021  2833 21980  9929]
252,[13800  2110 20876 17188  8349 21174 17342  4322  9660  2508]
253,[20935 18555  9924  6631  2928 18692  8472 13930 22739 15323]
254,[ 8906 15388  8632  2335 11402 10026  4757 19391  8391 14149]
255,[14937 18237 17459  5735 12505  7586 13426 11736 12544 13052]
256,[19866  3074 17362 18156 22433 16031 10083 21452  3866  9789]
257,[ 1567 22428  2684 19383  6422  1553 10855  1662  9692 18738]
258,[ 2233 19602 17793  4200  9907  2714  9325 20829  2701 16685]
259,[13082 18612 22115 16168 22117 10425 16883   615 17843   846]
260,[ 9087 13311 11314 13151  6925  8688 12709 13298 12479 22722]
261,[ 2812 15966 18664 13647  6226   628  1548 11282  2064 20080]
262,[10747  2011   615 22115  4675 10186 10808 11476 12994 10993]
263,[ 2956  6210  4870  7627 10153 15446 17727  7180  4366 22667]
264,[16556  7232  2824 20651  1743 14067  1615 22817 22519  6335]
265,[10766 19552  4913 19342 17647 18968 23028  5409 10764 19133]
266,[22753 10119 13623  4032  9209  8351 10510 16581 22614  9824]
267,[18366 12740 15767  8713 17519 22104 16253 17055  4876 18603]
268,[ 9002 12754  7473 17163  9948  7946 20665  8436 10971  8258]
269,[16537 20550  2679  4100 21572 15970   924  6360  1613  1880]
270,[ 8299 20202  6972 19004 19012 10071  6775 16205 17291  8860]
271,[ 9907  6427  2233  1051  7768 10690 15039  2714  4669  6225]
272,[22722 13625 22292  7122 13044 21702 19287 21634 21184  8308]
273,[15511  1637  3390 22293 20813  9574 16045  9627  2696 17996]
274,[10937  7242 12697 12468  9165 16125 10799 20286 16289 21981]
275,[ 5574 20102 19865  9925  4941 10520 19809 20606 22644 21423]
276,[15632  1966  1608  3269 16402  7362 20964  1509 15997 12798]
277,[  620  1461  9467 13854 22758 22549  2547 15575 11274  2195]
278,[10301 14828  3370  7424 12439 18088  4092  7819  6335  9664]
279,[11017 16355  9901 16345 10011  1453 19640 13873 15821  6125]
280,[10690  9325  9388  2245  7780  5470 11426 12130 19602 16766]
281,[21214 18387  2947   786   787  5047 17246  7044  8717  1171]
282,[12501 20149 17193 16820 14023 13800  3212  8833 12984 13017]
283,[ 5031 16510 20701   890 14063  7015  4051 16551 15342  1684]
284,[10494  1036 12408 10923 10467 10426 17234 14408  1864 13436]
285,[20829 11442 12729  4200  6446 13727  5461  6693  4940  3013]
286,[16716 23041  3536 21836 21139  2161 22808 10301 22626 14607]
287,[ 4550 21592  4967 22111 20757  3851  5215 20202 18603  7257]
288,[13955  8662  7535 13371 15193  7248 14428 15392 15446 10905]
289,[19667  6210 13743 15616  7105  7180 17931  4366 10965 18460]
290,[ 3382 11285 18522  7886 12509  5830 18885 16200  5693  4893]
291,[10393  2707  1594 12874 13879 15600 12566 16399 16289 16315]
292,[ 1305  2233  1575 13986  1734  6427  7768 20344 14408  1051]
293,[12888 12881  6456 21793 12867 12855  8876 16427 15693 12010]
294,[ 9505 11057 14034 20219  3045 20950  3044  2635 10413  3416]
295,[ 8400 14317 10460  1422  5716 20642  6859 10450  4667 11698]
296,[19047 13007 16912 16241 18603 10830 11033 13981 10776  6210]
297,[ 9700  3089 16371  4870 22790 14292  9902 16207  3453 20977]
298,[14875 18430 19447 23040 16986 14997  7247  7602 15227  4776]
299,[10391 20925 22104 12551  2314 21774  3120 17190 13162  7554]
300,[ 8138 17256 16130 14268 21288 16286 11532 16912  2339 19994]
301,[17351 20751  3837  5412 19244 14676  5035  9433 10289 20143]
302,[ 9700  8605 13104  7248 20977  7124  7661 15392 15976  3087]
303,[14768 14327  4179  4821 21732  8092 12995  3430  3743   914]
304,[16347 16757  5736 19667 10071 11100 20970  7514 12501 16193]
305,[ 4182 20487 16634 19444  3165  2543 19897 11285  7573  3984]
306,[21288 20527  2720 11998  7923 12000  2511  3850 12133 12003]
307,[ 8605 13039  7248 20603  5048  7068 13550  7071  9322 16518]
308,[12610 15988 20586 15790 21579 15920 11006 15940  2224 22442]
309,[21396  9370 18212 19205 15112 10709 16678 12132 18569  2624]
310,[21862  8839  3862 20199 15790  3814 18020 20208 18597 11092]
311,[21793 16074 21031 10937  4960 12878 13550 16341 18381 14365]
312,[22322 14979 16676 15378  7176  2396 18610 15077  2186 10915]
313,[16724  8197 20418 18602 19740 18210  9469  7550  2999  5736]
314,[22551  5907 17970  4445 18733 21630 19739 16930 17367  4969]
315,[ 1926 14376  6309  1680 17763 18974 22028  8074 21226  9388]
316,[12557  4427 13470  1160 15022  2502 21843 22458 21221 13435]
317,[ 2639 20964 16207 15632  1608 14428  7581 11768  7207 13371]
318,[16017  9321 18733 21458 16524  4013 11740  2021  8218  4669]
319,[16544 18274  8833 16757 23014 10946 16193  7550  7400  7635]
320,[ 7066 19965 20431  7939 11964  8573  7478  6211  8179  2704]
321,[10391  2314  7554 12551 23160 20925 10776 22104  6112 13162]
322,[19204 19189 14240 20143  7825 22829   599 11982 19693 16217]
323,[21868 12550 17013   779  2384 11592 21477 13146   657  3204]
324,[ 1599  2890  1923  6255 15047 12620   307  1563  8362  9002]
325,[  825  4446 13289 10739 12851  2699  3665 21384 19210 19302]
326,[14132 19293  9877  7739  3635 12028 17140 20414 21607  5450]
327,[15374 19117 11797 15066  9263 20736 16776 19132  4921 17248]
328,[16125 15656 13526 16616 16315  4157 10937  2707 15601  6725]
329,[ 2916 10680 19162  1890 11252 11467 22370 17307 23069  1940]
330,[ 8351 20418  8617  9000 15531 18602  9469 12231  5655 13039]
331,[ 1082  7460  9383 22284 19308  6749 19185  4794 17803 15056]
332,[22725  7578  9138  9839  1484   980 12939 13098 12569  4092]
333,[ 9087 13151 11314 20881 13311 22722  8688 23041 21748 20950]
334,[ 7400 20396  9469  5736 16376 16544 16467 12571  6715 15747]
335,[13661 16217 18974 18184 20205 22820 14318  1963 14386 12397]
336,[ 4424  6210  2729 16241  6771 13007 16912 20970  2314  1935]
337,[ 4132  1966  7362 15792  9324 11022 16334  1509 20360  8197]
338,[ 1305 13986  4648  7213  1576  1734  1256  4200 13714  2700]
339,[14004 11516  3244 17905  2943  9975  7721  7624  9914  4168]
340,[ 1927 18460  1692  9935  1567 15616  4737  7105 17291 18576]
341,[19134  9400 21265 16031  2717 20990 19308 20546 21143 11501]
342,[10391 20925 12551 21774 22104  2314  3120 12250 17190  7554]
343,[ 4032 20418 16578 12590  8351 10120  3270  9209 15942 20715]
344,[16111 13015 11734 22355  4728 19027  9752 11891 20859  8993]
345,[15446 10151  8496 16241 10252  6210 22506 14790 19765  6771]
346,[21592 11345 14790 10285  3851 19047 18603 23093 16912 16223]
347,[ 3652  2795 19248  5571  5714 11757 14769  7017 12960 12125]
348,[14092 16553 15904 15893  6982  5026  4157 19027 15656  1897]
349,[16467 20418 20970 15923 16769 10965  5736 16139 22764  8197]
350,[10638 10894  8271 17339 15670 15285 13692  6596 20560  6734]
351,[13082 15904  9752   846 11507 22115 10977  4078 21720 18612]
352,[ 2083 13532 11001  4032  8197 18684  2406  9133 17965 14033]
353,[ 9138 21214  6903  2137  7989  5930 13665 16126 15100 11459]
354,[ 5050  5421  3172  8134  1547  2820  2630 21226 20835 18385]
355,[16267  6259 11959  5422  6172  7723 10940  9875  3928 11260]
356,[20153  2439  3850 11225 23158  4836  4892 23014 23128  4550]
357,[19989 19940 10293  2381 16510 11358 17059 10277 19990  3222]
358,[15923 18995 20418 16705 18602 20970 17220  9469 16467 20396]
359,[11740 13994  4200 22588 17793  8299  3083  4445  3082 21630]
360,[ 4669  4200  2233   868 20829  1567  2680 22269 15739  6422]
361,[18760 13459  7966 14928  7224  2871 19672 18040 13631 15651]
362,[12326  3049  7199  5635  3385 11313 12890 16247  1596 19953]
363,[ 5411 21961 19342 18968 17647  6335  9555 17651 12730 11780]
364,[11780 17915  4749 21181  2396 23006 23162 14034 21836 22113]
365,[15739  9814  6225  3198  8816 18470 19198 16552 12718 13810]
366,[14023 15773 17059 17227 10207  2722 22475  2519 20142  4445]
367,[17843 19962 12218  2346 16908   888  2185  5412 10289 18627]
368,[12472  9469 20498 16820  9751  3735 20258 11740  3631  3082]
369,[22126 21265 12457  6675  9253 20775  6613  5672 14700 17836]
370,[17362 22820 22353  3074 18156 20333 14409 11363 10528 14981]
371,[ 3865 19027  4157 10945 11476  6982 15656 17630 18463 14330]
372,[11705 16329  1869 18298  2084  1293  2122   711  6176  2500]
373,[14065  8816 17714 16766 22284  2716  5412 16524 11643  1013]
374,[14318  1941 16789  7985 16217  5930 18398 19383  1614  9447]
375,[ 8341  6849 16376  1746  3735 14575  9814 16460 16399  2201]
376,[ 2076 17730 22818  2319 10431  4756 18130  3229 10221  9505]
377,[18631 17178 10983  8949  7946 22037  8179 22600  6678 14716]
378,[ 9146 16089  3832  3705  2326  6794 13240  2304 19019  1652]
379,[ 6250 20208 10391 18705  3858  9164 13791 23160  6112  9020]
380,[16639  7180 16371 22452  4481 11425 16207 22667 21443  4313]
381,[ 5622 18398 12285  4399  6896 17037  7928 12166  1547 21683]
382,[18145 21734 12917 20286 21768  7125  7242  6974 21073 15670]
383,[13727  6693  6775 20498  3353 20034 11539  2764  4200 20223]
384,[13458 15253  7242 13828 20840 12697 21981 20999  9714  3469]
385,[  859 16791 18367   624  2943 19603 17078  1664  2151   597]
386,[21734  6834 13692 20200  7671  6734 18145 20560  8271 15670]
387,[ 7247 11432  2662  7124 17152  5573 19349 21069 17227  7248]
388,[ 2684 19080 11363 13116  7787 18156 21763  3451 10083  4741]
389,[ 2210 18430 18552  4776 10790  5689  7242 12674 22479 16855]
390,[ 2736 18115  2716 22211 13985  9325 11169 17714 11426  2714]
391,[21768  7671 12917 18145  4621 15670 21888  9486  6834 13692]
392,[16855  8141 14997  8933  6974 13555  7655  3079  5826  9580]
393,[17777  8068 12162 15666 10646  7978 20070 19307 19297 16700]
394,[10694  4721 15357 13294  1701 15356 12153  5850 15406 20886]
395,[22211  2714 12178 16076 18115 17793  8816 16766 11501 17773]
396,[19103 14651 16756 19249  3699  2011  5430 10263 18578 18606]
397,[ 7554 20192 19565 15904  8683 16552 11656 15893 13810 20129]
398,[ 3244 10217  8375 12029  2476 10289  1036 16696 17234 19130]
399,[ 8937 17362  1680 11090 18974  3335 20725 19821 22820  1926]
400,[ 7817  2722 13585 15446 11432 14091  7247 10465 17254  8051]
401,[ 2626 18331 12796   957  2416  2866  8859 16928 18495 19377]
402,[21211  2236 19962  7622  5690  3435 19227  3438  9814  4779]
403,[14972 13007 23094 22430  9706 10620  6771  3862  9771 10830]
404,[10506 11958 13049 16556 18240  2877  2613  4922 10618 10441]
405,[22475  2947  3203 22353  2907 12339 20333 18156  3074  6267]
406,[ 7248  9751 15342 20149 10313 20964  5048  2201 13017  6715]
407,[ 8481 10153  4424  2729 22938  7732 11734  6210 20215  9429]
408,[15904  5178 19679 22276  9146 13082 20789 10977  9752 11551]
409,[22460 22351  1960  1638  1949  6526  1569  6117 22452 13574]
410,[ 1717  1069 14291  5552  1941 20747 19180  2176 18729 19383]
411,[22433  1680 20625 14409   953 16188  4757 12121 18974 10229]
412,[21953  7931  4015  5180  7283  8544 21583 20723 16413  8613]
413,[ 4800 19679 20789  9937 13945  7426 11551  7973 15904  5178]
414,[ 2052  2964 18167  4099  6080  9771 20961 22958  6312 19726]
415,[14680  4512  5597 18115 15915  6830 16766  7387 11809 10147]
416,[22356 18463  4477  2116  5360  3435 15942 16208  2707  8551]
417,[13394 12061  7624 17068 14004 12987 19308 13686  2346  6626]
418,[16182  7573  7119  3969 15587  8487 10672 16094  8786  4182]
419,[14997 13577 16986 14875 10739 14597 16855  6537 13104  4149]
420,[ 6459  6615 14943 10033 22156 18674  5992 16855 13814 12468]
421,[ 5367 18562  4368  6367 10106  5902 22995 12656 13974 13398]
422,[13082 18612   615 22115 16883 17180  7407 10623 16168  4860]
423,[18603 21592 16899 19991  3095 20202  5403 20757  7257  8953]
424,[15081 11447 22801 14245 22156  7068  7708 14943  1943 13526]
425,[22551 16930 18465  4093 12479 12648 20701 18567 22756 15771]
426,[20623  8860  3095   925  3262 16930  6972 22478   840  3672]
427,[13968 14063 13371  6942  1941 17772 13464 15342  7118  7550]
428,[10674 22350 17199  3074 22820 16395 11090 10673 19497  6258]
429,[ 9864  4691 20266 21768 12063  5783 17095  9405  7294 10883]
430,[22637 23062  5453  5375 20070  5864  8037 19136 16658 18171]
431,[ 7015 21060 10207 16930 16510 11358 11528 20360  1696  2381]
432,[20498 23146  9789  3143 22461 22588  7120 13969  2684 17037]
433,[ 8037  6684  7061 14601 17758  9058 23062  5453 17777  7587]
434,[ 3435 19735  5196 20340 22430 16161 21211  5690  6250  1336]
435,[22616 15927  2067  8663 18109  1494 16120   808 10400 10151]
436,[17064 22073  5471 15539  1659 17927 23162 16681 19250 17034]
437,[ 3364 12841  8653  8650 18126 15164 17453  5813  3996 22431]
438,[ 1662 22428  2684 13855  6728  1553  7781  1759 10083 11037]
439,[ 3244 20016  1036  2346 13686 10494  8827  7721 17714 17234]
440,[15664  6207  5449 17282 21389  3738 15944  6061 15872 13376]
441,[ 9450 19876  5213 13913 14361 16907 13658 20206 17177 20935]
442,[10893 20229 11018  4283   984   701  1029  5033  9093  1905]
443,[14975  7942 12216 18028   711  9240 10654 20152 14889  9209]
444,[20405 20833  1057  2018 12627 15837  6220 10653 13895  9482]
445,[ 5332 19285  1072 14667  2439  5840 23158 16457  2323  9804]
446,[ 8882  3741 11504 17083 12367  7485 17653  7697  4224 22990]
447,[ 4485 10141  8242  1910  1724 18046  4338  4153 20170 11371]
448,[18576 11100  6824 15616  4051 21683 18733  1941 10071  5031]
449,[16850 16458  1563  2890 17257 10105  8910 16733  6255 15889]
450,[ 4915  1482 18004  6710  6111  1955 17900  7597  9288 17213]
451,[21443 16569 21620  5312 13253 22049 16517 16289 16393 11387]
452,[ 7768 16766  8816  9907  9325 20344  4671 13986  1332 19602]
453,[ 4013  3198  2329 13464 21052 22764  6942 12285  8197  7400]
454,[ 9830 18190  5331 14997 19079 10663 16263  7220 15388 15073]
455,[16168 13082  9814 11551  4512 14298  6849 16268 10945 12718]
456,[20597  2381  3222 10989  9514  1617   915  1760   332  3040]
457,[13135 23158 10654 20153 23166 23157  5413 12099  9804 14144]
458,[16851 21774 17055  4924 12304 19831 20676  2705 18100 20816]
459,[13635  2406 19242   784 12234 11358 12425 22588 13532  4601]
460,[ 2714  2716 12178 21394  9368 17714 12059  4689  5460 19532]
461,[16021 16371 21443 13509 16130 13253 13575 16573 16440  4870]
462,[15773  5836  4975 19349 15316 20606 21009  3211  5661  5415]
463,[ 7199  1596 17362  4132 11748  7787  1594  7822  3385 16578]
464,[15476 17651  6653 12833  1368 15303 22090 16274 11002 11188]
465,[16912 19047 18603 13007  8138  3851 16241 10776 16506 11532]
466,[ 3262  6607 22478 18764  2236 12304 14296  6972 16120  2705]
467,[11528 12480 14730 19553 10071 16223 21630 17367  6824 10473]
468,[ 9133  8197 16017  9321   784 22588  2019 13532 12234 20080]
469,[15176  2439  5999 11162 11225 14340  9868  9804 23157 14554]
470,[12499  4737 21458  9967  4669 13717 15739  1567   868  6422]
471,[20308  7775 17253 16249 14056  2709 19948 10184  6695  9855]
472,[19135  5455  5841 15080 12075  5456 12153 12184  9384 21261]
473,[22700  7591  9055  1008 12898  2764 22551 21919 19644 22478]
474,[20308  6210  8095 19948 18823  4424  2314  4366  8781  4544]
475,[ 7167  3533 15080 12116 14696  1286  5497 11396  5841  1495]
476,[21009 23028  1011 14023 14878 14739  3453 22794 18908  5836]
477,[ 8637 10245 18443 16579 20208 20709  9020 10085 10049 17396]
478,[22461  2021  4194  8102  3789 10238   894 20034  1400  1392]
479,[10071 17256 11715 21592 18603 12480 20925 22680  8085 13621]
480,[16426 13635 19548  2313 19242 17245 12425 12789 12234  6928]
481,[16696 10217  2716 12070 16687  2714  7755  5429 16644 12029]
482,[ 8501 12733 13051  5411 11971 11593   742 21180 11953 17647]
483,[ 7068  8228 20603 13039  5048  5655 14943 16518  7602  3728]
484,[ 3027  6045 17398 17056  7406  8258  1697 18543 21541  1716]
485,[ 2339 15616  7514 20970 10071 16724  7928 21582 18602   892]
486,[20970 21683 20215 16496 16241  7627 16506  7554 16514 16371]
487,[11369 16247 17965 11001  4032 11461 16399 15600 12318 14033]
488,[17135  8121 11092 15049  4293  6611  6576 22523 15967  1998]
489,[ 5411  7232  2963  6230 10803 18968 19342 17647  3359 17294]
490,[ 7755 10428  8145 13519 16089 17753 16031 20625 10426  9325]
491,[18115  1864 22284  1036 12987 13686  2717  9349 22211  2716]
492,[21037  6607 16789  8203 10486  5653 21454 10376  5622  4592]
493,[16883  6669  6611  6671 14020 11507  8577 19780 13082  6576]
494,[20760  4097 17675 20807  5648 20216 21061  9596 17885  4502]
495,[16551 16510 22756 14063 20701 16193 11358 13635 16426 12648]
496,[16241  4892 16544 16383  8649 20485 16757 20153 10830 13017]
497,[ 9341  8037 17758 22637  5453 17777 12600  6631 23062 16658]
498,[16581  9209 10119 16564 12590 13017 12945 16820  4692 12234]
499,[ 2151  1664  6695  2346   597 16791 17466  2185   624 10004]
500,[10391 13981  6250  8618  1893  3858  7554  7462 10776 13007]
501,[ 5751  4179 21670 10574 15215  4349 15495 10597 22627  7541]
502,[16559 18985 10507 19161  8481 17353  2940  5355  7574  4472]
503,[16315 10937 16289 14205 10393  5048  3860  8649 16569 13879]
504,[20290 13463  4594  1560  8078  6005 11101  2696  7954 19002]
505,[14465 15970  9505  1613 18630  1617  7975  1760 11353  3044]
506,[21256 14677 14680 21654 14020  5873  5851 12960  7774 13060]
507,[13458  7242 13964 21359  8769  9165 15253 14245 13828  4960]
508,[17086  5558 13155  9647  3209  3536 21303  7819 15927  3095]
509,[14881 16452  3152 21288 20925  4049  1893 17190 11531 13981]
510,[16553 22996 15904 11267  9814 15893 20192 12663 13015 20134]
511,[16553 17353 22093 16129  5829 16447 16559  8481 15879  4386]
512,[ 8218 12718 16154  8617 16522 20418 14851  3270 16705  4032]
513,[18597 17396  4745  4821 21862 16441 12995 22468  9070  4391]
514,[ 8900 13426  2257  4200 19081  5735 23146 13298 11029 12544]
515,[ 8197  5736  9133  7550 10855 13532  8927 22588 16564  4051]
516,[17296  4177 15771 12028 12694 16227 17763  1875  9480 12234]
517,[16550 14535  8038  3674 21927 10715 14245  7630 10847 16660]
518,[11488 18973  1968 15980 15948  8373 14741  2439   925 23158]
519,[13120 16295  8490 16449 18246  3212  3746 17931 16223 16564]
520,[ 3858 10391  6250 23160 21058  1442  3859  7554 10776 22355]
521,[20713  4391  5751 10808 10263 22359  5311 21898  4821 18597]
522,[10004 11982 18764  4110  2237 13158  8375 13614 20129 21458]
523,[ 7472 13623 15824 16402 19369 15632 16113 16295 16305 18684]
524,[16099  3999   888 14851  1416 15268 19019  2129 17914  9146]
525,[ 8914 12974 12341  6695 10186  9762 22538  4569 17951 17792]
526,[17968 16815  2641  7689 10997 15019  6184 21609 17418  2487]
527,[ 6671  6576 15049 19659  8121  4293 22523 12718  2140 13894]
528,[18334 11982  8496 16261 17727 20836 13098  6139  6921 17268]
529,[14155 19081 16403 18964 11448 15695 16642 13298 14531 10707]
530,[19831 20324 20676  4924  1924  2709 13370  1871 17949 12111]
531,[20129 16552  8791 19019  9146 11656  5313 17914  8828 15893]
532,[ 2339 16724  7179 15616  4904 13743 19500  2329  2999 16339]
533,[16130 11652 10391  8343  3859 16506 13007  8432 16241 19047]
534,[22120 19080 14273  4132 17772 12028  3055 21607 17763 17364]
535,[ 1994 20016 14676 19308 12106  3244 22159 22211 13064  6094]
536,[16534 18603 10151 16960 18057 22400  3989  1208 15222 16912]
537,[12994 10574 12654 10747 22538 11476 13869  9992  2011 19843]
538,[23028 10766 19552  9555 17651 19281  4913 17152  6229 14575]
539,[ 6420  3336 14644 20876  9103  4592  5020   789 15673 16586]
540,[20794  4699  6206 20336  3415 12694 22820  4320 16016 21853]
541,[ 3861  8649 16544 16315  5048 15766 18143 12645 20237 10393]
542,[ 7586  9515  1571 19244 11736  5551 21149 11643  5488 21302]
543,[ 6451 17079  1774 21226  2038  2573  6309 12446 15379 22028]
544,[ 7885 12888 13156 20890 15941 18313 22609  2103 15908 12855]
545,[18465 15521  7345  2986 15188  8910 16850 15362 22472 11125]
546,[ 8779   579  2433  8081 14174 21058 15068  6112 16078 15839]
547,[18115 13985 20990  3123  2148  2717  2736  9349 17928 11169]
548,[16139 20970  8351  9751 16544 16241 13864  4969 20149 16205]
549,[ 4550 13981  4967   925 20485 16253 19765  4892 14790 16205]
550,[10259 21673 13813  9335  2196  1890 22370 15199  1359 14643]
551,[ 4507 21035 12495 12738 16903 18956  3111 18308 20242  7236]
552,[14090  4177 21220  4695  7033 16792  1274  1306  4742  1143]
553,[22350  7720 19865 10674 22820 19342 17647 18968 13117 17199]
554,[22430 18463  7829  3713  8651 13834 20055 15286 14972  5323]
555,[ 7581 18322 21952 22811 14764  9324  1696  2639 15651 10698]
556,[16559 13040 17353 14021 12283  4481  8227 11257 13098  6259]
557,[  651 11585  9752 20789 16553 10487 15904  4579 10193  3947]
558,[ 8649  7602  6771 15193  8605  2403  5697 17385 13039  5048]
559,[ 1872  4100 18046 19030  6823 21483 20883 16942 20905 22304]
560,[ 3209 16639  9839  2824 13490  7817 18625  7819  4481 10465]
561,[18602  7928 16110 16017 16139  9133 16285 16987 16044  8197]
562,[ 9975  6749  2282 21930  6828  2952 22478 15189 17961  2067]
563,[14768  9070  3743  9074  3430  9706  8271  1336  8742 17841]
564,[ 3858 23160 10391 13791  6112  1442 21579 21058  3862 15920]
565,[18602 16044  9469 16139 18060 16285 20418  7400  7928  5736]
566,[ 3014  4594 11101  2696 19037  7594  9920 22600 17114  9750]
567,[ 7309  2147 13822 10664 20142 17037 18926 12789 18567  2722]
568,[21287 13467 18623 15928  7301 14254 20337 17872 19904 20675]
569,[12792 20360  1436 19667  1689  2608  2905 14375 20747  2340]
570,[ 3374  3728  6459 10623 22276 22706 13577 10033  9000 14943]
571,[ 4550 13981 16253  4967  3851   925 10776  3859 14790 16205]
572,[ 1893  3152  3851  3850  3859 17519 14881 11009 11652  1442]
573,[22353 12121  9281 16031  9369   704 19866  6002 18013 19182]
574,[19705  5839 12694  5236 17284  2003  2577 13861  8757  1008]
575,[22722 13625 21977 21422 21950 22292 21184 21374  8953 11182]
576,[ 7053 16379 13258 20544  6621  7478 10244  2823 14563  4734]
577,[18733 19739 11740  7550  8927   890 11723 17970 16206 19548]
578,[19319   290 17398 17405  6644 13134 15466 12679  7265  8131]
579,[18028 14975 16795  9209  7942 14889 15852 22576  4849 10520]
580,[ 1594  1640 21828  8783  1596 16767  4972 16399 20895 16860]
581,[16774 16495 10431  6140  8641 18838 14251  4068 10493 19250]
582,[ 5930  4592 20876  1894  7840  5711 10070  7329 13169 12898]
583,[19244 14408  9515  1571  1036  1575  7586  1013  6359 11123]
584,[ 1925  4063  1716 10172  1549   924 16537 15889  4100 10492]
585,[22120 11863 19293  1926 16792 18111 19080  1306  1374  1600]
586,[17077  1878  1875  1135  4527 10017  7504  1548  3874 13043]
587,[ 3029 16193  8833 15342 16295 20964 20203  4051 16551 16510]
588,[ 8069 15700 20197 22792 16883  5950  7074  4620 15361  4642]
589,[ 1740 22820 22350 17360 15319  3074  1947 17362 18156  1537]
590,[10425 22946  5851 22115 10834   615 10418 10791 13082 21182]
591,[ 3110 19451 15222  1208  7034 15927 17010 11532 16818 18109]
592,[ 2245 10690 16685  5470 19036  2714  6672  5461  9358  3604]
593,[ 5403  3617  3536 14646 16681 10789  8267 21303 17927  9392]
594,[18612 13810 11656 15904  5178 14330 10623 13082 22115  7655]
595,[16208 16110 16467 20418 10120  9814 20970 16139 11740  9469]
596,[22575  3244 14676 16696 16687 22284  9400 10289  2716 19185]
597,[ 1960 10989 10133 22351  2064 20360  4878 20158  2608 16135]
598,[14466  1871 18057 15995   808 21774 17449 11759 16249 16912]
599,[ 8052   344  8490 11863  4160  4884 19283  5031  3055 22391]
600,[ 2139  5829 15266  8481 10574 17314  4349  5938  3332 10393]
601,[14196  4356  8085 10384 19303  9372 20623 19293  1176 10709]
602,[14090  3082  9621  4445  4969  9480  4986  3121  1285 17296]
603,[13793  9799 17220  7928 16724  8668 22036 16757 18060  7514]
604,[17862  2732 20816  4915  8303  9772  7597 16768 20879 11264]
605,[17880 17249 16034  9164 18393  5360 19531  5038  4754 15790]
606,[20713 13411 21719 18278  4339 18504 18476  8795 21720 18364]
607,[ 2245 10343 17820  1854 19080 16792  9480 12149 12130 10699]
608,[ 3392 15724  4960 21981  2403 14536  7125 21809 10118  8973]
609,[ 4200  1374  7558  8299 21630  1564 11863  2077  5461  3631]
610,[16899  8953 18603  1247  7767 19991 13120  4093 17946 22416]
611,[ 8104  8960 23151  3122  8573  6562 19022  9674  1872  2740]
612,[ 5312 10529 14091 22172  6778 13031 19316 20003  9839  1569]
613,[11507 13082 16883 15904 19327 21720  9752 10977  6611  5945]
614,[15942  4892  8343 16113  3851 16241 14790  4224 13120 17256]
615,[10896  1017  2314 19831  2786   579 13865  4881  2007 11015]
616,[ 2472 21833 16315 10393  3864  2564 20315 16074 20237 12302]
617,[ 8875 19495 15992 19877  1957 10974  5399 20218  6109 14361]
618,[12737 20625  7446 16089  4207 12121  1853 20193  7755 19011]
619,[ 3438  2346 11442  1550 18230 18470  3013  9914 18627  3441]
620,[ 3089 13743  7179  8987 13459 16724  6689 16339 16135 19500]
621,[10293 12648  4093  1878 11358 19989 14293  5031 16510 22551]
622,[14439 18182  8088  6259 11028  1897 14708  1890 14240 22616]
623,[ 1994  6094  4615 22159 17204  4474  6517 20016 19038  7460]
624,[20621  4654 21713 13435 21053  6458 17422 17100 12717 20063]
625,[ 5560 10467 19298  3682  2988  5493 14680 16691  5480 21387]
626,[ 4163 13049 16991 21636 15965  5397 20619 22519  1937 10493]
627,[21174  4399  8197 18729  5003 11100  4132   662 12253 17772]
628,[17778 19655 12084 19134 12164  3673  3636  1146 21390 10714]
629,[20609 17351 19693  7546 19565 20143  9967 18040 15388  8632]
630,[18625 14472 10529  9839 10011 20361  4481 14439  6991 21069]
631,[19867  8351 16130  9209  2707 16506 10391  3838 12562  8343]
632,[ 6095  5841 20606  9908  1286  9339  5836  4986  4928 19497]
633,[16639  8401  3029 19667 22452 14428 22482 23010 13700 13793]
634,[21868 12550 17013   779  2384 11592 21477 13146   657  3204]
635,[10272 20623  2282 17230 12304  7475 18094 10616 22110  8406]
636,[16522  6830 13572  9907  6427 15039  4671 12507  1864  4512]
637,[ 8258  2622 17922  4864 20665 19513 20321  2677  7531 14207]
638,[ 7710 10704 19603  2011  3699  8827 17049 19103   875  3609]
639,[ 2700 11863  4529  3677 18111 20876  6363  1374 13986 17763]
640,[ 1659 10126 11433   332  1930 16720  7663 22099 19930  2916]
641,[19620 19693  8088 16552  4670 20609  1506  8546 10353  5313]
642,[18602  6225 20788  7973 16858 19565 19953 14967 16139 13810]
643,[18387 19544   788  8494  9660  7591  2624 12098  7163  7327]
644,[ 7247  7950  6607 10500 22265 12166  7309 19548  1274 15342]
645,[16154  3013  9967 21458 18142 15739  6225 19198 20653  4013]
646,[ 1349  1336  2964 17339 15034 22190  6734  9706 23062 20206]
647,[ 8343 16321  2729 16130 16506 13879 15942 12874 16241 16021]
648,[ 2198  7807 16928   764  4101 12482  7699 17676  8859   896]
649,[14024  3262  2282 18100 15435  7575 12304 18094 15145  9838]
650,[16552  1506 20192 19019  4728 19693 17914 19620  1507  5313]
651,[ 1864 17410  2326 10147  9483 11501 19298  3705 19249 10467]
652,[12468 21981  5992  4887 20999 13526 10033 16125  7242 22051]
653,[14321 14254 15587 16182  8091 12230  5224 12495  5049 11857]
654,[ 1020 22781  8407 10371  2241 17946  1679  2027   901 12556]
655,[ 8993 13957 13937 14062  9752  4339  8577   846 13820  3246]
656,[ 4110 20751  6921  5976 10004  8375 16249  5035 13260 19032]
657,[15272  8228 16591 10118  5874  9080  2940  6261 10870  7182]
658,[20345 14186 16125  8317 11319 16550 10576 12710  8341 16462]
659,[13298 13311 17813 14155  5769 11314 18189 12611 10823 12295]
660,[17378 17066 16132 20201 16572 11459 17524 14826 16850  9839]
661,[ 4579  1640 11551 16403 20789 10125  3246  3235 16653 20603]
662,[ 8641 22808 22626 23041  5665 21836 21139  1942 16365 21830]
663,[15379 14104 19953  8992  9751 12674 15227 10739 19447 10699]
664,[ 9686 11101 11086 12087 21062   746 12549 12717  1560  2460]
665,[15739  9814  8299 17727  3198  3916  3353 18902  6607 16989]
666,[ 5040  2063 10100  4241 11552  2740 22113  7378 21541  7738]
667,[ 4529  7015  2110 20360  2340  5031 22811  1696 20158 18103]
668,[10391 20134 18463 11092  7554 13864  6576  4293 20050 20208]
669,[ 3204 21530 15611 19018 12332  1409  6579  2501  1930  6641]
670,[13060 21765 19579 11751 20054 21654  9937 10343 12946  1827]
671,[ 1872  7975  7038 20321  2622  8529  4153 13961  9505  8411]
672,[16544  8833 16757 10946  7928 16285  5736 16193  7514 18274]
673,[ 7242 13458 12468 15253 20840 12878 13828 21981  9165  4960]
674,[22211 16908 14676 12218  7407 19103  5882 17783  3618  9336]
675,[12653 11472 12863 14766 15943  7019 13140 16563 14764 10118]
676,[14790  6771  2729 18886 16241  2116 10620  8649  4870  4892]
677,[20516 19626 12529  8573 19053 11059  7720 17999  1566  7939]
678,[ 8217 17630 13526 16826 22115 16857  5679 22800 10957  4579]
679,[ 4717 15601 16616  4157 13810 13684  3978 15531  2025 16518]
680,[ 2732 19673 16194  1200  2957 22496 10646  2726  7597 21907]
681,[16573  5938 16129 16021 15879  6210  7611  8683  6982 15308]
682,[ 9483  2326  1864 22097 10467 10147  3705   900  6288 16089]
683,[ 8752 20360  9324  1608  1696  3055  7071 21060  7015  3203]
684,[ 6312  6960 18555  4882 12160 12192  4876 15027 21218  9942]
685,[20606  3203  3211  7124 17227 17152  3055 17105  5661 19349]
686,[10875  8718 14466  8781 22449 16249 17353 10236  5829  7462]
687,[ 5776 15180  4177 17264 16824  1854  5685  4776  1285 18859]
688,[16182  7573  4182  2543 19444  7119 20032  7668  3969 18553]
689,[ 7928  7550 10071  5736  8197  4051 18733 16206  9799 16551]
690,[22115   846 14943 13082 22117  7074  7774  7670 21182  5479]
691,[13458 13828  7242 12468 15253 20840 20999  5783  5992  5336]
692,[22118  1440 16123  1695 10438 13968 10739  4149 19525  7224]
693,[13009  9340  2357 18508 17806 21308  3535 15666 12162 13398]
694,[11705 16329 12650  9506   736 16412 12216 20715  1298   984]
695,[ 1994 16791 13394  8827 22159  6094 11516   624  2346 19308]
696,[18470  8599 20541  4689  2346 17234  1051 19198  2185  3441]
697,[ 5048  8341 10118  7248 14575  2201 14365 16079 10937 12955]
698,[16123 10438 17772  1440 18695  1695  4071 13968 17169 18577]
699,[10623 15904 14330   846   869 13082 14051 18612 15893  4078]
700,[19765 18274 13104 16544  1968  1201  4059 23014 16775 17047]
701,[15388  6607 15739 10739  4013  3785 21458 18733 16154 12484]
702,[17001 18666 19813 18389  2086 19593  1802  1078  1445 18111]
703,[18674 16855 22115  4675   869 18612  4887 14997 17630 22156]
704,[ 8518 18113 11157 18596  1183  2204 10969  7531 15770  1363]
705,[ 2011 19028   869   615 10808  8249 12449 14240 12974 15910]
706,[ 8927  7550  4445 20142 19548 16820  4051   890  4601 15342]
707,[ 1893  3075  6260  8432 12250 10391 15068 10310 17880 11652]
708,[ 1285  4959 14090 17264 16792  5050  1306 19602  2019 10699]
709,[ 3004  9734 10764  7490 21406  5697 15080  5499  2662  7124]
710,[ 4512 16020 16315 19811 17962 13864 12645 11092  8452  3861]
711,[13793 22036 13585 12308  9799 18060  8459 18210 17335  9700]
712,[12223  8354 22792 19811  3864 10110 17615  2472 21685 12879]
713,[18886  8649  4892 15941  7525 11263  2116 15942 16383  6771]
714,[21820 14404 12469 13562 13217 11037 15059  1288 19821  7973]
715,[ 2245 10343 17820  9480  1854 16792 19080 12149 12130 17802]
716,[20344  2233  9325  5132 13985 11169  2716  3123 11426 18318]
717,[ 3631 10727 12028 15073  5331 17273  1009 15281  7247  3385]
718,[22946 10808  4179 14727  2053  4821 20713  5751  5942 10747]
719,[16289 19953  5810  1594  4717 16569  2707  7885  4216 15379]
720,[ 7400  9469  5736  5655 17220  8987  8605  9751 16820 16207]
721,[21582 20484  4110  6921  1181  4737 18230  3438 13461 16261]
722,[21793 21685  2559 14769 21031  4960 16074 18381 15844  1902]
723,[14677 12229  9865  6036  5482  5484  9867 13964 14682  5436]
724,[21069 14928 16135 18070 21952 15937  7247 13459  3089 13713]
725,[14439  6172 20503  3209  7819  2916 22616  3742 12569 17066]
726,[22551  2313  3192  9055 11358  1878 19242  4445 12425 20701]
727,[ 8949 12683 20553 15004 16894  5910  4864 11964 12778 21017]
728,[ 4132 16705 21683 18142  8197  5736  7985  3198 11100 20418]
729,[10834 10791  4775 16984 21182 18606  5851 22946 12612  2011]
730,[ 4858 12178 10739 17169 12059 19302 10690 20344 17772  9325]
731,[  339 15856 20666 22110 12304  6469 19224  9337  4049 23163]
732,[21168 14104 17802 13375  1854 17341  4959 17820  4013 10699]
733,[21710  2577 19589  1309 14358  1847 10628 12936 12159 14812]
734,[ 7071 16544 16376 10727 16020 13383  3083  9734   825  8752]
735,[20970  5736 11740 16467 16544  3082 17220 19602 10120 20418]
736,[18010  8518 21588  6360 11552 19002  9129  9948  5036 16556]
737,[19667 20360 10133 15616  1941 16347  4878  2905  7015  2608]
738,[ 4579 16403 14869 11281 16653  3246 11456 10683 21384 12571]
739,[20356  5020 13375  4213 10762 18970 19672 15227 19128 14597]
740,[15839 11715 21028 17880 16223 16769 13865 19831 19589 14174]
741,[ 3850 20153 11033 17519 19680  9067  3851 10830 11532  4550]
742,[ 8620 18424  8456  1748 18998 19963 12475 16726  1577  8930]
743,[18060  8351 16285 16044 16757  5736  7635 17245 20970 17220]
744,[ 5810  7950 19324  9657 18760 12797 16989  7247 22026  9751]
745,[10106  5902 13398 22995  5367  7806 12656  6367  4368  2357]
746,[ 4474  3979 17204  4615  1994 12956 19038  1664  7344  8533]
747,[15081 16075 14179 20789  1862  9752  4579  3246  7426   651]
748,[20143 19693 18040 19032 17351  1614  7732 20751 10685  3441]
749,[ 2345 11024 19355 21436  7628 17010  6292  8406 20669 12159]
750,[18870 17762 16328 13727 12701  4669  4099  9860  7220  8599]
751,[14696 12112  1286  7411 14688 11503 17833 21366 14732 22801]
752,[18733  8927   890  9799  4445  7550  9321  8197  7400 14063]
753,[ 8274  2581  9001  8043 10243  9960  6889  2331 16677 18456]
754,[18322 14928  9700 15392 18760 15651  2871 14292 22667 13459]
755,[ 8957 22424 13560  2620 11527   677  8560 14347 18152  7638]
756,[18040  4670 16552 11267  9814 20609 20192  7627 19693  8088]
757,[ 7124 15392 21952  5499  2639 15207  3649 10698  2609  3087]
758,[13009  3535  9340 22739 12073 20733 18056  5985 16700 21308]
759,[ 3957  1812  4952 16947 10236  1181 21176 13704 10048 22315]
760,[21073  6834 21734  6734 15495 15285 13692 13862 20200 18145]
761,[15854  6237 18013 10229 15287 21758  8200 16031 16217  9146]
762,[ 1507  1506 16552  5412 19019 18470  1505  4569 19198 20762]
763,[ 8052 17772 10696 21404  3083  3055 21406  8752  5552  1435]
764,[ 4216  7973  1975  3817 16522 13945 16154  1500  2304  4763]
765,[20700 13207  7355 12938  4917  2244  3846 19588 18071  3259]
766,[ 7400  5736 16285 11740 16193 16820  7550 16347 15342  8833]
767,[ 8350 16639  6778  2608   843 10409 12792  1960 17440 20360]
768,[ 1449  4681  7770 18756 15930 16134 15980   359  7885 18232]
769,[ 9640  7388  2174  4915  7291 13057  7597  6111  1482  9735]
770,[13017 16564 10119 12945 16193  7550 16546 16820 20964 10388]
771,[20835  4059 17335  4445  2695 10699 19242  3083 16930 19548]
772,[22609 20664 14257 16767  7885 12874  8783 16399  8341 19163]
773,[13015 20192 21458  8218 19019 14851  4728  4110 12718  8791]
774,[11520  2289 17025 21337 17441 17072 17431 19192 22654 17311]
775,[ 2313 20701 14063 19242 22756 16551  4445 11358  7550 13635]
776,[ 9582  4049  1488  3262 12396 12304 20666 15856 19224  3120]
777,[ 4904  7180 16639  7179 15616 20057 20645 10133  3089 13509]
778,[18040 13717  1614 21458  4904  7732  8683 12499 13743 21949]
779,[16347 13955  3029  8662 15942 19667 16769 12501 16241 16449]
780,[16544 16315  8351 22356 10393 16208  5776  2707 12874 17226]
781,[ 4512 13957 16075 14062 19811 13937 10945  3246 13820  8993]
782,[18423 17902  6371 14731 20805 13075  6585  7294 16854 19760]
783,[ 5403  1659  8267 16681 15494  5471 15220  6001 17198  4373]
784,[20063 11101 17398 20290 12717 13463 13746 23000  7406 21541]
785,[15870  4158 17652 16020 16315 16807 18143 16460  2707 16399]
786,[ 9146 16168  1506  7069  4779 20609 19962 16552 21211 10425]
787,[17180 22115 13082  7407   905 10425  1110 18612 22211 10418]
788,[20623 20299  6829 17230  7988 10372 16690 11724 20703  3358]
789,[ 2812  6226  3132  1508 10777  7472  7504 10017 11699  2064]
790,[16708 16003  9948  6678  8436 19711 22113  7946  5036 19684]
791,[18040  9447 10353  6689  1690 18362  9693 12734 13968 18576]
792,[15621 16569 21443 19867 13879 16289 16371 11699 11387  2099]
793,[17843 16168 12218 16296  9814 15388 19962  7069 15739 20143]
794,[10623   615  4642  4860   869  9123 10977 16883 13082 19962]
795,[21793 12879 16074 21685 19811 21031  3864 10937 11513 12878]
796,[18223 21312 20881  7991 20950  4153  4540  8641  6753 10990]
797,[ 5736 16208 20396 16544 15942  6715  4649 17220 16193  8351]
798,[19545 13057  7273  1038 20326 19831  1198  9288 20879 22616]
799,[20713  4391 18504 12492 14727 13811 19327 18597 10808  6357]
800,[ 2174 14187  7388 18571  4915 11391  3134 21494  4360  7517]
801,[12600  2052 12192 19615 22190  8377  2964  2349  7832  6631]
802,[21620  9080 16591  8228  5874 16569 15272 12955  6261 10870]
803,[16307  6569 15571 22519  3029 21636 16295 12501 11100  6526]
804,[  890 18733  7550  7400  5736  8927 15342  4051 19548 14063]
805,[13380   708 12084 21513 19144 10693  8069 10695  7565 14679]
806,[10989  2381 10207 17103  9514 20597  2722 10293   915  1683]
807,[ 4737  1692 22269 21458  1927 12729  6446  3013  2680 18470]
808,[16462 16553 15830 16125 15870 15308 15656 15904 16315 16390]
809,[ 9119 13155  7663  2340 11494 15362 22370 20503  2916  1043]
810,[11033 22921 18109  6220 13706  5943 12422 15821  7165 11532]
811,[ 1392  6776  3789 22269  4757  4689  8375  3013 13158 13461]
812,[16846  4062  4537  8695 21026 13543 10823 15695 11040 17291]
813,[20970 20192  3375  5655 20418 18602  4717 16139 16705 13039]
814,[14734 21009  4356 12098 12101 15112  1011  7158  3035 11225]
815,[ 3198 22764 21052  4071  8927 18738 20418  8197  9799  8708]
816,[ 9700  3838 22790 16289  6616 16371 13978 16569  9902  6854]
817,[17059  1661 12199 17326  2610  4527 17819 19241 18340 10207]
818,[14365 17095  5048 10678  8341 13828  5336 22071 16074 13431]
819,[18389  6193 18492 11037  1600  1078  7213 14269 14231  2086]
820,[21714 17049 22412  5481 19603 16793  2053  3615   620 12117]
821,[17448  5690 11516 14240 19962 18190 19227 17051  3699 10004]
822,[16241 20715  2315   309 16467 20970 13865  7105 15531  8452]
823,[13060 21765 19579 10343  9937 20054 20211  1862 12946 21654]
824,[11023  2340 16312  7015 14591  4093  1608 15362  1754 16510]
825,[19086 19082  9653 19641  8849 14647  6742 22943  6811 19112]
826,[ 8401 16333 16757 13955 16193 16347 17220  8459 20964  1814]
827,[ 3649 15976  1167 22644  7124 17998 18494  3269  8880 11472]
828,[10977 10802  4727  8791  1652 19019 17914 14851  9146  5412]
829,[ 4379  6611  6671  4293 17914 20050  2140 14092  8615 20134]
830,[17843 12218 19962 18612 13082  4860   615 14997  2714  3952]
831,[16579 13971  7655  5810 10006 10078  5938 12283  4031  8828]
832,[16074 10937 16341 18313 14205  7279 15870 16315 15600 21031]
833,[ 3080 10169  8280 22948 18320 22763  9491 19137 21781 16744]
834,[ 9864 21768 13828  7125  8769  3392  5336 10278 15253  7242]
835,[ 6250 21813 20816 20340  2393 13030  7441  4631  2547 20709]
836,[ 3013 13951 18642  9967  1392 17351 18641  8375 20541 11479]
837,[ 9039 22588  2406 12789 12991   628 15998 20142 11461  4601]
838,[ 7179  2339  4904 19500 13509  2999 16339 16371  1565 16724]
839,[16371 11425  3089  6117 21443  4481 16207  9700 22667 14292]
840,[ 3217 10573 10977  2942  9752 13082   651 10839 15904 11507]
841,[15362 14527  1162 15100 10133  1941 20127  2820 22036  7514]
842,[22052  6813 15226 13029  7447 16775  7158 18728 20353  2439]
843,[ 6259 10653 13611 16569 10852 16559  4333  7885 16289   359]
844,[ 6260  8343  8095  8432  6210 16558 19828  8781 18823  9156]
845,[18142  1680  8197 13217 12285  1759  1256  1738 18902  1371]
846,[ 9751  7247  5573  5697  1966 16263 19548 13577 14575  5499]
847,[ 3144  9091  8495  8742  9917 17841 18555 13930  9070  6631]
848,[ 5232  8594  1679  1586 17689  6097 11041 18666 17313  1724]
849,[10971 13126  6943  6586 20636  2677  6644  3090   594 18901]
850,[ 9814  5655  4157 11267  4905  3375  9751 13039  7602  3728]
851,[ 6329  8562  4365 11569 12437  5715 14110  2389 19737 22934]
852,[ 2677 18631 10971 18901 19002 13126  6337 21979 17922 13746]
853,[ 8741  9954  2357 13009 18555 15666 17841  8037 12162  7645]
854,[10204  1016  1737 14293  3827 22148 10293  1171 17077 20597]
855,[19548   890  9751 11740  3192 15342  8927  1966 16820  7400]
856,[ 7755  3952 12070 19134 21143  5193  2714 16644 10428  7828]
857,[17549 20653  9967  2573 13240  4842 10426  5928 18230 18641]
858,[19989 14734 16775  4445 14739 12648 10293  2695 17059 19990]
859,[22036 16510  4093 20701  5031  1683 12501  4051 15616  3029]
860,[ 5003 19958  1694  4537 20596  4132  5769 11454  1332 11161]
861,[ 4429 10190 17651 11424 14200  5466 11188 16274 11002  5636]
862,[13039 16616  4717  3375 11267 16518 16440 15531  5655  6725]
863,[ 3876 21367 16890  3546   599  1260 11629  7575 18365 10243]
864,[  808 18109 12367  3741 16120 16010  4561  2529 18214 15049]
865,[17059 10204 17077  4527  1878  2064 11358  1875  1737 10293]
866,[22211 17843  2714 12218  7407 15388 17180 14676 11008 19962]
867,[ 5031  1684  2340  2077 19667 11100  4051  8197 14063 16347]
868,[16207 14428 16135  9700 13793 11425 22452  7179  8668 12308]
869,[12451 13830  5839  4211 10328 12984  8372  3565 19705 15261]
870,[ 1960 16489 10777 12719  2064 22148  7504  6432 17077 10989]
871,[ 1649  5403 12439 11142  4772 19991  1714 15494  9664 17231]
872,[10439 10491 10422 21032 10495 10466 10490 10436 19037  1718]
873,[ 5178 10344 13082  6237  3978 20789  7426 14064 10432 22276]
874,[ 6325  5565 11244 21211  4477 10378 11006  3435  5288  3079]
875,[ 1575  3837  1874  1571 14408  1305  3789  1927  1051  1392]
876,[22148  4100 18046  6823  1058 21483 15401 10172  4485 10018]
877,[15942 16347  1509 16769 16467  8783 16208 12874 16437 13865]
878,[15034  9706 22217  7243 20340 15451 14801 21399  2856  1897]
879,[22148 12741  1789 21819 10141  9978 10172  2526  4100  1687]
880,[17122 15644  7837 20932 18148 19989  1132 19990 18650 10293]
881,[19316  5729 22452 16135  9110 10133  4975  4878 18664  7837]
882,[15904 16552 19565 11656  9146 16554 19019 20192 12718  8218]
883,[ 9956 22416  5031 16295 16302  6452  7617 16306  3029 21181]
884,[ 6322  7617 22113  6579 12866  2501 21181 16003 23144 21966]
885,[ 1009  3631 12188 12028 17772  2822 19283  3385 19012  3083]
886,[16021 13879 16440  2729 16103 12874  2707 16372 14205  7525]
887,[13458 12468 14245 13964  8474  9165  6036 14943 21927  4484]
888,[10646 15666  6233 12162  2380  8367 20505  7838 16700 19297]
889,[ 3654   846 12468 10432  7074 14943 10033 20999 15081  6459]
890,[10343  1827  2245 17748 12946  1862  5685 13060 19579 21765]
891,[13458  7242 15253 13828 20840  5783  9165 12468  8769  4960]
892,[18322  2552  1316 22452 15651 13459 21952  7756 11022 21111]
893,[18424  8620 18998  8456 19963  2062  1748 18406 17289 16726]
894,[16677 19204  2237  3876  4487 18819 19189 22009  6134 11982]
895,[16285 17245 16110 11740  2077 10120 13532  8197  5736 18684]
896,[ 1043 11125 10126 11023 18103  5711  4529  2340  8953  1659]
897,[15852 10520 22026 15930  7885  3453 19714 20606  3807 14975]
898,[ 9935  1692  4571 20596  1691 12734 20609 20143 11223  1506]
899,[ 1925  1549 11668 10142 10168  6569  6299  1789 10172 13896]
900,[10776  4049 16253 13981 16452 14389 22104 12304  8713  3851]
901,[14849 23144  6591  1930  6255  1942 16043 17064 20932 18158]
902,[16385 13445 10142 19626  1566 14282  1549  1587 11720  9808]
903,[ 1586  9808 17864  6097 13311  9087 16453  1365  1789  1679]
904,[ 6440 20989 11182  1529 21422 21374 21977  3209 21186 22817]
905,[ 3984 19444 18956 17121  9048 16634 20229 19496  3165 16182]
906,[ 5453  5600 18457 17516 20070 12135 10522 17832 17951 10909]
907,[11536 10190 22722 20881 12098  1661  5566  1658 12806  8042]
908,[21458  1051  4110 19032  4669  3837  3785  1392  9967 18230]
909,[17003  1627  2136  9030 15490  5658 13833 13786  9360   880]
910,[ 4729  2942  5645  7183  5884 12542 18996  3411 16521  3947]
911,[18020  2393  8525 21348 16421 13791 15577 10263 10723  4933]
912,[15746  2529  4969  7928  1941  5622  7514 16285 17245 10071]
913,[14067 16537  9956 13445 21966  9724   332 22189  1513 15974]
914,[16506 20970 16241 16496 16757  7554  7180  6210 13981 10391]
915,[16858 17962 15915 16110 18602 13945 12851  6225 16139  4717]
916,[15965  9695 11463 15943  9072 16266 15596 14468 15950 12535]
917,[ 8350 16639 17378 18217  6778 11418 17257  2950  2608 18603]
918,[15838 15704 18246 16570 16307 22519 14559  5698 11315 23069]
919,[ 1018  8459 22790  2167  8817 13955  4836 12384  1683 20977]
920,[15627 18145 22071 21981 11324 10635 11026 12917 20286  7896]
921,[ 9090 10406  8527  7628  2250  2678 21920  6878  2400  8362]
922,[ 3262 18100 22761 18870  7439 20961 19705 12396  9730  3120]
923,[ 7819  3209  6440 17651  2840 13625  9555 13490 21961  8362]
924,[20900 13706 13992 12250 15839 11715  7844  3812 14174 17897]
925,[19163  8317 16245  8716  8703  3733  2642 17724 22055 19166]
926,[19705  6115  7284 17886 20034  8757  6749 16947   612 23047]
927,[10428 20223 11479 19962 11402  8906 15388  9433  4480 20762]
928,[10945 15656 19811 20134  4078 22996 16125 10139 15904  3865]
929,[23163 22830 19648 20633 12947  1837  5719  2414  8757 17143]
930,[ 1683 20203 20964 16333 13955 16295 15342 12308 13793 16193]
931,[13706 18109 20608 18393  1208 20074 22921 13992 19451 17862]
932,[ 7017 10825  5188 17839 22685  8935  3022 16984  6468  9986]
933,[22723 13930 22431 17731  6312  8741 12581 22164  7376 18555]
934,[ 2329  6225  2820 18602   892 11723 19032 11558 18733 21458]
935,[ 1583  2310  1548  7472 14375  6226  6117 16238  1663  7362]
936,[13948 15947 22434  1971  8531  6671  1777 16040 13811  2338]
937,[ 1617  2722  1760  7951 21966 18384  1615  3040 19990 13031]
938,[ 2236 16044 18060 19064 13994  3082 22764 16285 10071  3198]
939,[20925  4049 13030 16452  3120 17302  3110 10938 16253 21582]
940,[ 9695  7525 22049 11463 13879 15943 15596 11508 20892 16437]
941,[16129 16021  7732 14328  3375 10153  6210  7462  3010 11734]
942,[21111  1565 11587  2552  1316  1949   765 13575 12327 13531]
943,[11345 19451 11418  4196 19047 13802  6948 13007  8729 17897]
944,[21636  3846 16307 22519 16316  4982   307 16905 13625 23069]
945,[18760 22196   843  4972  2956 18040  7966  7810 13459 13743]
946,[13654  6517  6673  4419  1019 17764  5864 21714  8189 22986]
947,[22687 11432 19930 14292  4481 15740 12636  8051 15446 14113]
948,[ 1912  1872  9505  2635  4153 10413  8573 21530 21483 11669]
949,[  846 13082 11507 10977  9752 21720 15904 10573  8795  4078]
950,[14468  2824 12667 10529 20651 12535 22189  9724   843 15965]
951,[ 4512  7426 16168 13082 19679  8993 17962  7069 19532  9752]
952,[14328 16559  8481 17353 12663 11741 19565 19620 16129  4381]
953,[22873  7844   649 11102  4248  2439 13706  1017  9679 14790]
954,[21148 10845 12067 21241 21791 21216 19676  3397 19514 21362]
955,[ 1550 18470 20698  5412 14065 11442 12718  4400 19198  4669]
956,[ 6210  2314  6260  9156 19831 21774  1871 10151 20879 20709]
957,[ 7587 20206 19726  2861  2393  3743  2957 14742 17174 12654]
958,[16296 16168 20143  2714 10787  9907  1550 15388  2733 12218]
959,[ 2529  7928  7514  2511  6607  5622 15746  2630  9799  4969]
960,[13992 18109 17083 13706 18393 17880 22921  4224 15683 20185]
961,[ 2936 19080 13375 19293 17821 12028 21426  3335 12130 12149]
962,[21939  7564  2503  5467 21163 22788 21264  5866 21217 17797]
963,[18385 13217  1669 14404  1695 18089  1738 13968  8941 18997]
964,[19620 11741  5026 20572 14328 20134 10245 20050 15893  3332]
965,[16347 19667 13955  3089 11022 20108  4870  8987 16339  8822]
966,[16467  9935  2315 16208 20970 13865  4537 16020 21211 18470]
967,[ 2714  2701  2716  3695 13985 21394  3613 11479 17234  2476]
968,[ 6972  2764 13798 21364  6446 19004 20171 14296 11442  1924]
969,[ 5199 17800  9725  5592 17780 22325  3477  6007 19097  3702]
970,[20142  7400 12789 16820 10770  4445 20149 19548  7550 10388]
971,[21453 17317  8459 22684 13793 16193 16333 20964 12789 12308]
972,[19935   594  6586 15466 13010 16966  4427 15167  6644  1064]
973,[ 4654 13435 21979  6458  3090 20621 17422  6943 11344 21713]
974,[20621 21713 13435 13115 21053 12651  7196 17422 16928  6458]
975,[  846 13082 10977 11507 11988 15904  9752 10839 18612 22115]
976,[ 7291 18582  9640  7597  7978 16194  2732  8367 19673 15318]
977,[ 3851 22873  7767  8212  4248 11102 10859 13706  3850  4550]
978,[ 4301 23149 11237 23158 22873 20153 21710 20185  2061  3851]
979,[10008 10911 11043  3151  2577  1986 12350 11237  3347  4967]
980,[ 7247 13968 10070  5472   765  3020  6537  6942  1274  4149]
981,[ 3837 17351  3441 20751 17466 19032  7324 18230  4110 19019]
982,[11734  4366 11267 16553  2179 10153 19530   651  1505 22938]
983,[ 3212 13532 12945  8833 12590 12234 13017 16193 16206 16227]
984,[ 7885 20664 18313  5039  3374 11313 14323 16103 14257 22049]
985,[22003  2402  1178 11254  3019 22514 13628  1460  6621  5823]
986,[11359 19972 22637 13033  9262 21901 22571 11382 15666 17387]
987,[ 8949  3263 15412  2501 10474 16794 16274 21114 21197 16365]
988,[17641  5308  5743 10687 23053 16498 23145 10192 16365 16486]
989,[ 1941  8927 10133  4051  9799 20701 14063  7550 13585  7928]
990,[14928   843 22667 11273 22189  2871  2905 16876 17254  4565]
991,[10343  2245 19080 12130 19176  4858  1854 10690 19302  5470]
992,[ 7723 22393 17731 17139  6312 12823 17186 19726  7592  6235]
993,[ 2714 19532 15739  2716 17843  1550  8816 15388  2701 11479]
994,[16552  1506  8546 19620 19693   888  9433   615 20609 20050]
995,[19693  1614 11167 16552 19565  5035 18040 20609  8088 19620]
996,[13623 10119 16426 16193 15632 13532 12945 13017 18684 16564]
997,[ 5769 17813 13298  7070 10763 13621 11314  2007 21777   909]
998,[ 6966  7074 13814  3654 21357 19069 12960 10834  5873  4484]
999,[22764  2329  8708 16724  8197  8987  1702 16044 13743 19667]
1000,[11775 12706 21813 14312  6801 18367  9735 17951 11759 19673]
1001,[19962 21143 16908  8827  3700 11516  4990 19185 17068 19288]
1002,[17931 12792  1935 13722 16912 16223 10285  6210 19941  7105]
1003,[10343  1854  2245 17748  4858 12946 19579 10690 21765 11751]
1004,[ 3429 12737 16031  3385 21936  9325  7069  8816 16860 17773]
1005,[ 4888 16498 20584 13207 13688 16988 20817 17163 14607  6361]
1006,[11517 15575  4514 15716  1790 13073  4474  3979 19038 15454]
1007,[14051 15656 22706 15904 15893  4078  4386 15879  5938 15601]
1008,[ 4836 17134 14526  2167 13955  1683  8373  8459 20351 11488]
1009,[19134 19298  7755  5335 19114 22133 13432  7598  9349  9352]
1010,[ 7541  6216 20055  7671 15495 18849  3237 15365 21770 13410]
1011,[15531 10965 14467 16724  1702  2025 19064 18602 20418 16522]
1012,[12612   615 17180 16883  4642 12974  9123 15667  4860   888]
1013,[16389  9225  1368 12833 11467  7723 10931 15476 10680  6653]
1014,[19614 11195  2598 21989   921  4516  8131 11180  7991  9903]
1015,[ 9331  5040   746  9686  1697  6045 17405  9675 17100 13963]
1016,[22276 15904  9146 10977 10425 11656 10802 10432 16168 12718]
1017,[13706 20900  7844  3850  4224 11715 13120 17897 13992  3851]
1018,[ 2195  2547  6285 21189  1461  3360 15575  1955   593   305]
1019,[10343  4858 10690  2245  1854  9325 18115  4669  9907 20193]
1020,[11001 11369 17965  7824 11461 12318  4032 15489  3270 14033]
1021,[ 3376 16249  8718 17644 22449  9362 14466  7341 20512 10236]
1022,[ 5573 19672 10354 13631  7199 11363  5655 11313  4149 14575]
1023,[22820  3074  7199 22026 22350 16309 20943 15930 12890 20102]
1024,[ 7722 10687 16267 16365 18155 10248 19605 19550 13883 14462]
1025,[15524 16820 21453  7400  5736 17220 16347 16564  7207 14063]
1026,[ 2679 11059  2877  7477 12464  1658 11536  2578 10475  9505]
1027,[11715 13120 16769 16223 16241 17256 17931  2919 16449 11532]
1028,[ 2609 21168  7791  4059  7411  2519 19242  2695  9734  1435]
1029,[10770 22588  7928  9799 21052  2019 20142  4601 12991 20835]
1030,[ 2677 19684 20665 11552 17922  9948 19002 18010 22113 22037]
1031,[ 6672  7070 19525 11539  3353   825 17123 11456 10739  4446]
1032,[ 4544  4737  3845 18398 16639 16534 16960 19383 17291  1941]
1033,[ 5668 15072 16890 18679 10646 13033  2441 15856 12696 15238]
1034,[14183 15362 18384 16312 17445  5711 20876  8185 10989 10843]
1035,[19149 16507  4069  6848  4865  6183 14113  1658  7477 16898]
1036,[16194  6111  9559  7978 15076 21918 13636 18530  7487  2431]
1037,[19624 10930 17383 20828 21347  2017 17826 17025  3335 19102]
1038,[ 4246 19735  2393 20340  1212 15336  7273 20816 14312 21813]
1039,[  983  1625 14035 18031  7833   700  9093  4606 15062 16329]
1040,[ 8683 15893 10153 11656  7554  3441  7732  4366 20709 11267]
1041,[17031 12858  6922 22573 13528 15468 17411 17856 16938 11725]
1042,[20810 15613  2696  6644  3352  4327 13652 21672 21703  5695]
1043,[ 3695  3613 17783 21394  9348 21304  5429 16696 17293 20990]
1044,[19176 10343  1854 17826 17820 12946 19080 19624  2017 17025]
1045,[ 7180 16371 16496 13743 13509  7179 16069  4870  6210  3089]
1046,[12878 14446 16341 18381  7182 21793 16427  6091 10937 13550]
1047,[ 1201 16457 11263 19765  9591  7957 14559  4550 11959 14790]
1048,[ 9133  7550 13635  8197 18684 13532 12234  2083 11358 22588]
1049,[ 7305  1446  2704  5738 16978  7316   740 16385  5926  8996]
1050,[10653 12283 21001  3332 11028 15125 14439 17990  5642 14368]
1051,[ 3079 21481  3392  8973  4960  4776  1973 13555 18825 20237]
1052,[16852 12630 13033 15336  1200  6650  2726 12561 22270 21466]
1053,[18389  7213  1576 11037 18111 19813 22428  2684  1305  1445]
1054,[18111  1802  2907  1419  1737  6363  2602 14269  3125  1656]
1055,[16556 20741 22519 17257  6452 16316 21636  4195  2881 22416]
1056,[21981  7182 22048 18381 17844  2207 10937 14446 16074 12878]
1057,[ 1637 16966 12651 17056 11114  9713 19935  6458  9755 13010]
1058,[16775 17628  7447 18728  5520 12199 20351 17637 11225 14023]
1059,[20666 20272  4545 17188 14739 11835  7345  1022  7288 19918]
1060,[ 3089 13459  3375 19500 16371  4717  5655  2956 18602 20970]
1061,[11971  4431 15125  5899  8192  4333  8875 12622   742 12733]
1062,[11721 15145 10008  4967 18273 20666  1812 22747 21538  1022]
1063,[11360 21581  2017  1827  2607 15998 21763 19624 15845  1970]
1064,[ 1717 15747 22428  1767  1069  5003 15102  1941 18729 19821]
1065,[18756  2563  4681 13024 19727 15980 20787  3751  8122  3933]
1066,[16450  2692  1074  6230  7951  1529  7817  8051 15252  3040]
1067,[11699  7472 10777 13141  3132  1949  7504  2812  1960 15824]
1068,[10147 10343 16076 18115  2326 11322 12178  2714  1013 19244]
1069,[ 2707 16616  8617 16289 15531  4717 13810 18995  3270  1975]
1070,[12182  7806 19207 10106  3670 21368 16690 22739  1223  9424]
1071,[14739 18970 19918  5020  6829  1227 13607 17273 17230  1968]
1072,[ 2639  8051  1608 17134  7581  1814 20964  5691  1696 13955]
1073,[14826 18560 18152 18113  1363  4665 12822  6011 10881  9505]
1074,[ 5736  7550 16757  8197  4051  7400 16193  7928 17220  8927]
1075,[ 7780  9388  2233  7768 20344 13986 10438  4200  1305 18695]
1076,[17793  5565  9621  3082 21211  3262  7070  9830  9365 13401]
1077,[18182  4860  9123  7828 11021 14193 22523 17350   309   615]
1078,[ 1814 17294 15392 16207 15596  9695  3359 19323  8051 15943]
1079,[14708 14439  7922 11432  1890 13680 12569 17254  9705  9839]
1080,[13985 17234  5132  2701 11169  3123 10217  1051  2233  2716]
1081,[11740 17970 19548 16347 15342   890 19739 16820 20203 16551]
1082,[20595  1362  6878 13146  2384  1356 15494  6641  3457 23144]
1083,[ 9555 21961  7329  6335 17651  5711  7819  6440 22722 19287]
1084,[ 1051 19198 20541  4669 18470 20698 14065  8816  3013 11479]
1085,[16522 13240  7546  6451 12985 12507  6288  7973  2573  2326]
1086,[19019 19565  9146 16552  4800 21458  8218 20192  2304 20129]
1087,[16125 10937 15870 14179  8228 16462 16074 10193 16553 12878]
1088,[17962 10432 14298 13082  7426 19780 10425  7069 22115 16168]
1089,[22117  5484   615  5480  8069 10747 14985 16855  5495  5570]
1090,[17547 16991 11433  1937  2824 17859 20932 11252 23069 20651]
1091,[19877 19859 21557  9499 10136  9613 11122 13996 22306 12386]
1092,[20589  2919  2086 11715   901  1924  1851  1933 18492 16942]
1093,[20203  8833 12945 16193 10119 17245 16206 18684 19739 16426]
1094,[ 1285  2245  4959 18859 20356 16986  5470  3604 10699 10690]
1095,[20651 15596  8662 16991  1814 20964  5052  1937 23069 13955]
1096,[17914 17334  2129   905  7387  1971  2140 15268  4315 14851]
1097,[ 8783 16399 16247  4166 12874  6715 16208  2707 22753 20396]
1098,[13039 16518 16767 16440 12955 16317  6261 13879  5048 16291]
1099,[16274 14128 17651  4373 16794 10301 18566 12087 15516 21017]
1100,[22011  5460 16908 16296  1550  4571 11123 10289  2701 11479]
1101,[11358  7015  4445 12648 16930 16510 16551 19989 20142  8927]
1102,[ 2714 19532 17843 22117 20523 16685 13910 15388 19962 14997]
1103,[ 9383  3262 10016 12396 15189  5565 22478 10003  7439   925]
1104,[ 9700 15740  4216 22196 16371 16339   728  3089 15441  1966]
1105,[16103  7068 16393 18196  9141 16372 16517  3273 11313 22049]
1106,[ 6982 22093 19029 10827  4745 19027 14092 16782 22918 18943]
1107,[11015  2257  6134 11123 21489 14937  7586  1692 13298 12505]
1108,[21505 13287  8561 22469 17745 20431  4817 21834 12808  9944]
1109,[15487 14768  3392 15147 15960  3430  3079 11624 10457  5959]
1110,[12180 16681  3617 10692 10766  6230  6000 11519 17125  1070]
1111,[ 8343 10830 16241 19047 13007  6771  2729  3851  6210  3859]
1112,[14376 10528  6246 10229  8286 17362 13169  7123 18974  5930]
1113,[17226 20485  3453  7248  8662  7535 20892 15852 16383 20964]
1114,[21037  8203  6704  9967 10486  8906 18899  8632 14967  4119]
1115,[ 5478 22430 15451 21810  2503 11244  1859   309 22370 12124]
1116,[21952  7756  6655 13459  6537  1166 15651 18760 21069  5653]
1117,[19643  9665 22284   680  4569 18627  2151 20765 11460  7721]
1118,[ 4445 18274 12789  3082 16930  1968 22551 13104 22052 19281]
1119,[ 1170 10101  5013  9808 14142  8280 10687  3343  2618 11830]
1120,[12468  6615  4484 22156 10033 11513 21685 15081  9904 16125]
1121,[ 6607 17230   925 11721  1812 20623 15746  8134  2974 17310]
1122,[ 5688 16442 15782  9156 16196 15630 16447 14092 13765  7574]
1123,[13956 19247 18317 12149 21284 17355 19864  3658 11809 17928]
1124,[20223 12718 16076  2573  9146  8617  9814 15739 10428  3270]
1125,[17843 19962  1506 20143 12218   615 16552 19693  4860  2346]
1126,[10998  1585  7558 16686  3055 22118  6326  1695 11863  8880]
1127,[16045  6943  9713  9719  1637  9574 12754  9627  6644 20813]
1128,[14020 22422 19780 13212 11751 12985   905 10332 10417  8008]
1129,[ 3653  3701  9364  8027  5959  5196 15043 22705 22746 22430]
1130,[ 6314  8308 22141 15881 18328  3672  9119  9647 21184  3095]
1131,[22156 10344 14943  5178  8591 18612  1136  1853 10623 22422]
1132,[ 7480  7255 17951  2431 12212  7262  1491 14187  7487 17116]
1133,[ 6315  6316 22507  9684 19069  7685 22422 21820 11751  8474]
1134,[12468 11513 10139 12879 16074  8474 16315 12286 21685 22048]
1135,[ 9752 13957 13937   846 21654  7426 11988  8993 21719 13082]
1136,[12691  9896 16674  3338 14579 11261  9366 10815 15382 10350]
1137,[14712 17832 18457 19603 17204 12135 14308  1994   624  2581]
1138,[15462 21017 21147 14128 10842 16274 15516 11424 20239 16794]
1139,[ 6585 14022 16748 20242 16992 16903 19766 21576 19632  8360]
1140,[11780 10304 16991 23069 21201 12246 16225 22791 16472  3419]
1141,[ 7768  1571 11643 11809 16188  1332  5412 15915  1013  1051]
1142,[19162  2824  4313 11467  3965 11315 17945 16802 22667  4402]
1143,[14205  7525 18313 15600 15823  1594  1596  9209 16233  7019]
1144,[12794 22739 13883 20097 12772 13567 22210 13914 22373 14718]
1145,[14575  8341  5048  1746  9751  7248  2201 16263 17166  5655]
1146,[21921 21476 22477   656 13257 18610  6099  1267  8011 14644]
1147,[ 4445  8927 17335 19548   890  9799  7247  7635  9734 15342]
1148,[12277 11424 17651  5411 21961 15044  9555 21422 12730 12529]
1149,[12341  6623 13614  2856 20143 11982 13717 21949  1879 18040]
1150,[ 3198 15739 10739 18695 20609 19532  9814  4689 19064 15388]
1151,[16766  9325 20344  3451  2684 10690  2245 17375  9388 18729]
1152,[18439  2942  3217 15893 10781  2917 20841 10573 18364 20050]
1153,[13017 13955 16757  7514 16193 20153 13120  3029  8373 16347]
1154,[ 3705 10147  2717 19249 12070 20016 13519  1110 17334  5429]
1155,[20970 16371 16757 18995 13879  2729 17220  5736  7180 16506]
1156,[ 6260  6210  4424  2314 18823  9156  6601  8343 19828  8781]
1157,[19033 16572  2018 12804  3252 20017 10216 18292 17016  5719]
1158,[11167 19620 19693  3837 19565  5035 16552 19019 22751 20192]
1159,[16564 14063  7550 20701 16295 16551  1683 13563 11358 16193]
1160,[ 4717 13039  5655  3375 15531  8987 16616 13743 16440 11267]
1161,[ 4050  4093  1661  5031 12098 22756 12648 22551 12479 15087]
1162,[13033  7450 15336  9337 18123  6945  4547 18679 18571 21218]
1163,[ 3654 15700  5873  7074  4484  8069 11988 12468 12960  6615]
1164,[16161 10740 11515   875 13877 17448 14240  5469  6021  3615]
1165,[22722 20883 22304 22648 21483 22645 21238 11125 12479 20881]
1166,[13859 16568 18100  7341  9951 11629 14308  8081 17719 18571]
1167,[14922 15408 11787 21780 13546  3745  8989 20972 23083 17443]
1168,[ 2919  1924 15616 16942 17291 20484 12480 12792 16912  1247]
1169,[12874 15600 14205 10937  2707 16372 16315 18313 16399 10393]
1170,[10217 14676 16696 22211  2185  3678 10494 16908  5882 17068]
1171,[ 8197 10855  9469  9133 16581  7550 20396  5736  4032 20418]
1172,[22196 17727 21683 16154 18142 21458 20653  3013 13951 13614]
1173,[16126 14441 18475  1439 20699 10104  2605  6903  2163 21454]
1174,[17398  3027  4041 14029  6045  8258  7425  8859 19838  1327]
1175,[22071 21232 10118  4797  5822 14580  1495  5048 15272  3359]
1176,[12218 19962 17843 16908 20762 10428 11479 20698  5412  9348]
1177,[12916  9021  9970 11306 16862 11866  3118 20616  9311 11103]
1178,[22764 19064  8708 12924 16044  3198 18602 16139   892 13994]
1179,[ 9961 16795  7942 18028   954  4849 16774  1252  5232 22647]
1180,[11461 13168 16247 16578  4032 16399  1596  8783 12874  1594]
1181,[17405  2740 16806 21672   988 14761 15962   746 16664 21221]
1182,[18230 21458  4737  4110 13717 19032 12499  9967  1614  4904]
1183,[16193  4051  7550 14063 16564  5736 16551 18684 16295 15342]
1184,[ 8299  2705 17970 11100 16347  7070 16769 12501 18576 14790]
1185,[13585 10133 12483  9514  9110 16135  4878 19316 12511 21069]
1186,[ 8960  8131 11195  6784   358 13919  9604 23151 12988   921]
1187,[ 2671  8594  1737  1587 18838 14293 20377  3222  7045  1661]
1188,[ 1247  5031 12501  4051 16295  4093 20701 16551  3029 12648]
1189,[18214  2705  4366 16565 10153 17727  3916  3439 10408  6210]
1190,[ 5725   779 12207 16814   657   899 13606 21477  6347 15343]
1191,[ 7471 20900  2282 17282  8081 17083  5453  8556  3151 18123]
1192,[ 4978  4527 17059 14293 16588 17296  1878 17077 18664 20142]
1193,[17998 18322  1970 11508  2639  7207  1167  9141   359 17227]
1194,[ 8531 20897  9333 19058 16382 13881 13811 17394  9549  3979]
1195,[ 4050  2671 10204 10293  2064  2348 14293  4160 16295 17077]
1196,[ 6261  9695  6091 18425 15943 16317 14205  7525 22049 16291]
1197,[ 9069  4472  6259 22958  4942  7723 17179 19858 17070  9822]
1198,[20747 14291  2662 19383  9734 13772 14541 11432 17254  9404]
1199,[19962 16908 17843 16168  2346  2714 12218 10289 20143 16756]
1200,[ 4611  3203  7015 20747 20360  4885 21404 19066 11314 11863]
1201,[19535  2786 13621  3065  1017  2007  3067 11015 12480  1924]
1202,[ 8299  8349  1374  6972  2510 11863 20876  7015 20297 10622]
1203,[15494  5692 14462 19590 21526 18088 11016  1942 20329 11119]
1204,[10815  2007 11062  3065  6749 12108 11236 10823 13621 18272]
1205,[ 8203 21037 14132  8829 19497  9789 17750 20142 18926 21174]
1206,[10033 16553 14017  8228 18439 16125  7572 10193 14943 11585]
1207,[ 3837 16552 19019  1506  9433 19693   888 19198 19620  5035]
1208,[ 4013 15739  6607  9967  3198 13951  4940  7950 18902 21458]
1209,[  852 18942 14533  5163  1261  1541 16542 17470  4874 15490]
1210,[ 2552 14130  1316  1193  5472  2104  1565  1949 20187 13575]
1211,[ 1096 17282 12135  9383 21389 18457  9975  7805 21339 15189]
1212,[ 7885  5810 15930 16289   359 12566 14205  3860 16569 18232]
1213,[ 4249  9860 15388  4480 12734  9693 10376 15818  4213 16188]
1214,[17773  9325  2714 16766 12178 16685 18115 15388 12059 19602]
1215,[ 7247  9447 19349 11432 22667  7966 10252 18040 10353 10070]
1216,[11476 12994 16883 10808 10993 19027 13948   615 11507  2011]
1217,[19516  1154 20196  2418 15930  2201 13383 19552 12566 11025]
1218,[19603 18367  4569 18627 19675  8827  9123 13394  7828  2011]
1219,[22115 22156 22117 14943 13082 16855   846  7074  5484 18612]
1220,[10977 15904 19019 16552  1506  8791 19565 19693 20192 13015]
1221,[ 7105 15616  4904 16205 18576 20645 10071 11312 17291 20484]
1222,[ 6774 18494  3359 17998 14605  2621 10803 11600 14541 22667]
1223,[ 6259 15125  4333 17990 16480 16569 10653  3860 22977  4472]
1224,[ 8351  4032 13154  9209 20970 18995 16321 19740  9469 20418]
1225,[14814  3374  3049 22276  8617 17549  9000  9428 19826 13240]
1226,[ 1853 15227 10612 12469 14997 21344  8591 20366 13929  8580]
1227,[13062  2329  2339 19500  5622 18049 16339  7179 16724 15616]
1228,[ 7973  6225  4800 14967 14943 15739  5178 15388 19953  2025]
1229,[ 5247 16855  3386 10380 14943 14194 19641  5992 10361 14567]
1230,[22412 18020 12994 17180  5481 21339 12061  7710  2011  3609]
1231,[ 8992 15379 17748 10790 22479  4016 19740 17245 12674  5050]
1232,[ 4892  8649  3859  8351  9209 14889 19867 13219  3838 16544]
1233,[ 7756 15651 21952 12166  3211 19349  9789  6537  5653 16686]
1234,[12988 19684 17658 17114  8100   921  5040 15516  9770 12717]
1235,[18360  3222 22391  5836 21871  8052 10277 11519  4160 19283]
1236,[17448 10703 11516 21339 21389 22478  9383 19227 15667  3700]
1237,[16795  9961  4849 18028  7942  4519 16774 22647 20943 22831]
1238,[10133  4904  7179 15616  7728 16534 19500  6778 13062  1941]
1239,[12648 10293 11358 16510 16551 20701 22756  4051 14063  7550]
1240,[16241 16208  3439  9751 14790 12797 16544 16285 10776 20485]
1241,[14257 12442 23013  5808  2691  9322  8822  2310 16802 19349]
1242,[ 5430 22087 17049  7710  5481 10263 10747  9792 21714 12189]
1243,[20653 13240  3817  4216 20788  7973 12231 13217 10083  1975]
1244,[ 6212 19117  5411  6113 20824  6759 12822  9633 12405 17178]
1245,[20892 15941  6456  7525  2103 20890 22609 14205 16341 12888]
1246,[14790  3851  3859  4892 10830 20485 20153 16241 11345 13981]
1247,[ 2943  6134 16791 21930  7460  2417 10243  9960 21305  3244]
1248,[20308  9156 16249  4670 17871 19828  6260  8095 10153  8718]
1249,[ 3859 20152  9051  3851 10391  4806  7942  3806 20185  4224]
1250,[14127 18926  5661 12984 16239  2101 22831 20606 14183 18028]
1251,[ 7247  2695 21009  9404  1435 19281 17166 10313 23028  9734]
1252,[16207  1814 18322 20964  9695 13017  7207  9700 13371 14928]
1253,[ 2701  2716 19244 16936  4249 11479 17714  2476  5460 10289]
1254,[ 1331 21058 19735 13859  6250 18367 20025  4524  2709 19654]
1255,[ 7179 19383 10104 16135 13062 10133  1767 19593 18475 12336]
1256,[15253  7242 21359  9165  8769 13828 13964 12697  7175 21358]
1257,[ 8228 15601 16553 16462 16125 16074  7182  7068 15870 16518]
1258,[ 8930  1577 12475 16726  1748  1749 12975 13118 19932 11820]
1259,[12718  9146 14298 16858 16154 16168 16110 19953  8218 13910]
1260,[ 9766 12718  4400 18470  3013 16017 18142  8218 19842  8816]
1261,[ 1664  8531  3979  4474 14581  9333 11460  5142  1212  4631]
1262,[ 7819  8125 17988  7816 21040  9555 17915 13625 23014  4242]
1263,[ 3192  4059  5020  5836 20511 16686 19283  3083  2695  1435]
1264,[  890 19548  8927 15342  4051  9751  3192 16425  4445  7550]
1265,[ 1298  3722  4501  1241  8799  2217  2358 23153 13926  4243]
1266,[15980 12369 16686 10998 20511  7558 16422 15342  5020  1966]
1267,[10846 11064 17284  1986 17383 15176 19351  7485  4356 11524]
1268,[14790  3851 16241  4248 10285 23093 21592 11345 10830 19047]
1269,[ 5412 20698  1013 11643 19244 22011  1571 19834 10494 11123]
1270,[22156 14943 16855  6459 14997  5992 13577  1943 22115  7449]
1271,[ 9383  6003 17068  9336  6693  3700 11516  5461  4689 16908]
1272,[15616 18576 19667 16347 10071 22764  1941  8299  2905 20360]
1273,[20396 10120  5736  9469  6715 16208 16581  4032  8197  1509]
1274,[11310  7734 12850 20587 18315 15700  5485 18646  4635  1112]
1275,[10025 21588  7954  6365 18240  4922 14128 19002  1560 20290]
1276,[ 8649 13981  3862  6771  4550  3851  3814 21809 20485 19765]
1277,[23144  6678 14849 16043  1930  1942 20595 19590 23162 17859]
1278,[16130 20053 15308 14323 12888 15798 16315 19867 16021 16506]
1279,[17687 18188 10365 20484 21774   597 12111  1633 16030 16791]
1280,[ 8481  7885 16289 21232 12955 10870  5874 19324 10118 21620]
1281,[12851  7661 13684   825 16986 19064 16376  2315  3198  4446]
1282,[ 7928 12234 12789 13969   892 22036  9480  7514  9799 20142]
1283,[16960 16572 14223 16850  3255 18217  4481   931  9839  9003]
1284,[11086 14810  9686 16186 15513  1560  7601 20388 10025  7482]
1285,[13292 13055 17752 12990 19245 11867  5702 21255 17515 21302]
1286,[17983  9110 12677  4611  7015  3203  4529 17105  1730 20993]
1287,[22784 20781  7037 18273  1038 15145  7603  6945 19649 21619]
1288,[18603 16912 17190 21592  3850  2720  8138   930 20757 20925]
1289,[ 2714 19198 19602  6225  9907 19064 17843 15739  8599  2236]
1290,[15222 17055  4609 13098 10236 20925  8584 20326  3104  3989]
1291,[ 3374  9000 19953  3728 13039  5655  6849 22996  5178  3375]
1292,[13810 14298  8617 16522  2707  3270 16554 15531 20192  1505]
1293,[ 6771  2729 10620 18886  8649 16447  4424 14323 13007 21809]
1294,[18115  1854 19863 19298 22211  7755 12149 17264 16916 16685]
1295,[12808  9011 15109  2839 14844 13974  2504  3459 12607 18562]
1296,[13082 22115 18612   846 18606 22117 18364  7074 11507 10839]
1297,[ 7791 18274  7411 22052 14090 12454 21366 21047 13104 16775]
1298,[ 6225 15915  8599 16110 11740 19602 18602 16376  1285 15739]
1299,[ 4313  6210  8343  9332 16639  8419 12327 17378 10409 16558]
1300,[15966  4928 19241  7791 22007 18926 19497 20606   664  9339]
1301,[ 4569 18627  7828 15049 22523 14193  9123 13394  2151 18764]
1302,[18364 18476 13411 18278 10825 22789 18606 16984 10839 14567]
1303,[16249  4110  8718 20751 17466  3837 20308 19620 11759 17253]
1304,[13964 11447 21359 16650 21927  5336  1902 22801  6036 13828]
1305,[ 2282 15435  2764  3262  6972 22478 12898 19644 21919  5797]
1306,[ 2729  4424  6771  6210 16241 13007 10620  4870  1235 10153]
1307,[ 2707  4166 18602 18995 19740  8351 16569 16616  8617 22753]
1308,[12636 20824 18892 11953  8082 10803  8167 13051 21180 10382]
1309,[ 3654 15081 14943 15284  7074 22156  5992  5679  5336  1943]
1310,[20149 16285 16544 10654 16757 20485  4892 17296  4969  8351]
1311,[ 1859  6250  7554 20709 19735 16161 20340  4157 22430 11476]
1312,[ 6970 22719 12797 13017  2103  1509 16449 16347 22360 15942]
1313,[ 3441  8683 18230 19198 18470 21458  4110  3438 16328  9967]
1314,[14298 16554  8599  8121 20762 19780 16168 15049 16883 10425]
1315,[  615 18612  4860  8828 10623 19962   869  2011 17180 14240]
1316,[13969 12234 13532 22588  2019  9133 13635 12425  2083 11358]
1317,[18530  1200 10646 12162 15666  7575  2380 21907 13636  7978]
1318,[ 7817  3986 22482  8051 13585  9734 19149 15245 16207 11432]
1319,[19641 11107  7011 11632 20018 21675  6742 14567  6811  5786]
1320,[19451 20879 17055 10151 13162  4582 22104  2314 10408 19831]
1321,[13082 12994 17180   615 18612 16883  2011  8828 22115 10808]
1322,[12787 12405 10493 11003 19978  9061 12460 22349 10441 13545]
1323,[22625 22153 11004 21164 21378 21388 23019 11490 16364 21371]
1324,[10500 16686 17342 21871  3211 10699  5836 11109 20511 14130]
1325,[16457  2662  5697  6173  7201  1201  2167 19765 16205  7957]
1326,[11516  8827 12061  5560 17068 19389 12060 14004  7721 19659]
1327,[21299 13669 22170 14276 10858 20197 19566 10700  5449 15490]
1328,[  615  4569  8828  2011  3435  4860 13948 19962  9123 21211]
1329,[19446 22600  6918 19614  2637  5636 11180 13466  5667  5346]
1330,[16207 22452  9700 16333  7179  3089 16371 16135 19500 18322]
1331,[ 4601 16930 12483  7015  8927 16425 22588  4445 17059 12677]
1332,[ 1565  1949  2552 16135 18070 18041 19500 19316 22452 12336]
1333,[ 3973 17240 13696 16118  3764  6920 17320 17439  5395  4829]
1334,[ 1897  1235 22430  6250 10153 20340 21810  6982 20709  3439]
1335,[10425 14967 17549 21765 10432  4800  1136  8145  4641 10418]
1336,[16113 13623 10510 15632 16292 13017 20964  9209 10119  9695]
1337,[17382  6056 19196  9637  7316  1380  5936  2704 10979  8179]
1338,[13076  5462  3401  1541   800 12521 14533 10078   852  5163]
1339,[17914  1506 22523  4860  7828 18627 19019  9123   615 15049]
1340,[  324 17083 22921 18109 19331 12995 19763  5642 11624  7566]
1341,[16016  3741  6281  9279 17762 20797  6749  2529 17957 22986]
1342,[17282 17961 14307 15189  9975  2448  4168 17905 17516 14004]
1343,[19027 20055  3743  4179  4821 14768  9074 22338  5751  1777]
1344,[  742  9705 16083 13051 10991 21474  6212  7723 13109 21139]
1345,[ 5486  7670 21654  5480  8069 19298 19579  9483  5484 19098]
1346,[16581  2310  4032 13253  3273 16321  1583  7246  9469  9209]
1347,[18760  2956 22667  3375  8481  3089 19324 13039  9322  5655]
1348,[13749  1369  6744  9110 20158  1729 16876  7633 20597 10358]
1349,[21453 16207  7207 20964 17220 14428 16193 16295 16333  8401]
1350,[ 8826 21930 10365  2943  7460  9914 23047  8840  9960 22009]
1351,[20149  9751  7248  6715  4166  7400  7550  1966 14575 16820]
1352,[17410 17714  2717 14065  6794  9325 17234  3705 16090 20990]
1353,[16500 15683  9732  7033 13992 22873 15948  4768 11237 19727]
1354,[13406 15580 21347 10363  3652  7271 10378  9474 22685  7017]
1355,[13017 20964  4692 15632  7525 15596 16546 16036  1814 13253]
1356,[ 2346  4689  2714 17234 19962 16908  9336  1550 15388  2185]
1357,[10685  8088  2237 18040  1614 14240  5035 19620 21949 10026]
1358,[11720  6140 20516  3044  1569  1613 14465  7951 16450 15044]
1359,[16241 20970  7554 16506 16757  7514  8683 10071 10391  5622]
1360,[10622  2510 20171 20663  2680  1374 18492 13798  8299 16030]
1361,[ 7160  9580 10722 18352  5559  5865 22788  4776 19633 21261]
1362,[ 3275 16036  3395 10529 11263  4388 16563 10374  8662 20217]
1363,[18967 10651  5636 20799 21474  7346 15374 18071  1196  5667]
1364,[13550  8605  5048  3649 11508 21803 16233 20892  7525 12955]
1365,[22616 10400 18576   808 10151 19831  8663  6433 10252 15927]
1366,[23013  8822 15524 13253  2310  9695 22049 16053 11508  1814]
1367,[14065 10494  5412 17714 16554 20698 20762  3695  3613 10787]
1368,[ 3406  2622  7975 20321 11985 20665 18543  8411  2421  8258]
1369,[ 4763 15904 19019  7973 18133 16554  2573 14851 11656  5178]
1370,[10119 17220 22753  8351 13017 16193 13623 16581  7207  5736]
1371,[18562  4368 21868 12550 12207  5367  7583 17013   670 11592]
1372,[ 8125  7345 14734 11236 13017 17193 12556  3963 12501  2027]
1373,[15165 14554 20900 22873  9516  7783 11237 22106  9868 10384]
1374,[16757 20970 17220 18398  5736 15616 13793 18576  3029 16506]
1375,[  621 15889  2494  1386  2215 17676 10018 19026 15770  9685]
1376,[12087   746 17405  9686  9390  8131  3045  9550  8100 11101]
1377,[13533 20229  9258 12710 10461 19166  4331   736  4451  4447]
1378,[11029  5489  9334 12611  5551 18272 18763 10823  3383 11062]
1379,[20217 18973 16407  1832 17106 12384  2986  1988  8086  3933]
1380,[16639  8350  7180  8401  3965  2881 12792  6210 14428   595]
1381,[ 9141 16207 15524  7207 21453 22049 17220 16334  8605 19740]
1382,[ 7033  9732 16134 14090 13046  4778  4554  3708  4695  1486]
1383,[10475 20601 14070  1616  7617 16899 15889  7975 22039  7976]
1384,[  742 16083 14347 21474  6212 21147  9633  7801  6867 12822]
1385,[21304 22211  2714 21394 16644  9348 12218 17783 19098  3695]
1386,[10673  5409 19342 17647 18968  7329  9320  5411 10070  9555]
1387,[17949 16912  1871  7188  5001 16558 11418 21774  2433  8095]
1388,[15051  4177 11503  2597 12153 15250 12601 15180 12063 19497]
1389,[22115 13684  8933 22156 18674 18612 16855 14997 14870 14943]
1390,[ 3986  1529  9956  6452 19149  7477 14067 20651  2877 15252]
1391,[22538  4179  3743 16421  4821  2393 19735 12994  3430 20340]
1392,[16462  8341 16315 15870 16553 16268  9752 10139 15600 16399]
1393,[16822 17839  2053 13159 21714 15582 15577  5165 10263 21329]
1394,[ 4649  6725 15930 13879 14205 16036  7525 16233  9695  1594]
1395,[22958 19271 17186  8449 17212 21173   742 20206 13109 22034]
1396,[  742  9705 16083 13051 10991 21474  6212  7723 13109 21139]
1397,[20715  3270  3861 21828  8317 16399 11749 20258 12300 16268]
1398,[19098 16691  5480  3618  3700  5495  3682 14676  8069  9352]
1399,[15080 21391  7167  5497 19115  8060 14705 12116  1495  1944]
1400,[10859 17231   649 14055  1526  8865 15467 14612  3670 16082]
1401,[ 2559  9165 21355  6036  8354  2194 21685 19085 15809 14769]
1402,[21334 13610  6235 19355 18126 17010 12365 17043  6019  2330]
1403,[14327  8068  3729  2393 20029  1200  5469  8092  1491 22944]
1404,[19283  2176 18629  2695  7207  3451 15342 16686 14063  5836]
1405,[ 2623 10695 21513 10744  5595  3385  7822 19079 21281 13584]
1406,[ 1814  8401 22452 16295 20964 17122 10204 23010 15632 16207]
1407,[ 3859 16241  4550  6771 10776  4892 13981 11033 13007 11532]
1408,[11507  2942 14330   846 19327 21720  9752 18943 14064  8795]
1409,[ 8242  4485 10591  6823  4214  7403 14052 11371 22776 18473]
1410,[22958 19271 17186  8449 17212 21173   742 20206 13109 22034]
1411,[ 6576 18213  8121  4293 20050  6611 15049 16883 22523 19675]
1412,[17055 10408  1038 21774 11629 20326  9378 20879 19545  7273]
1413,[ 1285 11466  3604  9358 17773  5461 16685  9368  5496 16766]
1414,[ 7525  9695 15943  7019 15823  6091 15596 22049 16233 13550]
1415,[12792  3845  4904  4737 16639 15616  8350 10133  7179  8138]
1416,[ 8299  3353  4200  6607 12472  2680 15739 10071 11740  5461]
1417,[22296  8551 15803 19692  7461  4024 19346 19524 15861 19633]
1418,[10391  6250  2314  7341 11345 20709 22616 10151  7554  8683]
1419,[ 2384  4373 17013 21477 12248 15539  5447 12550 21868  3204]
1420,[15852 15930 12188 16295  3453  4132 15571 16193  6970 20964]
1421,[10358 14928 15245 22118 11273   765  2871 13631  3020  2176]
1422,[22958 19271 17186  8449 17212 21173   742 20206 13109 22034]
1423,[18602 21683 18142 16110 21458 14033  3198 16017 20418  6225]
1424,[17056 12549  3027  6045  1716  4859  4041 16928   764   896]
1425,[ 4870 16241 16757  4649 16506  3838 16371  4892 12797  9700]
1426,[ 2577  1309 22346  7722  3931 12159 20837  2014 20963 19605]
1427,[  742  7801 21173 22034 16083 13109 17212  6212  8449  7723]
1428,[ 6849  8783  9469 10120  6715 20396  4032 16247  8218 16110]
1429,[ 8125  5031 10293 12648 16295  8953 11023  4093 13625  7816]
1430,[15861 19633 19524 20315 10846 19516  5662 10790 20890  8539]
1431,[ 6639 11721 14976 15189 16852  9025  2117  9424 14736 10916]
1432,[16289 15308 16103 16390 16372 16130 15908 16393 16517 20756]
1433,[  742 16083 14347 21474  6212 21147  9633  7801  6867 12822]
1434,[13451 11028  5644 15777 13854  9467 11741 11638 21447 16022]
1435,[13435 20621  1335 17422  9309  2416 16928 10103   799  3090]
1436,[  846 11507  9752 13082 15904 10945  7426  4078 10432 21720]
1437,[ 6371  9813 20018 16748  6426 14731 14704 13467 21482 22219]
1438,[ 6246 15174  7163  4322 21628 12898 14907 14822  2624  7184]
1439,[ 1607 20540 15039 16522 18142 20080  1553  1583  4648 14375]
1440,[ 7791  9395 10696 15080 19135  7167  3533  5477 13305  2609]
1441,[13007  7462 10830 17519  5829  4424 10620  7888  6771 13981]
1442,[16522  1553  1500  2875  1583  1702 16705 15923   728 14467]
1443,[20540 16426  9824  3269  1585 11824  6942 13168 14033 22614]
1444,[11824 12798 16292 16426 13623 15997  9824 22753  1594 10119]
1445,[12798 16292 13623 11824  7472 16305 13140 13141 16346 16306]
1446,[12479 11023 20876 19955  7015  1661 14730 22265 18465 19553]
1447,[ 2202  8847 13606 11856  9604 19513  3204 21440 12988  2598]
1448,[ 7808 11286 12027 22997 17515 16642 21302  5593 13055 17752]
1449,[ 6941 14375  8631 15441 16305 19994 10017  1548   628 13623]
1450,[20143  4110 18188 19019 20129 17871  3441  3837 16552   597]
1451,[13037 13588  6469  1897  4016 12124  7243  7174 14396  2856]
1452,[11491  1216  8702 12936  9602   627  2282  2862 21367 14024]
1453,[22958 19271 17186  8449 17212 21173   742 20206 13109 22034]
1454,[15352 16078  3812 20608 14174 23053 13790 13706  2405 22921]
1455,[16074 12878 12879 18381 10937 16341 14446 16427 21031  8474]
1456,[22958 19271 17186  8449 17212 21173   742 20206 13109 22034]
1457,[15180  5865 12396 18870  4177 12694  3121 17401 14838 15746]
1458,[22958 19271 17186  8449 17212 21173   742 20206 13109 22034]
1459,[ 8946  8344  1536 19626  1687 10496 14441 18616 22460 10424]
1460,[14734 17230 18970  4282 19918 20623 21919 19644 21244 16120]
1461,[  742  9705 16083 13051 10991 21474  6212  7723 13109 21139]
1462,[ 1577  1748 12475  8930  1749 16726 13118 12975 11820  9922]
1463,[ 1569  1760  1613  1617  6140  9724  1762  3044  9978 12741]
1464,[ 9502   663 19633 13026  7885 18232 20606  6315 10799  1167]
1465,[16315 15904 15600  2707 22996 16399 15830  6849  4158 19826]
1466,[18069  2678 10301  8527 22210 11522 10045 23145  8743 22164]
1467,[17914 20050 20709  3438  4631 15049 11460 20816  2237  4379]
1468,[18402  5966 12984  6095  5993  4508 17299  5450  3708 15174]
1469,[20360 19667  1683 16347 13955  7550  7015 14063 20701  8459]
1470,[20142 20498  8927 22588 21174  4445 17296 22475 19349 16820]
1471,[20360 21060  4878 14526  7015  2167 16339 11022 20977 18049]
1472,[13879 16036  8343 16113 11463  4649  1594 22326  9209  5808]
1473,[ 4675 22946 15369 22792 14285 14985 18173 10834 10747 12960]
1474,[ 1680 14376  6911 18013  5930 10302 16217  1485  9359  1392]
1475,[19162 22370 11315 22641 10680 23069 22667  2824 17859 11467]
1476,[12781 13026 19633  5826 23002 19694  7552 19068  9502 11763]
1477,[22958 19271 17186  8449 17212 21173   742 20206 13109 22034]
1478,[11254  2402  9962 22003 18895 13688 17112  3019 16316 17269]
1479,[10033 11585 15904 14943 10623  2942   846 22706 18439  3374]
1480,[ 4054  6542  8400 15223 23053  7203 20608  2819 14055  9356]
1481,[ 9141 22049 18760  9695 13039 18322  8987 19324  8605 15524]
1482,[19135 23028 12153 10905 10764 10766 15080  1495 12075  7490]
1483,[ 4173 13627 17565 11092 20455 14421 18443 17135 19871  7797]
1484,[ 1094 21525  9378  9838  7299 14024   627  4609 15222   956]
1485,[20698  5412 15268 14065 20762 17914 17928   888  1013 18642]
1486,[ 5412  8993  5488 18763 16090  7387 11643  1507 18272  8816]
1487,[ 9337 10307 14294 22496 20781 12608  2726 19996 17516  8768]
1488,[ 7435  9970  9021  6901  2770 12241  6949 11350 14417 10972]
1489,[15319 14764 19241  7124 12078  9367  9377  2609 21393 10696]
1490,[23036 10304  9225 10803 15045 22641  3359 13616 11467  1940]
1491,[ 9378 17231  1649  9647  8085  1714 15467 20092 17055 19929]
1492,[ 2011 20751  2856 10186   620  3952  3699  4860 20143 10026]
1493,[15341 13535 12430 13097 13765  3144  8651 13930  8875  8340]
1494,[ 4689  2701  5460 17234  2476  9336  2714 10217 11479 10289]
1495,[15266  8569 19531 14092  8651  5360 16480  8551 12995 20358]
1496,[ 7808 11286 22997 17515  5222 19629 18763  3383  5488  3455]
1497,[17803  8375  1181  2382  5976 10923 10004  3244 10021 20034]
1498,[ 4728  6548 18433  2371  2304 13015  8090 11461 14851  5654]
1499,[ 7122  8000 23055  8387  8905 14752   789 12479  1171 16775]
1500,[ 1587 22148 12719  7504 15658  1171  6432 14293  2064 10204]
1501,[17381 14347  7995 16806 15192 22349 12822 10304 13560 17303]
1502,[10500 14196  2715 17342 20876 17105 18629 19283 22265  1729]
1503,[10252  4670  7627 19004 13865 10151  2705 16347 16113 15942]
1504,[ 8375  4487  8088 13614  2237 13951 19204 11982 16789 16217]
1505,[23010  5052 13955 16333  3029  8401  8668 13793 16639  8459]
1506,[16223 16205 10071 13800 10285  6972  8299 20757 14415 16241]
1507,[17249 20405  5642  7530 23083  8729  9954 19451  5362 21907]
1508,[15596  1814  5052 16991  8401 13955  8662 20651 20964 22482]
1509,[16168 16554  8993 13082  5412 12718 20762 14065  4512 17714]
1510,[10090 22130  2027 12903  9487 18628  1847  4861  2333  1832]
1511,[17843 18695 10739  2716 20609  2714  2701 18179  7069 20523]
1512,[ 4959 22028 10699  5050  8134 13375  9388  5470 22318  7558]
1513,[ 4821 18597  4179 14327  9020  3743 10808 17396  6250 16579]
1514,[ 2529 15924  3212  6970  7345  4399 18109  7514  5622 12797]
1515,[17291  2919 11100 10071 16769  8299 18214 22719 12480 15616]
1516,[18603 20757 17256 14526  2919 14415 16223  1247 21592 20202]
1517,[20474  2510 18465 18492  2340  7728 15665  1586 18103 12479]
1518,[ 8081  1994  1664 19643  2151 20369 13111  2136  4615 14308]
1519,[12373  4300 18956  2911  3218 16881 11646 19444 21946  6985]
1520,[ 7388  2174 20505  4359 13057  7783  8367   993 22944 10553]
1521,[22416 16850 13120 18603 16307  3029 16899  1247 22817 20932]
1522,[ 4913  7232 19133  7329 10766  6230  7663 14113  2871  7633]
1523,[20064 11874  8368  6000  1227 13169  1894 13607  5020 16610]
1524,[23071  4735 22048 20348 13485  4721 14766  4091 15724 21833]
1525,[20145 17772 10739 18695  4858   825 12059 17341  7822  1332]
1526,[ 5247  3386  3411 14711 16550  5696 23070  3733  3712  4237]
1527,[16205 19295  7201  8752 16457  5697 20202  8085  3672  3082]
1528,[ 9400 10289 19244 22829 19130  2185 12681  3699 17803 16687]
1529,[13864 16247 16020 10120  6715 19826 16208   852 16581 20396]
1530,[ 1545  6972  8299 18576 10252  6775  4831  1690  7985   890]
1531,[ 2680  8299 12472  4200  2700   868  1567 13986  3800  1545]
1532,[11363  3020  2871 18432 21404  2176  3055 22118 19525  6747]
1533,[ 2716  9325  2714 13985  2476 11479  3695  2701 12178  9348]
1534,[14871  3618 15395  2512  7710 17180  3609  2011 19103 10834]
1535,[11982  8088 13614 12449  1614 19693  5035 10685 18230 17727]
1536,[17880 20208  3858  8618  5026 16034   785 10391  3412 16196]
1537,[ 1552 15792 15954 11360 11158 20677 10354 22527  1583 21764]
1538,[ 4947  8407 22781 11259  5215 14415 18728 17946 13706  4224]
1539,[ 1620  1872  4153  2622 14207 20610 21843 11038  4955  1335]
1540,[13432  3682  3618 19134 19298  9349 21369  3700 23022 16691]
1541,[ 2014 12841 22346 10301 23145 22830 10990 21710  8007  1158]
1542,[21031  5039 16074 21793 10937 20237  3864  4960  3860 16315]
1543,[ 3235 20603 10354 12878  7182 14446  7068  1596 15844 11379]
1544,[20621  2866  2416 13134 21713  7406 13126 15466  2626  3090]
1545,[ 9814 16552 21211 20143 19198  1506 19693 13810 20609 19962]
1546,[ 1017 13865 15839 16769 19535 14790 10896 11345  3437  4248]
1547,[18995 18602  1975 13039  3273 16724 20418 20756 17220  5655]
1548,[ 5523 15442 21950 22722  1043 22292  5471 21184 21186 22621]
1549,[13024 16134  4778 19727  2563 16795  4399 19262  8122  4497]
1550,[ 4955 21873 11038  8411 13961 13628 13470 11795  6781 10963]
1551,[ 2609 14273 21326  8052 10762  3083 21404  8752  8064 22794]
1552,[ 1971 16273 13811 13791  8531 18705  7441 10808  6250 12492]
1553,[20584  1384  4922 11252 17148  1751  4402 17307 19162 20741]
1554,[10408 19831 20879  4924 17055 20676 11629   599 19948 21774]
1555,[14301 21338 15107  2428 17174  5334 15323 10960 14921 13930]
1556,[13986  2680  4200  4648   868  1305 21938  2233  6427  9907]
1557,[ 7262 10307 22496 10713 21691  7273  9762 15336 12160  9479]
1558,[15664  4874 21348 21389 10740  6207 21405   875 12974  2011]
1559,[14937 18237 12295 13052  2257 12505 12611 11736  7586 12544]
1560,[17268 10685 13644  6607 10006 18230  7950  9967  4213  2236]
1561,[ 4721  4776  5850 15356 15080 19281  2210 13987 14406 17166]
1562,[16559 17353 15879  4930 21620 10870 16129  5874 12663 16591]
1563,[ 5706  9480  8452 11158 16334 12816  2607 21168  1710 17296]
1564,[12988  9770  5040 17730 18543 21530 21571 15611  5267 16003]
1565,[12218 19962 17843 19103   615 16908  7407  5495  2011  3699]
1566,[15816 12065 20684 10432  5571 11362 15700 21255  4775 16653]
1567,[14064 10432 15904 10425 14943 13082  7426 22422  6237  3728]
1568,[ 8401 22452 14428 16207 16135  3089  4878 16053 14928  9700]
1569,[21394  3658  3613 21304 18318  3695  5132  2736 17783  2716]
1570,[10781 10802  4727 10573  3217  5644 10839  2942 11741 11988]
1571,[14439 12636 10991 22687  7731 22298  1890 13274 21704 21673]
1572,[ 4592  5930 19349 21174  6972 20876  6775 20747  1941  7558]
1573,[ 5480  6947  1854 22211 13910  8591  9352 14997  2714 16855]
1574,[20817  6220  8729 20741 18888  6336  2678  6948  5166 22587]
1575,[ 1495 14599 13964  4960 14602  8769 18065  3649  7167 19153]
1576,[20741  9002 12754 16556 18847  9810 16028 10618 20665 10506]
1577,[ 3695 20990  5429 16696  3613 17783  9348 17293 21304 21394]
1578,[ 7978  2393   875 19673 11264  6021 15076 13057  1461  6250]
1579,[ 2716  2714 10289  2701 17234 22211 13985  3695  5882 10217]
1580,[18470  8816  4689 17714  5460 17234  2701  2716 19532  4200]
1581,[ 9808 18071 22818 10431  1549  2578 18130 13256  6796 17730]
1582,[15308 15656 16553 16462 16315 16125 16390 19867 15904 15879]
1583,[10417 10418 21012  6794  1652 10467 10425 14851   905 11362]
1584,[16247 22614  9469 16110 14033  5736  4032 20396  8218 10120]
1585,[ 9966 12191 15447 13863  7941  7018  7827  4810 14031  8463]
1586,[12010  5783  9165 21793  4960 15941 10937 15766 21031 12881]
1587,[ 1096 19308  8840 21348  1994  3609  9393  7460  5590 12135]
1588,[15947 22338  3650  2795  2053  4179 16022 11361 14768 12994]
1589,[16385  7044 10979 10175  6880 21731   740  2348  1599 17915]
1590,[ 3429 10425 19962 10428 22117  7598  7821 14997 18190  9352]
1591,[ 7400  5736  7550 15342  6715  4051  8927 19548 11740 16820]
1592,[ 3438 13030 12551 18188 17449 21582  1181 14312 10408  3441]
1593,[16223 11528 10071 12480 16449 21630 14790 21592   344 14730]
1594,[ 3083 20356 17341 17772 19080  1435  2623 10762 21871 10744]
1595,[11237 10248 15856  3812 15699  4012 23147 14976 11359  3545]
1596,[14881  3152 17519 12192 19225 20072  5334  3633 17262 20405]
1597,[22588  8197  6941 13969 10071  4601  8299   662  9039  8927]
1598,[19032 17442 16810  1392  6921  4110 17466 13260  3785 18641]
1599,[ 2667 20546  4518 20344 22575 11426 12349 12178 12059 18318]
1600,[22588  8197  9133 13532 13969 10120  9321   784 12234 15827]
1601,[18060  7928  7635 16044 17317 12234 13371 17245 12789  7550]
1602,[ 5736  8197  7550  4051  7400 18684  8927 16193  9133 17317]
1603,[21888 15029 18178 21325 15034  9310  5218 15305 17553  7160]
1604,[22588 13969  8197  9133 10855  6941  1548 14231  9039 16449]
1605,[21939 11043 23062 12441 12192 19217 20823 16648  2287 15699]
1606,[23162 17064  6255  7045 10878 22939 18838 14849 19590  2986]
1607,[22588 13969 12576  4601 11358  8349  1374 14231 19553 10855]
1608,[ 4293  6576  2140  8121 13894 11278 15049 20134  2129  3801]
1609,[11820 12975  1577 13118  1749  8930 12475  1144 21851  1748]
1610,[21221  5695 16806 15075  6918 14761  9890  7594  1344 21672]
1611,[22326  2729  8343 20709 10245  6210  7627 20208 13879 16573]
1612,[ 3928 20796 11467 16905 15837 19162  4402 11315 17945 11252]
1613,[11001  4032 17965 14033 12590 15827  6715 13532  2406 11461]
1614,[19103  2011  3699  7710   615  3618 14676 19227  7407 10747]
1615,[12472  1607  1129  1332  2680  3198  8816 20596 11740  4446]
1616,[  890 15342  2695 17335 16510  4051 13585 13793 19989 14063]
1617,[20701  4884  1875 16564  1135 11358 17077  5031  2064 16295]
1618,[16757 13793  7514 17220 20970 18060  7928  7635 22036 16506]
1619,[ 4892  9700 13955  4870 16347 20522  1966  8605  6725  7248]
1620,[ 3812 11237 17575  7450 15856 10248  4012  8361 23147  6118]
1621,[14298 16376 15915 17962 19679 13572 19953 16858 22614 20788]
1622,[ 3613  2736 18318 13985  2716  3695 14408 11169  2476  5132]
1623,[ 6085 22725  5228 16871 15188  5711  2137 12939 22266 19374]
1624,[ 9830 16263  3665 10739 10663 14997  9814 14575   825 13577]
1625,[13726  1387 12104  4050  6255 10076 16861 14741 10878  4886]
1626,[22331  8578 15018  2606 12900  2308  4485 17063  4910 10141]
1627,[20713 10808 19327 10573 19027 11507  6611 22946 20257 10827]
1628,[ 8828 13948 15287 11656 10425  3435  7622  9146   846 22946]
1629,[18145 22787 22071  7896 20286 21981  7242 15422 12697 10635]
1630,[13955  1683  5052 20485  4836  3029  8401 16295 15193 16347]
1631,[ 9799  4969 18733 20701  7928 17335 15746 17245   890 21876]
1632,[18433  4671 16581 16020 13572 16705  4032  9603 16467 10489]
1633,[ 4960 21793  9165  5783 14769  8769  1902  5541  1495  7242]
1634,[17083  7471  1494  9516 15927 22033  3151 23106 11237  1528]
1635,[12878 14446 12879 16074 18381 16341  7182 10937 21793 17844]
1636,[ 8387 15188 22722  2427 11023  5711   789 23055 16814 22292]
1637,[17651  9392 11002  4373 17767 16274 17004 12833 17825  2323]
1638,[ 1934 17807 12686  6924 22801 12896 17424 13122 19141  8206]
1639,[ 8134 12396  7220 10016  3082 18870 21047  5865  1285  4959]
1640,[19735 21348 22761 20070 15029  8068 17758 19113 10713  3546]
1641,[16017  9321   784 13714  2021  9133  2019  4537 19747 22588]
1642,[14063 20701 11358  2313 16551  7550 21052 22756 16510 13464]
1643,[15904 11656 13810 19565 16168 16554 15893  6547 16552  3441]
1644,[  892  4969 17245  7928 12234 16285  7514  7740 10071 16206]
1645,[ 1773  2340 14326  4972  8788  7985  6876  1154  2110 14159]
1646,[10168  1880  9978 22460 10172 22148  6140  9724  1569 16489]
1647,[15189  7507 20394 19566  9631 21585  7930  9975 13465 19322]
1648,[21265  1853  4642 16855  9933 10461 19273  8735  9253 19524]
1649,[11656 14967 16328 16139  3441  6547 17549 11267 20192  8816]
1650,[20989 21374 19287  1070 22477 21422  6440 21184 10465 21363]
1651,[ 5736 17220  7550  8197  7400 18684 18060 22614  4051 16193]
1652,[12468 14943  4484  6615 22156  3654  5992  1943  5873  6036]
1653,[14607 13084  9491  3080  9615  5001  8280  1239  5034  6948]
1654,[18194 12028  3756  1541 17401 22028 20592 15174 16849  7697]
1655,[18530  6233 18393  2428 21907  2357  7480 12664 20505  7487]
1656,[ 3914 10678 13828 12468  5336 13526  8973  5992 13406  3079]
1657,[ 9877  6539  5462   800  5450  3417  4959 17826 17264  4282]
1658,[16987 18602 12285  6451   892 15379  1752  2630 13978 16110]
1659,[12010 15766 11092 19811 16460 15081  3864 18143 10315  3856]
1660,[ 7017 13410  3237  2795  3022  7952  4568 14768 18476  8965]
1661,[12468 13458  4484 22156 14943 14245  6615  3654  5992  1943]
1662,[19532  4071  7069 12851  6225  4446 14943  9814 15915  7426]
1663,[10151 19004 19903 20970 16253 10252  4904 16241 14288  6195]
1664,[15571 15673  1387 16586 16312 20876 14591 18544  4884 21731]
1665,[ 4188 14404  1767 21137 13562  1578  1802  1660  1759 19821]
1666,[13458  9165 12468  8769 21359  7175 13964  7242 13828  6615]
1667,[21262 10825 21840 18879  9474  6468 19228 12082 11757 13413]
1668,[14179 11513 14064 15081 19811  3411 20789 10773 12334 12286]
1669,[20970 16241 10071 17245 16757 16724  8197 15616  6941  7514]
1670,[16130 16506 20970 16371  4870 16757  2729  3375  7554  8343]
1671,[10259 21673 14643  9335 16429  1890 19149 13813  1658 22370]
1672,[ 9689 10368 18298  8317 15661  9843  7342 15275 17724 16412]
1673,[13458  6036  9165  6615 12468 12302  8414 14245  2559  4484]
1674,[22478 15435  2764  6911  4400  1485  6446  9975 22009  6246]
1675,[ 3699  2011 10704 14676 13064  7710 10186 13394 19103  7407]
1676,[14764  3269 17772  1009 11363  3055  1966  2871  7118  4132]
1677,[ 7928  7514 16757  8197 16285 16564 17245  5622 10071  7550]
1678,[13104 18274  4059 16544  1968  9751  7635 15357 14875 17166]
1679,[13458 13964 12468 14245  9165  6036  4484 21927  6615 21359]
1680,[13577  8880 18902 18040  3198  6537  7966 15739 15651 18760]
1681,[16766 19532 19602 15915 20344  8816  4071  9325  7768  9907]
1682,[14179 20603 10193 11379  7068  5048  3735 22996 20789  6849]
1683,[ 7188  1690  1924 20484  3845 12729  1692 13798  4737 14296]
1684,[ 4969 17037 13822 12924 18567 22588  3082  4445 16205  9799]
1685,[19962  9146 12218 20762 16908 19198 16168 17843 11479 17180]
1686,[18364 10839 22789 16984 14086 18606 18278 11988 10834 13411]
1687,[11169  2736 20990 18115  2716 17293 13985  2717  5132  1036]
1688,[10763  7070 20171  8299 20051  2544  6972  2508  5565  5769]
1689,[ 8134  7247  6607 15174 22265  5421  7950 10699  5472  7309]
1690,[10747  9644  9354 10661 15606 10263 14984   334  2011  8966]
1691,[11244  4425 20879  4477  2275  2316 19831  2709 21907  4924]
1692,[18457  5600 14712  1206 10909 16791  5453 21923 17616  2943]
1693,[ 7472 13623  2064  8631  1949 20102  7022 18444 10777  2639]
1694,[17998 17273 15207  5499 14878 15357 12636 15980 18232  1701]
1695,[19064  8708  1702  3089 22764  2025  2956 12924  6689  6942]
1696,[22546 22710 16603  6520 12546  6062  2500 17383  1625  9240]
1697,[19667 17220 18398 20970  5736  6689 15616 18738 18576 13717]
1698,[  742  9705 16083 13051 10991 21474  6212  7723 13109 21139]
1699,[18641 17466 19019 19032  3837  3441 20751  8791 18230  5976]
1700,[ 4801  7489 17888 17455  6344 10290 14417  4566  8498 21061]
1701,[17245  4969  6941   892  9133  7514  8197 13969 16285 22588]
1702,[10747 18606 18364  2011 14283  7710 10263  5486 14567 21182]
1703,[22830 22346  7722 15205  7827  8463 18102 17262  8263  7849]
1704,[ 3029  4051 16295  1247  9956  5031 12501 16193  6452 13585]
1705,[21685  4484 21359 12468  7175 21358 21927  5666  6036 13458]
1706,[13458 12468 13964  9165 14245  7242  6036  8769 13828  5992]
1707,[16017  8218 16110 19198  9321 21458 11740  1129 16524  9469]
1708,[ 7461 12235 16191  2726 19337 20961 19157 22270  4674 12283]
1709,[14712 17204  6517 20322 19038  4474 16843 19822 17764 13111]
1710,[11302 11491  1216  4191 21723 12656  4169 18203 14315 19996]
1711,[16227 17965 11461 11001  9039 15998  2406 12645 12590  6208]
1712,[ 7472 13623  2064 18444  8631  1143 20102  7022 10777  1949]
1713,[ 5196 10263 19228  3743 15043 22705 11476 21840  2795 19027]
1714,[ 7329  9555 21180 13034 12333 10979 21961 11780  7293 21976]
1715,[ 5196 13859  2393 20070 21211 10522  3262  7341  7821 22761]
1716,[16524  8816  4537  4669 11643  6698 19198 16017  1051 11479]
1717,[13394  3699  8827 14004  1994   624 14676  5449  9393 17068]
1718,[16328  6607  2038  2185 11402 20844  4689 17268  8906 21226]
1719,[16227  9039 12590 12234 13623  2083 17965 13635  1143 11001]
1720,[14225 19926 20097 12179 15292  4584 17933 17556 15054 20325]
1721,[ 8138  2608 19667 20360  8668 15616 20108 17931 16135 18720]
1722,[10427  7333 16313 10492  1064  1642 10430  2421   924  1716]
1723,[ 8074  2245 12130 16792 10699 14104  3451 17802  8941  5050]
1724,[ 9647 18008  5690  9559 15881 12124 23134 22506  2275 13636]
1725,[ 5729  7837 12209 12556  6984  4068 19809 16495 17641  6526]
1726,[19693 16552  1506 17351 20751  5035  8546  3837  9433 19019]
1727,[16168 17180 22117  7407 22115  1864 10425  8599 13082  4512]
1728,[17220 16757 13793  7179 16207  5736 14428  9700 13371  8401]
1729,[10166 17055 13007 13859 20925 16253 15720 22104  1331 18366]
1730,[ 2916  8219  8041  1010 20503 21422 10400  5566 21374 15881]
1731,[16227  9039 12590 13623 12234  2083  4892 10119 17965 13635]
1732,[13458  9165 13964  8769 21359  2559 14245  6036 12302  8414]
1733,[13458  7242 15253 13828 20840 12697  5783 12468  8769  9165]
1734,[10343  4858 18115  2714 11501 20546  2699   900  9907  7768]
1735,[10087  7030 13786 19136 17306  5170  5959  6469 19173 18932]
1736,[16791  6695 12341  5600  8914  2709  1664  1994  2417   624]
1737,[ 4601 22588  8927  8197 20142  2406 10855  7550 12789 15827]
1738,[13458  2559 15081  6036  3654  4484 14245  6615 12468 15791]
1739,[20153  3851  9067 13706 22873  3859 11345 20900  3850  4224]
1740,[ 8086 18049  1143 18089  2147  1579 14291  5015 21454 18465]
1741,[ 7472  2064 13623  7022  8631  1949 20102 18444 10777  2639]
1742,[ 7975  2677  6337 10430 16498  8258   290  9962 10421  6644]
1743,[21065 16610  7521 16690 13942 19918 17230 22580  3727 18970]
1744,[ 2329 10083 10855 12285  1738  9469 17037 18899  5653 18902]
1745,[ 7844 22781  4947 20900  8407 11225 11259  3850 21028 13706]
1746,[17306 22033  5919 12396 15180  7030  5865 17637 19222 19173]
1747,[15656 16125 16315 10937  4157 13526 15870 12318 14064 16460]
1748,[13623 20964 16402 13532 10119 16546 16193 13017 13635  7472]
1749,[ 2726  2732  7487  7480 19673  5469 22496 20340 18306  1200]
1750,[16296  1550 17843 20609 15739 20143 17351 15388 10739  2701]
1751,[ 6615  4484 12468 13814  6036 21355  3654  8414 19069 11988]
1752,[13961  2421 19026  1716  3027  1327  1925   924 17676  2076]
1753,[21241 12067 21148 19291  6766 21216 10845  3043 17955  8544]
1754,[  994  4069 17628 19053  6113 18340 17246 15044  1171   787]
1755,[18352 21299 14679 13380 12084 21264 21932 19144 13255 12102]
1756,[ 1537  1293 11299 15319 12848 23012  2030 16309  6020  8420]
1757,[20142  2700 22588 12991  3055 13822 17037  5653 19242  4601]
1758,[13706 20900  4224  3850  3851 22873  7844 13120 20153  4248]
1759,[ 1167  8992 15392 19447 12674   663  1970  2551  7124  2210]
1760,[19224  2405 13057  7291 13045  8367  6118  4547  7597  9640]
1761,[19349  3055 21952  7756 13459  5653  8987  2662  8459  6326]
1762,[20881  9505  7991 22818  2578  6796 20883 21530  8529 22648]
1763,[15087 18465  1301 11358 19940  4093 16510 12648 22756  1754]
1764,[21582  7554 16261 10938  2236  8683 17302 10391 13030  3441]
1765,[13458  7242 15253 13828 20840  5783 12468  9165  8769  4960]
1766,[16168 13082  7069  7407 17843 19532   615  8546 11008  2714]
1767,[ 4969  8134 11528 21630 18567 15746   925 12396  3121 11225]
1768,[12984 15174 18908  4177 12694  4652  3708 10711 19215  9339]
1769,[ 3859 17880 20185  4892  2116  8212 15942 20571 11955  4224]
1770,[22133 14647 19112 10361  2988  9241 18491  8579  9653 11757]
1771,[ 6830 19532 16090  4512  8816 16168 12718  1864 20223  8599]
1772,[ 7122 23055 10225 12806  4373  2986  8254  8528 14752 10359]
1773,[21111  1949  2552 10520  4975  2064  7207  5015 10204 17103]
1774,[17292 10388  4978 20142 17059 11358 13563 19242 12234  4445]
1775,[11699 12719 13795 11469 11282 10777 16333  1143 18973 20787]
1776,[  846 10839 14285 11988 10033 18439 10834 10791 13082 11507]
1777,[ 8351 13154 20756  9209  4032  4158 20149 16581 16807 19826]
1778,[16514  6941 18214  6896  6651  2705 17727  1254 20970 11054]
1779,[ 6121 11672 21461 15855 22347 15788 15848  8356 21818 22454]
1780,[13743   728  4366  7180 16705 14467 16371  1500  1583 10965]
1781,[13017  7248 20964 11768  7525 13371  9209 10119 16193 12945]
1782,[ 7885  3838  4649 15930  9751 15531  9209 12797 22026 14205]
1783,[12789 13635  7207 21453 22684 18664  6928 19242  4601 12234]
1784,[17880  8212  3859  4224  4892 15942 13706 20185 20571  3851]
1785,[ 9978  1569  1880 15834 20119 22172 22460 19570 13653  7811]
1786,[11780  7293 12277 20239 20354 16931 20858 11424 12730  3419]
1787,[13968 10438 18729 18695  4200  7780  5003  7118 17772  6434]
1788,[22003  6697  3352 20810 18895  3003 12504 15613  4327  1344]
1789,[20970 16506  7554 16757 18602  8683  7514 16110 16139 21582]
1790,[18612 10623   869 13082 10332 22115   846 18674 10839 10791]
1791,[22211 11008 18115  7407  9483 17843  5882 12178 19098  9348]
1792,[11457  4188  1256  2583 10017  1767  1548   628  2553  1735]
1793,[11158 15531  1594  2607 16103  1596  2707 10354  7182 11461]
1794,[19940  1135 22756 13043 20701 13635 11358  1754  1564 18049]
1795,[20810  1637 17056 16966  9713  6644 19935  6586  9574  1064]
1796,[ 2245  4071 19602 16766 10690 15915  1285  4959 16685 10739]
1797,[10506 10434 10440 10441 10421 10618 10492 15978 10430 20665]
1798,[ 2395 21875  3277 18030 22431 17011  4589  2945  4825 20690]
1799,[17843 14997  2714  6626 19962 22117  9352 20393 16855 22115]
1800,[13879 22049 13039  7525 13253 16021 11463 16036 21443  6261]
1801,[ 3095  9516 17190 21308  1526  2345  2577 15335 15927  8556]
1802,[ 8138 21592 18603 17931 15616 20360 19047 10285 10071 14526]
1803,[ 4484 21685 19811 11513 10773 14179 22413 12879  2194 18143]
1804,[14466  3376  6710 16249 17449 21774  4952 10169  3080  1871]
1805,[11100  9935  5003 18460 16030 20970  7105 16769  4537  1692]
1806,[16347 13383  1608 22794 15342  1966  8662 13955  9324 19283]
1807,[15451 22430  7243 15034 14801 13981  1201 17519  4550  2834]
1808,[ 9751  3735 20149 12919 15930 22479  7635  8141  4166 15073]
1809,[ 9903 12417 19132 16364 18138   705  4429 11350  9643 20736]
1810,[10775  5644   316  8828 19028 17964 10781 18640 14336 13451]
1811,[20675 14022 20242 20337 19597 18308 11929 16001  3463 21606]
1812,[19765  1201 14790 16457 16383  4892 20485  1968  1965  6173]
1813,[ 6925 13621 13151  9087 11283 20881 11314 22472 12159 11236]
1814,[11442  4400  2680 11539 13798 13727  3353  3013 11123 21938]
1815,[ 6761  7158 15112 22052 10225 14734 16775  7122 20088 14739]
1816,[11347 10382  9069  2928  6006  9822  8501 20392  2322  7225]
1817,[ 6042 15769  8584 14105 10248 13800 16534 19355  6206  4699]
1818,[ 5495 19134  2714  9352  5335  3700  7828 19288 17068  9401]
1819,[12794 17231  5403  3536  4204  2678 13883 22210 12778 12439]
1820,[14875 13104  3083 17166 10699  1435  4059  1286 17047  2609]
1821,[ 5488  3383  9334  5222 21149  5489  5551 18272 18763  5593]
1822,[ 5930 14376 10528 16217 18013 18974 10302 12397  6246 14386]
1823,[16295 17292 16402 18684 16193 20964 15632 14063 16564 16551]
1824,[ 9429  8481  4745 23150 17314 13097  5808  4501  4670  8714]
1825,[13864 16321 13154  8351 16506 20756 12590  4892  9209  4032]
1826,[ 4601 16930 17059  4445  8927 12483 20142  1661 12789  4527]
1827,[16103 12231  3273  1552 16393 16517 15830 22049  4158 11313]
1828,[16603 12216  9487 11064  6062  3036 10815  2115 19947  6561]
1829,[ 5736  9469 17220  7400 16757  8987 20970 16820 20396 18060]
1830,[ 6546  6517  1916  9767 17363  3797  7042 15408 17443 21732]
1831,[14201  3865 16782 17615 14421 19027  9904 21770  3856  8731]
1832,[17880  8212  8343 23093 12250  3851 19047 10668  8432 10830]
1833,[ 5816  1274 17342 16610 15673 10699 18970  9877 17131  5050]
1834,[10674  1740 10673  2871  5409 22820 10070 17379 17362  3074]
1835,[10510 16113  4032 16581  8351  5736 20396  8783  3273 20418]
1836,[16020 16467 15923 20970 20418  9469 16544 16705 20192 15915]
1837,[ 2861  6069 23134  4210 10408  8409  9559  7592 20961 13694]
1838,[ 6653 15172  1368 16027  7677 12833 17722 11002 21173  7723]
1839,[20344  9325  7768  7780  2233 13986 10690 16766 19602 12059]
1840,[13030 23160 13033 16568  4049 20816  2726 18571 17233  6112]
1841,[22718 21274 21626 12935 14958 20270 17933 19567 20682 20962]
1842,[ 4249 16188 12734 11539 13727  9359  1571  9693  2716  1662]
1843,[22309  7530 18858  9491 21781 18320 13084  8504 19137  9615]
1844,[ 9752 10885 10783  4477  6462  3947  4580 18943 15766 22355]
1845,[19134  7512  9401  9352 12164 10016 16916  5496 19298   708]
1846,[12974 10026  6643  9762 21813  4860  8828  6626  2011   615]
1847,[ 3428  9023 10673 23028 10528  5409  5415 19497 16649 14644]
1848,[12833 17651 15303  2616 16389 19193 12794 16274 22090  6653]
1849,[18733 16017 11740  9321  4200   890 21458  9799 11723  8927]
1850,[ 5992  5485  7449  4776 10361 22156  5679 13828  8933  9708]
1851,[20344 17773 16766  9325 17793  7768  8816 19602  9388  9907]
1852,[ 1316  8992 14104  7950 12166  9700 13713 15379  1966 12789]
1853,[ 3743 19735  2393 20340  6250 20952  4246  1212 11752 14327]
1854,[13458 13828 15081  3654 20840 12468 20999 15253 10678  7242]
1855,[13044  6440  5523 15252 15442  2722  5711  5471  3209 11536]
1856,[ 8521  1203 20175   914 10085  8303  1790  3745  1442 15575]
1857,[18664  6928 12816 16588 16334  9480 12789 13464 21453 16305]
1858,[17180  7407   615 19103 12218 19962  2011  2346 16168  6626]
1859,[ 1583  1552 14375   728  1548  2310 22351 16305 11022  1947]
1860,[18995  8783 13879 15600 14205  2707 10510 22049  1594 12874]
1861,[ 1305  1575  1734  1051  3789 12408  2233  5132 11169 14408]
1862,[ 5039 10937 16315  8474 22413  7279 16074  3864 15825 21793]
1863,[ 5051 14742  8271  9771 10894  5311 22758 15215 17560  7431]
1864,[22111  8779 13120 11345 14790  2705 14174  3851 15839 16769]
1865,[15600 16399 16315 10937  8341  6849 10393  2707 12874 16268]
1866,[12789 12991 13713 20142  4601 10207  9514 13585 11109 17059]
1867,[ 9209 12874  8783 16578 18313  7525 10119 16581 16247  8351]
1868,[13706  7844 20900  3850  3851 22873 11225  4947  4967 22111]
1869,[ 2624  6174 21642 22742  8443  5816  7521 15112 16229 11711]
1870,[ 4149 13631  4953  7810 13525 22118  3020  6326  2176 20677]
1871,[15904 13082 10623   846  2917 14943 18612 10977 22115   869]
1872,[20999 14017 21981  6834 12917  5992 10574 14869 17630 18439]
1873,[18603  8953  1526 19991 17231 16899  4582 16253  7767 21592]
1874,[18576 15102 19383  6824  1941 15616 18398  1247 17016  4544]
1875,[10391 20925  7554 15767 12740 13981 14466 13030 21582 10776]
1876,[20192 11267  3375 20215 13039 16440 20970  4717 14328  4366]
1877,[ 8133 16563  3395 18232 20798  1606  3275   663  1701 20787]
1878,[ 4013 14104 13217 20653  9967  2329 11558 12285  2820  5421]
1879,[ 8407  7844 22781 20900 21028  4947 12000 18047 11225 11715]
1880,[21592 10285 22111 10687 14105 16223  4947 20757  9067 11259]
1881,[ 3430 16421 22538  8092  4821 21732  8824 16441  4179  9531]
1882,[ 1746 14869 22071 11281 18439 20999 14575 22146  6459 21981]
1883,[10977 13082 10993  8546  4579   615  7407 10425 10802 16883]
1884,[15818 15721  2733  9343  9406 22575 10663  1013  4249 16296]
1885,[18567 13969 12576  7604  4963 12101  4969 12396 12984  3121]
1886,[10770  2019  9133   784 13464 13635 11723  2083 20080 12234]
1887,[10408 10153 11982 12341 12485  4366  9378  8683 18823  7188]
1888,[13706 20900  3850  3851  4224 20153  7844 22873  4947  9067]
1889,[ 8028  7734 15956 21347  5487  9742  5571  3811 15580 12065]
1890,[ 1748  1577 12475 16726  1749 13118  9922 19932  8930 12975]
1891,[ 7188  1924 19831  1692  9378  2705  2314  4924  1690 17055]
1892,[11281 14869  4579   846 10839 16653 13082  7074  5479 20999]
1893,[18460 18040  4366  3916 10353  7105  9935  1692 17727 11223]
1894,[13862 15627  8964 10940 17087 14972 23094 12430 17878 16083]
1895,[ 1748 19932  1577  9922  8930 13145  1749 16726 12475 13118]
1896,[ 4967 22873 11225 20900  4550 11259  9067  7844 16253 11237]
1897,[ 8407  7844 22781 20900  4947 21028 13706 12000 20152 18047]
1898,[ 3111 21461 21565  8356 15986 21460 22454 22542 22347  8353]
1899,[10391  7554 11652  3332 20709 13981  8618 19531 11033  1893]
1900,[17351 19032  3785 10217 11479  8906  6359  2701  6704  2476]
1901,[ 8200 22353 19866 20625 16031  3429 16395  7466  6237 16089]
1902,[10494   905 21012  1652 14065 17714  1036 10467  6794 10426]
1903,[20964  8079  4792 15632  7472 16402  1814 16546 16306  7207]
1904,[20900  7844 11225 11259  4967  3850 22873  8007  4947 13706]
1905,[ 1588 20029 20659  8303 19735 10808  8092  5469   875 21732]
1906,[ 2511 17449 16506  6941 17256 20925 21288 20970 10391 17291]
1907,[ 9371 21297  3661  5598  7466 19144 16914 22321 19286  9895]
1908,[14024 22826 19996 20703  2380 13567  9337 18365  9838  4547]
1909,[ 8367  9640 11382 20056 11493  6233  2405 14703 12162 15666]
1910,[ 2117  7514 15767 12740 13793 21065 22036 15924 17066 16757]
1911,[18602 16139  4669 21458  4969  3785   892  9799 18733 16724]
1912,[ 7400  5736  8197  9469 16820 14575 17220  7550  8927 20396]
1913,[ 9808  6435  1325 10371  1851  1933 20881 16453 19030 18000]
1914,[18820 13980 11231 21754 20775 21854   653  2593 18624  5177]
1915,[12166  8459 18210  8222  2552  1166  6655 14063 20187 13793]
1916,[17059  9514 12483 18664  4601  9110  9674 12789 10207  2381]
1917,[20153  3851  3859  9067 13706 11955  4224 22873 10830  4550]
1918,[19962 13082 22117  9814 10425 14997   615 13910 12218 16168]
1919,[ 7928  8197 16724 16139 16757  9469 18602 16820 22588  5736]
1920,[ 6056 19147  2739 10979 12333 19053 13051  1527 19992 11635]
1921,[11273  9498 17254  6867 20824 10223  5282 21173 12569  7578]
1922,[19323 10270 17385  4149 10762  5499 17772 19672 11874  9734]
1923,[ 8185 13749   809  5711   789 17445 16312 10126  2186  7591]
1924,[13955  1814  8662 13017 15596 16347  5052  8401 15193 20964]
1925,[ 1332  4132  3385 20344  7118  7822 17772 16766  9325 21607]
1926,[18760 13459  7966  6655  7247 18040  4149 15769 17319  7765]
1927,[ 4689 17234 16908 17714  2346 14065 11479 13686  2185 10289]
1928,[12808 12976  6056 13991 16933   740 20431  8315  7066  6598]
1929,[ 8648 12902 17129  8544  4543 19677 19676 19514 22504 20723]
1930,[18433  4216  4972 16247  4032 16705  6941  8617 21683   983]
1931,[  624 16791  2943 19603 17206  1994  1664 18367  9762 21348]
1932,[ 7603  4359  4191  2174 11302 17887 19545 10646  6111  2380]
1933,[ 2346  4689 12341 20143  3438  3441 16908 18627  4569  7828]
1934,[20970 16506  3375  7554  9751 16371  4717 16139 18602 16130]
1935,[12189  5335  9349  5882  2717  7755 13519  5429 20990 14676]
1936,[ 8228 12878  7068 14446 20790  7182 16341 15844 17844 16074]
1937,[16139 18602 20970 20418  9469 16724  3198 16044 16110 16757]
1938,[14063  7550  7928 16551 17317 20701  4051  2313  7400 10770]
1939,[22318 19293 16686 12130 19283 13396  3668 19080 21375 21385]
1940,[16467 16705 20418 20970 11267  9469 13865  9814 15923 20192]
1941,[10301 20881 14828  7991 20640  2687 10504 17851 10990 10190]
1942,[17234 10217 13686  2701  1036  4689  2714  3244 10923 13985]
1943,[12740  2117 15767 10236 12283  3982 20017 18959 14466  2726]
1944,[19547 13258  8957 16829  2457  4068  5738 21632 21488 14563]
1945,[ 4884  4160  2671 20597  2064 12483 20158 10133 20360 10207]
1946,[11863  3203  7015  8349 13830  1600 14269 22719 19066 10622]
1947,[15930   359 15852  3453 16569 22026  3727 16233 20964  1814]
1948,[11863  2110 10622  4529  2508 11314  7015  2340  5769  7070]
1949,[ 5698 15826 14135 13049  8799  9962 16570  4917  4868 22494]
1950,[ 7566  2431 22921 17249  7388 20505 18393 17640  2174 14215]
1951,[23062 10909 12192 21462 15699 22637  5196  5453 12600 22430]
1952,[11442 21938 10703 23047  6693  9914 13798 12729 13859  3353]
1953,[17178 11385 22989 20994  7594  6532 11964  3014 20239 11439]
1954,[14361 19694  2061  4691  3144 10974 11593 11826 13051  9663]
1955,[ 5052  1814 15596 10529  8401  9902  5808  2824  4649 12535]
1956,[ 9087 13151 20881 11314 13311 22722  8688 23041 20950 21748]
1957,[19943 12148 20995 12159  1016 15226 14115  1207 11497 10225]
1958,[ 1854 21265 17750 17826  1466 19866 16031  1087 14688 17820]
1959,[ 5930 10229  3058 16745 18870 10353 20498  4399 18013 16217]
1960,[ 2684 13116 20498 13986 10083 17375 22428 18577 18899 23146]
1961,[15942 16578 16807 12874  8783 16247 16399 16208 10510 16544]
1962,[  840 21476  7158  3772  1176 17188 20623 13044 21961  5711]
1963,[11863  2684 23146  2936 19080  3203 19293  8880 14269  6537]
1964,[20152  9051  3859  4224 13706 17641  4947  5215 11955  3851]
1965,[15308 18602 14328  8617 16289 19867 11656 18995 16371  1975]
1966,[17750  1466 21265  5236 19222  1087  3082  1854 14561 21810]
1967,[ 9321 16017   784  9133  2019 18733 22588 11740  4669  2021]
1968,[14023  4322  5391   787  8259 21009 22595  2508 15773  8641]
1969,[11490 10933 21243 22102 11057 10778 21197 21114 21051 21830]
1970,[ 2714  4669  1013  9907  1550 16296  2701 15388 17714 11643]
1971,[20900  7844 13706  3850 22873  4224 11225  4967 13120 11715]
1972,[23144  8362  5447  2501 18088 20595  1930 23162 19590  6678]
1973,[16217 10353  9146  4468 14765  6237  2304  8088 10229 20986]
1974,[17350 21422 10763 21977 13625  3672  9404  7070 13155 15881]
1975,[ 9799 22588  8197 20701 10071 11358 18049 13635   890  7928]
1976,[ 2633 15290 13470  2689  7103 21843 13628 11038 17744  9053]
1977,[10989  2381 10293 10207 19989 10204 19990 20158 14293  9514]
1978,[ 7723  5743  2014  3802 16974 19355  6271 19287  9555 21961]
1979,[ 9058  1206 17532 15720 21923   620  7274 22054 19055   599]
1980,[11100  5031  1564 22719  2340  6363  1684  2919 10473 10071]
1981,[10430 10421 10431 15696 10427  4756  1620 10492 10441  1657]
1982,[20102 20606 19497 17750 19241 18051  1286  3335  3453  4928]
1983,[22355 11092 19027 20208  5360 21862 18463  1777 10885 11476]
1984,[21647 13395 17248 20995 13813  1081 15660 20799  5448 18967]
1985,[16569  8351 19740 16289 22049 16233 13253 21443  3273  9141]
1986,[20995 19147   600 19241  9908 21215 14372  7124  6000 17756]
1987,[ 7550 17317  7928  7400  8927  4445 10770  9799 13563  8197]
1988,[16709 13772  2110  6267  6258 17152  7015 18551  2340 21952]
1989,[20102 20606 19497 17750 19241 18051  1286  3335  3453  4928]
1990,[ 1662  9935  1927  1571 12734  1567  8090 16030  1305 16188]
1991,[17750 19080  1854 21265 17772 13375 16031 17820  2714  2245]
1992,[17750 21265 14688 21386 19497  2122 12601  1466  9339 17820]
1993,[ 1484  1387  1227 10897 15087  4910 21065 21731  8222   332]
1994,[20995 19147   600 19241  9908 21215 14372  7124  6000 17756]
1995,[ 1854 13375  3631 16654 19080  3082 10699  1274 12028  5470]
1996,[20102 20606 19497 17750 19241 18051  1286  3335  3453  4928]
1997,[17773 22211 18115 19154 11501 17793 16766 12059 12178 16685]
1998,[12509 10951 16228 16985   579 22786  4326 19852 17957 22618]
1999,[12485 13277  2547 10793 11028  1235  8718  5829 10153  1897]
2000,[ 6091 16427 16317 16266 16291 14446 23071 15943 13140  7182]
2001,[21506  8640  4459  5926  3808 15428  1063  4734 11195 13287]
2002,[ 6261  4797 16291 12863  6091  9072  9695 20790 14766  6456]
2003,[ 9903 12417 16648 18673 19143  3537 22151 19132 21308 16701]
2004,[17385 12129 22687  1435 15392 10692  6000 12636 10764  5848]
2005,[21323  5695 21804 13806 20591  7482 15513 17303 11086 10304]
2006,[ 1305  1927 16030  2257  4648 13298  1662  5003 17813  5769]
2007,[ 1359 18240 17730  3155 10025 10881 14128 20989 11182  4922]
2008,[10622 13800  7120  6941 13830 20051 21174  8299  6775  8349]
2009,[ 9133  1548 22588  8197 10855 13043 20080 13969 18738  1875]
2010,[17112  4888 10963  5676  4067 14716  6784  2677  8411 17163]
2011,[11169  1036 14408  2717  1734 13985  2021  2736  2233 12408]
2012,[12468  6615  5992 14943  8973  9904 22156 13828 21355  1943]
2013,[13458 12468  6036 14245  6615  5992 13964 14943  3654  9165]
2014,[17690  8560 20478   922 21999  6784 21170  7310  2769  9739]
2015,[ 6639  9360 21377 19881  4874 13076 15079   334 14276  1111]
2016,[ 7247 13822  8134 21261 17273 17166 20356 14875  9751  5865]
2017,[ 3275 16307 21977 23069 13625 16991  3029 20964  1529 18246]
2018,[ 2466  3203 21174 20360 13924  8752  2508  4885 21404  7070]
2019,[10764 10766  1074  7080 10905  5474 10692  1435 17385  8051]
2020,[10623  2917 15904 10977  3217 10432 13082 11585 10802  9752]
2021,[22196 20653  4216  1500 16154  4763 11167  9000  3817  7973]
2022,[ 3469  3649 19279 19299  4960  1495  8769  6583 18065 14769]
2023,[ 7768  1305 11169  5132 13985 20344 11643  2233  2716 14408]
2024,[18695 20596 12349  1440 20609 16188 10739 10701  1332 20145]
2025,[17078 18705 13859 16791 18367  2151 10166 21058  2943  5196]
2026,[14004  7721  8827 10004  3244 11516  2151  2943  9914  4571]
2027,[12492 13451 20713 13811 10808  4391 11741  5644 18597  9549]
2028,[ 7462  7180 14466 11532  6210  5829 16496 16506  4904 16371]
2029,[12960  4675 15369  9864  5873  9486 21353 15147 14985 21770]
2030,[17064 23162  7045 18838 10878 22939 19250  6255  2986  7025]
2031,[ 9467 20709 15910  2547  6250 22758 10808 13811 21447 18597]
2032,[ 4349 22627 20572   316  9706  6982 15495 10049 19501 19027]
2033,[13526  5992 14943 21353 14245 12468 11447 22156 20348 10432]
2034,[11644  3873 10784  1201  8408 15357  5541   874  3392 17385]
2035,[20076  1950 15451 17348 17792  2834  5490  1859 13555 10479]
2036,[ 2856  6343 20340 16161 21813 17792  1897  9706  4246 13277]
2037,[16168 16110  6225 16705  4166 21683 20609 14298 13383  3198]
2038,[ 4461 17515  5488  9334  3383  7586  5222 12882  5551 21149]
2039,[ 5472 13607  1227  5020 19769 19124 16989 18974 18970  4832]
2040,[ 4669 21458 18738   868 18733 22269  1567  4200 13994  9133]
2041,[ 3785 19032  9967 17351 18230  8906 11402 20751 17442 21458]
2042,[ 9001 21854 15001  2082 16852   880 17573  9762 10404 19150]
2043,[22667 15446  2905   843 14928 10529 18760  4565 11273  2824]
2044,[16162 18040  7810  7224  6689 11223  1545  3020  8391  6747]
2045,[15193  8649  3860  8605 20892 15392  5048  7885 13879 16383]
2046,[17152  8259 20606 21009 17641 21174  7248  8641 13955 17798]
2047,[ 3469 13458  7242  8769 13964  3649 21359  6583 14652 13828]
2048,[ 4461 19244 11643  3383 17515  9334  5412  5551  5488  5222]
2049,[20733  2400 17198 12179  6026 12350 15120 21520  6945  8527]
2050,[21288  1893 16912  3850  6260 17256 10391  2433 19047 13543]
2051,[13208 10152  3764  9118  2029  2358  1655 19046 23059  1006]
2052,[10764 17385  5474 21406 10692 10766  1074 17728  1070  7535]
2053,[ 5938 22430  3862 10620  1897 13862  5051 10597  9706  4157]
2054,[ 5510 18706 20185 11763  4681  1395 13076 12992 20455 22554]
2055,[ 6615 14943  9866  7670  3654  5479  7774  4484  5679 21654]
2056,[16372  2707 14205 16289 16103 13879 16315 12874 18995 16517]
2057,[12253  7120 19351 15695  7070 13311  1509 14155 15697 12945]
2058,[ 3235 18381  6091 16427 14446  9714 12955  7182  1596 16517]
2059,[ 5822 15045 16591 15272  6666  4319 12667 11478  3359 12955]
2060,[ 1994  6094 17865 19308  5590  4615 20016 19038  6749 21932]
2061,[ 3728  2194 10033  3374 15809 14943 13617 15844 11379  8228]
2062,[ 9770  5040 16003 15611 20595 22113 12248  6138 12717 10100]
2063,[11467  3419 20796  4402 17859 11252  4922 23069  3928 11780]
2064,[ 3392  3469  9405  8769 13431 13828 21151 10678  4960 15239]
2065,[12431 20055  6834  7541  7671 14768  7952  8965 21670  9074]
2066,[19133 14023  4149 21952 17152 17227  9324 21404  9734  6745]
2067,[16460 16399 12318 16315  8617 15830  6849 15600  2707  4158]
2068,[12792 17291 16558  1935 16912 16639 15616 17931  8138  6210]
2069,[  843  6117 22189 22351  2881 10409 22460  6526  1960 22452]
2070,[20541 20762 19198  8599 18470   888 16547 16554 18627  2346]
2071,[ 2476  2701 10217 17234 20541 14065 10289  1051  2716  4689]
2072,[11402 11558 17928 21394 21304  2736 20541  6359  3695 11479]
2073,[16295 14428 15632  3029  8401 13017 16402 20964 16546 20108]
2074,[15830 20756 12231  9469 16139 16247 10489  6849 13572  8351]
2075,[16110 18602  4166  8218 22614  9469  4032 20396 14033  3270]
2076,[20606  5661  7022  5729 10520 22026 19349 18444 21111  8459]
2077,[10301 12794  7628 21868   840 12550  4373 14828  8362 17013]
2078,[ 5178 14943  6459 22156 22706 20237  3978 22276 12468 10623]
2079,[19198 20698 11479  1051 20541  5412 20762 18470  2701 17234]
2080,[21865 20059 11795 20478 11195 10237 19022  1335  2769  6781]
2081,[19867  3838 13879 16130  8351 16757  8649  4892 16506  8343]
2082,[20787 19727 13024 18756 15980  2563  1315  4778 16407 18232]
2083,[12697 19324 12674 10870 18546 21803  5874 16591  7885 10118]
2084,[12529  8641 10664  9674 13800 21190 17246  4055  9110 15044]
2085,[ 8822 16347 16295  8401  5052 17220 13955 11425 19667  7207]
2086,[ 8605 16207  9695  7525 16233 11508 22049 13879 15823 14428]
2087,[ 4904 15616 20970 10071 16241  4870 18210  5622 16639 16347]
2088,[15517  9257 11149 15047 19916  7305  5715 19919 12607  8640]
2089,[ 8481 22093 15272 12697  4797 21981 16591  6231 10870  5938]
2090,[10839   846 22946 10834 18439 10791 14086  4775 11988  6834]
2091,[ 3014  7594  7995  6532 10931 15004 21970 18631 16806  7946]
2092,[11170 22430 23080 15856 10646 15238 21907 16529 10689  9262]
2093,[12994 10808 15606  4675 18364 10993 16883 20713  2011 10263]
2094,[ 5776 16824  4177 14090 15827 11001 20898 17965 16227  7033]
2095,[ 8343 15942 12684 16241 12797 17880  2729 16437 13722 14790]
2096,[19852  6445 14155 19891 19623   983 14035 21149 17459 21272]
2097,[12535  4332 16442 11463 15630 10477 15950 16455 14468 15919]
2098,[18582  7291  8989 14712 19972 13881 23033 15575 17443 22194]
2099,[16217  1485  8090 14318 13217  1392  7781 19160  6434 10229]
2100,[ 4669  9469 20223  8816  1334  8218 20498 15695 16139  8197]
2101,[ 3411  5645  7239 12688  3733  5247 20311 12542 19581 19556]
2102,[ 9080 21793 12955 10937 16341 12878  7182 10118 12881 15272]
2103,[15600 16399  9469  6849 16247 16581 20756 10354 16807 18313]
2104,[16518  5874  6261 16440 13039 22049 18196 16393 16103 10870]
2105,[ 3360 21189   914  8521  5642 10085 14279  6285 15575 16224]
2106,[10504  7991  8608 11856 15516  8131 17922 12938 23000 19513]
2107,[13116 17375  2684 17750 12161 18729 15328 18577  9325 20414]
2108,[16757  7514 11532 18398  5622 16241 16506 18214 16912  8584]
2109,[12334 16460 12490 12231 11313 19811 20664 11379 15870 10193]
2110,[14065 18470 20541  8599 17714 10923 10494  1036 17928 20698]
2111,[ 9752  8993 13957  3217 10432 13082   846 10977 15904 13937]
2112,[ 2881 12272 17257 12511 14067 16495  7837  1638  6452 21966]
2113,[16045  9713 16313 11194  1064  7333 12754  9574 20810  6586]
2114,[ 1814  5052  3359 15596 22026  8662 10313  2824 10905 17294]
2115,[ 2722  7477  1617 22292 22621 19989 19990  1760 10293 22722]
2116,[16207 22482 14428 17103 23010  4878 15245 22452  2662 16333]
2117,[15496 22989 20994 21790 13092 16873  9897 11439  6058  8237]
2118,[ 8258 13678 16028  9948  9002 15889  8693  5036  4041 12754]
2119,[22156  4157  7602 16125 14943 16616  5252  4717 16855 12468]
2120,[13120  4892 14790  3851 16241 23014  3029 15942 16757 12501]
2121,[  846  2917 16553 16462  5992 11988 10432 10033 16125 10945]
2122,[16291 20790 15272  2940  6261  9080  2207  7182 14257  5874]
2123,[19295  9647  3845 20171  7201  2745 20202  6972 22719  2080]
2124,[ 6359 10217  3244 12029  3123  2716 13985 20541  2736 16188]
2125,[11252 20741  8729  7165 17307 11229  5036 13433  4402  4922]
2126,[ 4477 13869 10245  2116 20709 14240 19031  6250 21211 18710]
2127,[23134  3358 20666  9804 20124 15072 11724 10372  1201 15238]
2128,[22211 18115 11501  1013  2714 17714  2716  5882 20546 14676]
2129,[13406 13523  8731 14086  4568  9904 21560 13408 18476 17630]
2130,[18475 10496 12583 14591  2348  1729 14441 13749 10104 20747]
2131,[13955 11100 19667 16295 20108 16333  3029 16347 23010  1683]
2132,[ 9032 13034  2594  9555 15188 19374  9840  2186 20426  5361]
2133,[10391  8343  3851 16241 10776  1893 16506 17880 13007  7554]
2134,[ 8258  5036  4864 17922   307 20665 22113 11157 16003  7531]
2135,[10438 16123  1440  1545 18695 21052  1695 16930 13968  1567]
2136,[ 8751 16190  2955 20881  1851  1586 17038  2961  6948 10101]
2137,[13458  7242 15253 13828 20840  5783  9165 12468  8769  3712]
2138,[ 4001 16966 13115  9309 13160  7196   764  1389 16313  1698]
2139,[ 4166  8341 15600 16399 16315  5048 12645  6849 16247 20237]
2140,[19544 21690 16994 15112  7327 22742  7176 20963 10303 12366]
2141,[10133  7928 16135 12991  9799 13793 20701 14063 18720 22036]
2142,[22479 20237 15379  6315  9684 12302 21803  5810  7885 19447]
2143,[20970 17220  5736 16757  9469 18060  8197  7400  8351 16724]
2144,[ 1394 18233 18158  6591 19711 17034 14849 20568  6255  7025]
2145,[17398  6644 20665 19002  7406 12679  2677  8258 13746 18901]
2146,[ 8222 18210 13700 21069  1754  1941 18398 19316  5622  7179]
2147,[ 3947  2942 10781 11741 10573 22918 19028 10775  4727 10802]
2148,[ 2381 20597  1729  2671  6140  9514 16239  1587 10207  2064]
2149,[12716 20493 19919  2598  9829 18852 22818  7991 12332  8612]
2150,[  344  2762 19303  6745  7447 19293 16686  8905 20088 18970]
2151,[ 3947 22800 20257 10993 14194 10623 13082 10783 11619  4860]
2152,[18115  5882 22211 11643 10147  3705 14680  9483 17410 22284]
2153,[21265 19524 15661 15898   698   842 12650 18339  3722 21828]
2154,[18602 15379  2025 19064  8992  4800 13810 16044 15531  7973]
2155,[ 4567 20089  9248  3363 19597 12343  4052  9831  6443 18884]
2156,[ 8197 10965 10071  7928  7514 16724 22588 16449 14231  6941]
2157,[ 5367  5902  6367 18203 21723 12656 10106 13398  8540  2862]
2158,[20952  9479  2393 22310 15029 13070   620  5600  6111 18457]
2159,[ 8960  8131  2740 15962 13919 21999  2987 14207 17405  6337]
2160,[  898  2494 10018  1394 22039  4100 15889  1409 22094 11353]
2161,[ 7713  6181 14996 12917 21888 10574 21561 21995 15495 14406]
2162,[16089 10426 15268 11427  8145  6728  4249  1013 16188  7781]
2163,[11643  5551  5412 19244  9334  5489  7586  9515  5488  3383]
2164,[ 1659 16720 11023  5471 15442  5566  1661  6440 11536  1043]
2165,[16193 17317  7550  8833 16564  7400 13563 15342 10388 20203]
2166,[ 2709  2314 10896  1331 13859 19831 21211 18576 12729  1857]
2167,[ 8584 13800  8117 15769 10664 13098 16493 16534  8496  4609]
2168,[ 2692  6230  1560 11086 20651 15704 15477 10304 20290 17869]
2169,[16912 12792 19047 23093 16558 12480  1935 17931  2314  7188]
2170,[12848 20258 18433 11705 16278  9603 10461  3832  8617  1293]
2171,[ 7525 14205 16372 18313 15823 12874  6091 16233  9209 13156]
2172,[ 5736  7400  6715 10120 11740  7550 16820 16208  1509 16347]
2173,[14764  1966  1592  1773 19369  1175 16061  1608  1937 20102]
2174,[ 7183 16521  4729  7079  5645  3947  5884 11530 20257 18894]
2175,[ 6117 14428 20108 22452 16053  8401 13253 11425  8822 21443]
2176,[ 7426 10139 11513 20789 15830 19811 16075 12318 16315 14179]
2177,[17957   983 22618 22319  1400 10365 13681 21489  9389 11123]
2178,[ 2137  1373 22304 16126 22648 22709 20883 15188 21238  6011]
2179,[16791  2346  2151  2943  3244 10289 13859 11516   624  2709]
2180,[16196 10653  3332 11229 16480  5829  5813 17945 17249  5808]
2181,[17897 13706  3851  3850  1893 17519 12250 19451  9067  8713]
2182,[15739  6422  9766  3353  8632  2680 10376 12472   868  1550]
2183,[16291 13550 16317 15943 16341  6091  7525 20790  6456 14205]
2184,[ 9325 16766 20344  7768 11169 11426 19602 16685 18115 10690]
2185,[10104 19383  7985 13968  1941  2905 18576 18398 16789 15362]
2186,[15051  8026  7564 12063  4633 22325  5559 11563 11503  7241]
2187,[14205  2707 16289 19740  8351 18060  4158 18995  9751 16315]
2188,[22700 20881 21040 10301  7628 22722 11536 12898 12159   840]
2189,[ 8659 14943 10612 10125  1640 13945 19956  9937 20603 13577]
2190,[10272  2237  3729 15944 18932 21907  8826  7439  6433 16852]
2191,[18733  2313   890  3192 19548  2019 11723 16425 22551  8927]
2192,[ 2508 19012  6775 19036  3631 10353  7070  4940 18008 14575]
2193,[22764  3198  1941 15616 18738  8197 16724 18398  8927  4904]
2194,[ 4648  3789  1927  2680  3013  1392 21938 10923  1305  1575]
2195,[14018  2151  4569 18470  2346  8599 18627 20541  1507 17466]
2196,[21069  8222 13700 18210  1941  2905  7247 13585 21952 15937]
2197,[16193 20203 10119 20964  8833 17220  5736 22753  7400 13371]
2198,[ 7426 12318 19811 11513 20789 14179 12490 10139 16315 16460]
2199,[16273 20062 20319  1203  8531 19763 11523 18758  5142  6546]
2200,[22083 22841 10654  6520 22654  9742 19192 17284 18051 12546]
2201,[ 8343  2729  4870  6210  7180  4424 16130 20215 16021 16371]
2202,[16544 12945   662  8833 21630  7550  4059  3212 16206  6208]
2203,[11490 10890 10164  7939 11004 12529 10933 22625  8641  5665]
2204,[14928  2621 15937 20860 16092 10358  2583 21952 17254 14292]
2205,[21211  3435 11476  7622 16168 13948 13684 10623   615  9814]
2206,[16855 10479 22217 15451 18327  5826  8933 11052  1030  6566]
2207,[14552 20549  5794  9297 15459 18889  4933  3607  5602 18896]
2208,[18947  3262 19705  3095  6972  6069  6314  9647 12159 20171]
2209,[15081 11513 14769 12286 11988 13458  6615 22530 14179  3654]
2210,[ 9087 13311 11314 13151  6925  8688 12709 13298 12479 22722]
2211,[17768 14147 15490  3673  3636  2448  5590 21299 19308 17865]
2212,[ 2400  7198  5946  8892  5719 10264 18069  6280 20302  8972]
2213,[ 2824 22667  8822 16802 13039 15596  9695  5808  4649  1814]
2214,[ 5729 19809  6526  7837 17122  3965  1132  1638  2881  2824]
2215,[15524 18322 11022  7756 19740 22831  1316  1949  8459  2552]
2216,[ 8822  8987 20108 16053  8401 16347 16207 11425 17220 19667]
2217,[19228 15395 22412 10263 21840 21331  7710  6684  5864  8824]
2218,[19548  3192  4445  4059 10388 19739   890  7740  2695 12234]
2219,[11741  5644 10781 13451  4349 22918 10796 19028 10839 10775]
2220,[22196 18760  6655 18040  7966  2329 13459  4216  6689  3198]
2221,[ 8459 13017 13955 12789 19349 20964 13371  1608  7756 16564]
2222,[14851  5928  9146  2140  2573  1652   864 17914  8218  8791]
2223,[ 5992 13458 20999 13828 12468  7242 14869 20840  5247 10033]
2224,[16912 10478 20925 12250  4582  2433 17897 17860 17190 19831]
2225,[13039 22049  8822 16103  5874  7068  6261  5655 18196 16518]
2226,[13577   825  6326 10727  4149 12851  8880 17341 14575 10739]
2227,[16705  5736 15923 20970  8197  9469  4537 19958 10120 21683]
2228,[21581  1639 11469 20427 11360  2607 15845 15823 19351 19369]
2229,[ 1935 13955 13722  4036 17931  4870 16347 16639 19941  6210]
2230,[ 3012 10500 12991  1166  7756  1754 10770  8459 13464 20835]
2231,[16153  1847  2577   841  1986  1791  1556 20428  7021 11524]
2232,[ 2999 16238 11425 19667 22452  7180  7179 16069  8138 19500]
2233,[13154  8351  3838 16506  9209 20756 16130 16321 19867 22576]
2234,[ 3469  8769  7241  1495 19279  5336 19299 15239 13431  8070]
2235,[16308  6445  3437 20051 12015 12650  3916 12472 15608 20258]
2236,[14065 18470 11479  8599  1051 20541  5412 17714  2701 20698]
2237,[ 4654  6943  9719  6458 21979 10971 13463  7699  9574 17422]
2238,[10653 16559  5808 16480  8584  7611  6259  3332 15767  1449]
2239,[19977 16168 13082 20143  4512 11476  9935 21211 11734 19679]
2240,[ 9633 21173  9256  7801 21008  7677 10931 11924  7995  7522]
2241,[ 2345  6292  4204 17198  8527 16818 22210  2678 12692 12794]
2242,[18995  4158 15830  2707 16553 13015 20756 13039 16705  1975]
2243,[21770 12468  9904   846  5992 14285 10278 10945  4675 19641]
2244,[ 1872 20950 23041  9505 22626 12272 21363 14293 21836 23151]
2245,[ 3858 18705 18463 19659  3814 13791 19631  8637 17078  6576]
2246,[ 9752  6849  2942 14064 22276 16315 13082 14943  4166 20789]
2247,[11476  4157 21211  3435 15601  6982 19027 16883 14330 10945]
2248,[ 4892 16757 20108 16241 15942  4870  7514 16371  5736 16347]
2249,[19019 17351  3837  5412 10494 10217 17466  8791 20698 10787]
2250,[ 1864 16554  8599 14851 18470  6830 12718  9907 16168 19198]
2251,[ 3999 15059 10229  6911 18013  4399   674 13217  2573  1908]
2252,[15102 19383  3058 16506  4399  9820  6824 17291 10855  6941]
2253,[15342 19548 19739 16551  4059 14063 22756  3192 16206  2313]
2254,[ 1300  1924  2510 13798 19518 15435 21916  6134  2680  1374]
2255,[13316 21073  3865  8964 14201  4349 19027 15656 14051 17615]
2256,[ 5020  6309 17273  1009 17362  5470 15673  7822 14764 13169]
2257,[12101  4969   925 19845 17302 18567 11528 15746  7514 16253]
2258,[19765 20485 15193 16457  8649 16383  2662  1201  1018 13955]
2259,[19953 21803 12566 14875  7247  9751 13104 19447 15852 22790]
2260,[ 5916  1023  1171 21178  1441  5047  8578  2606 20219 20601]
2261,[21592 18603 10285 16899 20757  8138 11528  2167  8953 14526]
2262,[ 2729  7627 16371 12341 20970 20076 13879 18995  2707 21683]
2263,[15767 14312 12740 16852 21218 13030  2726 14466 20816 10236]
2264,[ 1635 20627 12572  6364   586  8466  6988 15053   899  7706]
2265,[ 2853  1615 13749 11314 16312 13891 14591 10843  1617 16876]
2266,[ 4396 11788 13045  4191 14315  2162   573   798 20369 17104]
2267,[19545 15064 20669 17887  1526  2078 11302  7034  4359 13730]
2268,[ 4031 22422 20197  6671 16459 22946 11092  3801  6611  2129]
2269,[ 9476  3742 12778 17004  8743 18566  9994 16794 10301  2678]
2270,[ 4149  5331 17051 19180 15073 17772 12157 18190 10070 19128]
2271,[19962 17843 16908 19198   615 12218 20609  2346   888 16552]
2272,[ 4445 20142  8927 19242 12789 19548  4601  2695  6208  7550]
2273,[12879 10937 10139 18381 16315 16807 15870 16074  8341 21793]
2274,[22773  6136  2947  6099 12339  5047 18387   789  4111 22305]
2275,[ 1897 15034 14801 20206 21073 20340  9706 22217 23037  5938]
2276,[17220 16207 21453 18060  7179 16333 15923 16238 11425 22452]
2277,[ 4669 14967 15739 21037 15388  8632  8816  6704  1334  9325]
2278,[16717 20821  9896 13887  8386  5399 15573 17636  8209  4243]
2279,[18603 16912 16223 16899  1935 12792 13120 23093 16639  4582]
2280,[ 3728  3374 15904  4157 10623 13577 22996 11267 13684 14943]
2281,[15193  1201 19765 13955  7535 11263  1608 14790  8662 20522]
2282,[19962  2236  7622  9814 19198 16328 17843  4689  2346 21211]
2283,[ 9469  1254  4649 20396  6715  8351  7627 20970  2536  5736]
2284,[ 5942  4391 18597 19027  9020  9074  4821 21732 13834  3743]
2285,[19027 22093  4349 20208  3865 18597  4171 22355 18463 10574]
2286,[ 5309  8733  6806 21780  4745 10894  8271  4349 17560 20206]
2287,[ 7550  4051   890  8927  4445 19548 20701  7400 14063 15342]
2288,[18603  4550 21592 10285 20757  4967   649 16253 11225  3116]
2289,[16660 10715 21359 16650  3674  9342 21358  5666 21927 13431]
2290,[ 7928  8197  7400  7550 17220 17317  4051  5736 16757  7514]
2291,[13647  1758  9683 11282 13562  2812  4188   628   910  9963]
2292,[17051 10353  2335 17792   825 19180  5331 16217 19004 14098]
2293,[10343  2245  1854  4858 10690 17748 12946 12149 20193 12120]
2294,[ 4563 12061 12987 22284  2185  2346  3244 13686 17068 14676]
2295,[ 7755 20193 17514  2736  9349 11169 12737 18115 15663 12178]
2296,[12974 22538 10404  5469 10740 10026  9762 15872 15664 19150]
2297,[ 4569  2346  8827 18627 13394 16791 18367  2151  7721 14004]
2298,[ 1373 20757 21592 18603 13031 10224 20950 16899 15188  2137]
2299,[ 7180 11425 16069  9447 11167 18625 18210 16207 16506 17220]
2300,[ 7247 21803  7950 19064 10739 18902 19447 13104  2236 15739]
2301,[17351  3837 20751 19693  5412 20143 20609 19244  9433 16552]
2302,[19535  1017  2007 20324 13621  3065  2786 19295  3067  8771]
2303,[  846  9752  4078 10945 15904 11507 13957 13082  8795  5945]
2304,[ 4669  8816 11643  7586  9334  5551  8900  3462 12499  2257]
2305,[ 8437  8527 11391 20733 20837  7628 11491  2400  9602  3931]
2306,[ 5196 23062  1349  5453 14976 21339 11721 17816  7821 12600]
2307,[ 9087 13151 11314 20881 13311 22722  8688 23041 21748 20950]
2308,[ 8967  9070  8525 18020  8965  5311  8966 12654  6684  7331]
2309,[10078 10272 11763 18109 16378  9105  4401 10810  8551  6469]
2310,[15782 15777  6601  4335 19828 14368 11638 19937  9156  6260]
2311,[ 3705 17410   900  1036 10494  6288 14408  2717  2716 12507]
2312,[12480  1017 16223 19535 13621 16769 22719 19295 20171  2007]
2313,[ 3419  7819 16716 10301  3846 18088  8362   307 13088 13625]
2314,[ 4922 22519 11252 20741 10618 23069 13616  6336 21064  7561]
2315,[20640  9604  1872 12272 15047  6641  9505 16458 23041  7991]
2316,[ 1305  2233 13986  7768  2680  1734 16188  4200  5132  9388]
2317,[15033 15492 21365 15275 16590 15990  8589  8849  3088 15514]
2318,[16449 17256  2919 13120 19941 11715  3212 14526 16295 22719]
2319,[14298 15915 16554 17962 20698  1864  7069 19198  5981  1051]
2320,[20333 17362 13531  1274  1580 10998 12469 10500  9377  1926]
2321,[19241 11863 17820  1600  7124  2551  3087 21581  4695  3203]
2322,[15893 11656 16552 19620  1506 15910 20050 17914 19693 19019]
2323,[ 2308  1078 18666 12900  2065  5705  2086  1802  3874 18982]
2324,[ 8138 17931 19667 12792 17291 20108  2339  1436  1247  2999]
2325,[10690  5470  1069  6672 10699  1285 12130  2245  4959  6309]
2326,[ 7242 20286 15253 18145  8769  4960  9165 13458 12697 13828]
2327,[ 2529 15746  4836  3121 23014   925  7514 12101  4969 20757]
2328,[ 1943  5252 17791 15281 22800 14943 22115 22117 13526 13684]
2329,[22113 18543 11552 20321  6421  4664  8100 19250  9550 14465]
2330,[12061  3682  3609 19308 17068 14676 19134  2346 12987 19185]
2331,[11532  3850 17897 16912 18603 17256   930 12250   595  7767]
2332,[ 4059  3192 19548 19765  4445 19739  6208  1608  2695  1968]
2333,[22370  1890 12566 10151   309  2275 10252 18182  9119 11547]
2334,[19250  3040  6001 17869  6440 14034 13593 20932 16043 16720]
2335,[11425 22452 16333 17220 16207 20108  8401 19667 13955 16757]
2336,[15032 16855 14997 18190  9814  6459 13577  3728 12919 13684]
2337,[ 7896 16083  4431  5814   742 11753 11971  6666 22787  4944]
2338,[19349 16207  4878 13955 13371 22452 22667  8401 20993  2662]
2339,[ 9209  8351 16581 14205 10510 10119 12874 13017 12590 20149]
2340,[19098 22211 18115 12218 17783  7755  9348 21304 12178 21394]
2341,[ 1734  7781  4648  1305 17045  1575  2233  3789  1423 16188]
2342,[ 8599  2236 18470 16168 19198  9814  6225 13810 17843 19532]
2343,[13466  5738  9263  8179  4664 11964 14465 19117 11966  6056]
2344,[16386 15281 16767 10393 22609 13865  9723 13879 15942  4477]
2345,[ 2729 16440 13039 16021 16103  8343 13879 16518  8649  6771]
2346,[19204 19189   599  4487 22829 12734 18819  2237  7274  6134]
2347,[13981  4524 16253  4550 11244  7243  1967  9120  1859 12304]
2348,[13298 17813 14155  5769 19081 12295 12611 10622 11314 12544]
2349,[14105  4526 16486 23145 23053  9279  9067 10687 12108 22111]
2350,[ 3435 16161 11982  5690  2236 19962 13877 14240  3438 13948]
2351,[19080 11363  2936 16686 20356 19672 17772 14597  3083 19293]
2352,[16616 13039  5655  4717  7068 20603 15531  7602 11158 16518]
2353,[ 6948  4196 17086  9647  8729  2745  6336 16243 19991 17231]
2354,[14875 18430 19447  7247 15227  8591 23040 13104  5919  4213]
2355,[ 8730 16312 13749 10293  7837 14591  5439 14293 15316  8490]
2356,[20143 16552 19693 11734 19620 18040 20192  1691  7732 20609]
2357,[ 6834 15285 21670  6216  9074  6734 12431  4349 21073 15495]
2358,[15395 10263 12994  7441 22412 21714 21813  6684 10747 19228]
2359,[16333 14428  8668 22452 11425 16371 16207 16069  8401 21443]
2360,[17820 19080 10699  2245 12130  1854 16792  9480  5470 10343]
2361,[20202 12501 16930 16425 17291  8927  1247 18576 10071  4051]
2362,[11102  7888 14790  3851 17860 17083 11345  2314   579 17880]
2363,[ 5769 15695 12253   662  4132  1509 10468 17813 13532  9055]
2364,[14323 10668  8343  6771 10830 16447  2729  4892  8649  3859]
2365,[11100 16347 13120  1694 16769 16449 19667  4132  5736  8485]
2366,[13957  7426 10139  9752 14179 15830 20789 11513 21765 16075]
2367,[ 6440 12180 10126  7663 16043 16681 23162  1043  5475 14646]
2368,[22211  5882  9349  3705  1110  2736 14676 22284 18115 16644]
2369,[ 2563 18756  3933 18356  1701 19727 13372 13024  3751 12620]
2370,[ 4776 23003  4721 10741  5826  1030  5194  2210 22217 14406]
2371,[13425 12151 15718  5833  8044  8219  8494  5566 22551 17350]
2372,[ 5736  9469  7400 16544 17220 20396 16820 16757 20970 16193]
2373,[20152  1967 20185  1969  3859  1859 11006 17653  1442 16500]
2374,[  307 10301 13088 18246 16716 14070  3846 11536 21181  2877]
2375,[  711 15825  9209 11387 14889 17130  8539  1395 20102 14975]
2376,[16791 18367  2943   597   624  2331  2151  2417   599 17832]
2377,[22211  1110  9483  1013  5412  3705  2326  5882 19244 10147]
2378,[ 6210 12501 16347 20970 16241 11100 16769 16757  5736   662]
2379,[ 6280  7849 20627 14052  3107 17995  2362 13605 12716 13137]
2380,[14875 21803  5048 18430 15392 13104  5689 19956  1167 19447]
2381,[10393 14257 18313 15600 13879 13039 15798  1594  8341 11387]
2382,[17968 16815  2641  7689 10997 15019  6184 21609 17418  2487]
2383,[13554 18987  5329  9656  6670 10893 21640 16275  9363 16826]
2384,[ 9498  8997 20824 19147  6867 21704 18657  6212  8501   642]
2385,[ 4313 16307  2881  6991 10529  6526 16802  3965  5729 19162]
2386,[16449 16347  5736 19667 20970 16757  8197 13017 13955 17220]
2387,[10739 19525 12157 18695 10701 15073  4213  6672  7822 13951]
2388,[ 7291 15575  6111  7978  9735 22944 13881 10243  6656  1260]
2389,[ 3728  3374 18040  5178 16154  9967 20653 15904  4800  1136]
2390,[11245  5415  5993 12984  4211  9908 15417 12694 15176  6095]
2391,[ 3727 12188 21009  3453  5415 17199 10674 10673  6023  5391]
2392,[ 7388  1198  9640 16568 18571 11788  1980 18004 14315  3134]
2393,[14680 16691 14283 10747  5590  7074  3609  2011 10704 10767]
2394,[10911  7903 15078 17262 19951  3347 12417 20056  7827  7722]
2395,[ 8927 22588  8197 18733  4601  9321 11358  4445  9799  9133]
2396,[ 5493  5451 11809  4563  2185 17068 14676 13686 17401  5597]
2397,[ 5493 22211 16691  5567 14680  5496  7407  5480  3682 19098]
2398,[ 4419 17206 13073 17764 18457 10243   624  9001 14912 10713]
2399,[16188  2736 11169 20344 13116  4249  7768 22575  2716 19244]
2400,[ 3262  7439 16095  9383  5797 21930 10003 15435 22478 15189]
2401,[20546 16687  4518 15663  8053  9400  2736  9369  1082   704]
2402,[15904 10977 13082  9752   846 10623 16552  5178 11507 13957]
2403,[ 6925 13621 13151  9087 11283 20881 11314 22472 12159 11236]
2404,[10960 15107 14836  7903   709 19106  2061 17806  9340  5478]
2405,[17051 20145 22545 16076 15845 11456 21384 12571  7407   825]
2406,[20361  6117  3965  4313 12327 22667 11463 12535  2824  8547]
2407,[ 4717  5655 13810 15531  6725  9469 16139  9751 16616  4166]
2408,[ 1274  5050   308 12028  4519  1009  6309 10699  1254 22028]
2409,[ 4071  6326 17341  8880 10739  3198  6537 13577 16123 12484]
2410,[ 6343 21813 20340  9992  4246  2957  9362  9706 22538 22496]
2411,[15746  4445 19739 19548  7635  4059  5907  4969 20142 20149]
2412,[ 7655  2236 14997 19962  6947 15388  7622 17727  2856 16855]
2413,[ 2736 22211 18115  2716  2714  9325 12178  6359  8632 11169]
2414,[ 9433 19244 17351  5412  3837 10289 16936  2716 17334 10217]
2415,[22591 17722 10881 18888  7165 16132 17210 13433 17730 17043]
2416,[ 9509 21473   922  9739 22818 12988  8560  6784 15696  5738]
2417,[ 5736  3029  4051 16193 16347 16295 12501  7550 20203 12945]
2418,[ 4132  3451  7118 19349 13968  2684 10083 11363 21174 17772]
2419,[ 4745  9429  4349 20841  5829 10574 17560 22093 22758 18943]
2420,[ 1691  1506  9935 18470 19198  1507 20609  4689  5412  8816]
2421,[15053 22781  2720  4054  1923  2161 13172  6280 18090  8007]
2422,[12995 17396 11624  9070 18597 19027  9020 14768  8651 17249]
2423,[ 6922 12858 17031 16938  9677 11725 12284  9827 10073 14227]
2424,[22719 16223 16769 12480 11715  2919 13120 15839  3772 17931]
2425,[18145 12917 21981 21734  6734 20286 15670 22071 20999 15627]
2426,[ 7633  7232 22482 13749 14591  6440  1546  1529  3986 14291]
2427,[16110 16285 11740  5736  6715  9469  9751 18602 21683 20970]
2428,[13867  3010 20215  3332 20076 16506 16553 14328 20192  7462]
2429,[ 6371 17902  6426  8207 20613 18645  2398 14731  7681  2934]
2430,[10847 14245 16550  5679  5247  8038 11447 17424 14535 21927]
2431,[ 4947  5215  9804  8407 22781  1201  4967   991 11259 18728]
2432,[20715 16308  2116 20258  1965 16208 16767 12874  8397  4905]
2433,[22094 18473 15254  6823  4153 12584 11371  2754  2494  1933]
2434,[11008 21402  8659 22211  5480 12851 22117 11772  7407  3429]
2435,[16616 20677 20788  3978 11551  6689 20789  5178 20603 13810]
2436,[10289 21489  3244 11123 13686  4689 15721 17234 22284 13727]
2437,[22946 10573 11507   846  6611  8795  6671  8828 10425 11988]
2438,[20995  1446   954  1566  3225 19030 16453  4896  5232   340]
2439,[ 3082  1285  9621 14090 12234  4959  4695  5706  9480 16792]
2440,[11488 16775  4836  4768 14741 14734  4093 23014 22052  8000]
2441,[ 5003  7768 20344  2684  1332 13986  1305  3800  8816  2733]
2442,[10133  7837 10989 17077  2064  1247  1960  7728 21573 17689]
2443,[ 8481 10870 16553 16518  8228 19324 16559 16147 14257  9322]
2444,[ 3089 14292 15446  9902  2956 14928  5697 14875  9700  7765]
2445,[ 8683  3441  4110  7554 20970 18602  7732 18398 21458 21582]
2446,[ 1640 20145  1862 22527 19977  7068 10354 22530  8355 20895]
2447,[ 7248 14575  2695 20142 17166 20606  9751 10313  5573 15342]
2448,[ 8827 11516 19962 13948 19227  2346  2185  8249 14004 11982]
2449,[16616 11551 15904  3270 13810 22996 20129 11267 14298 16110]
2450,[ 8162 10008 13981 14881  3851 22111 20551 17190  3152 12192]
2451,[22575  1305  1300  1662 13986 16188  7768  7780 13116  3677]
2452,[22090  2141  6653 16027 15027  6292 22210 20097 19193 22660]
2453,[19080 12028  3604 19293 13375 14597  3668 12130 10699 17763]
2454,[18182  7828  4860 22523  9123 15049 11476  4315  8121 18627]
2455,[19447 14545  5826 22208  9320  5689 18430  5192 10673 23002]
2456,[17762 16366  1466 10035 13864 17750 19348 22284 18763  4905]
2457,[20881 19030  6435 22722 21483  8953 19943  1650  1933 22645]
2458,[10528 13375 14132  3631 17802 19866 21607 16031 19080  8047]
2459,[ 4445 12789 20142 14739 16775 11358 10207  4836 12101 19989]
2460,[13802 16899  7767  7617 22817  6948 10475  6322 22416 14070]
2461,[ 8829  3374 19826 17549  7598 22996 15854 14064 14257  9814]
2462,[ 2605  2335 19383 14291  1941 16126 20645 21454 18576 10104]
2463,[ 1571 20698  5460 11123  2701  4249  1013  1305  1927 22011]
2464,[ 4366 17727 18040  2956  9710 21949  5216 10153 13810  6210]
2465,[ 8528  6598 12727 21731 17063 22615 19595   740 20798 10113]
2466,[11281  4579 20684  2942  9752   846  9316  8993 13082 16653]
2467,[17363 23033  9767 20261 14922 14073 15408  5671 13586  8989]
2468,[15044 14293  5729 17122  7837 11057 12556  8641  9637 16495]
2469,[ 8783  4166  1594  6715 14205 16399 20149  3735 15930  1966]
2470,[14997  5480 17180 14871 19098  9352  8591  2714 22211  7755]
2471,[16227 17965  1866 11001  2083 13154  2406 15827  7928 12590]
2472,[15044 14034 14465 22292  7293  1527 19250  9664 21363  6335]
2473,[ 8648 17129 12902  8544 22504 19676 19514 19677  7283 10845]
2474,[15435  3262 22478  5690 18100 21930  7439  9975 17961 12304]
2475,[12645 16399  4166  5048  1594 14205 16315 14926  7248 20237]
2476,[22614  6715 16110  7400  5736  9751  8783  4166  5907 21683]
2477,[ 9433 20223  8145 16090 16089  8816 11479  1334  9146 13240]
2478,[12975 11820  1144  1749 13118 12305  8930  2009 15501 17372]
2479,[ 7755  8591  5480  2714 14997  5193 20193 15388 12070  9352]
2480,[ 4941  2619  3211 16239 19349 14127  9377  5661  2947  6745]
2481,[ 9689 21026 16329 20715  8397 12216 13871  6062 20258 12546]
2482,[ 2363 13062  7728 17378 11459  6778  8350 19316  8138 10133]
2483,[ 6672 20596 11539  1332 16296  4446  4571  2680  5460  1550]
2484,[ 9133  8197  4032  2083 16581  7550 12590 17965 13532  9039]
2485,[ 9087 13311 11314 13151  6925  8688 12709 13298 12479 22722]
2486,[ 1436  4849  1586 17256  1247  2881 17689  7837  1683  2919]
2487,[21720   846 11507 21719  8795 11988  4339  2942  5945  9752]
2488,[18666 10142  7504 17313  2238 18389 16942  1078 17689 10017]
2489,[12529 15044  4069   787 15773  8000  7122 18340 14291  2722]
2490,[23150 16567 13658  2428  9738 12664  6690  7592 11367 23037]
2491,[ 3359 17294 10905 10764 20651  4913 15392 22687 16991  8051]
2492,[ 3192  9404  2695  4445  9734 15342  4059 19548  2609 20203]
2493,[ 7635  7400 16285  7740 18060 11723 16044 16110 11740 22614]
2494,[ 1937 16355 20217 17946  7472  6970 10424 19369  5397 10142]
2495,[ 1274  8220 20414  5472  4695  5050  1306 17802  5421  7184]
2496,[20789 22156 14943 16125 15601  7426  4157 13082 20603 16616]
2497,[20789 11551 16616 19679 15830 20677 18196  6849 15600 16553]
2498,[23165  3963 16223 20837  6542  3931 17860 12898  5797  8757]
2499,[ 3065  2786 13621 12111 19535 14933 13401  2007   579  1857]
2500,[16143 12731 15622 19734  8091 16211 15587  4871 20345 11857]
2501,[19497 19624  2564 10930 20315 12546  7598 16202 21452 15998]
2502,[ 1392  1423  4757  6776 16188 13967  4648  1734  6359  2233]
2503,[14273  8752 14764 19012  8052  3083  1965 11824  8064 17970]
2504,[16792 22120 20414  8074 17763  3236 12454  2936  1306 19293]
2505,[ 7575  4584  1980  4924   599 15467 11629  2078 20676  7487]
2506,[11532 21288 13706 17880 17256  3850 11652 23093 12250 11033]
2507,[16769  3437 20171 22719  2705 11100 13865 15839  3916 18492]
2508,[ 9209 16581 13017 13879 13253 12874 16036 14205 22049  8351]
2509,[18143  4960  3674  9342  9867 21031 11447 13964 12010 16650]
2510,[ 7242 12468 12697 13828 20999  5992 22051 21981 20286 13458]
2511,[16135  2552 22452  8459 19500 18070 18322  4878  1316  1949]
2512,[ 6279 10353  4905  1740 18040  3728 18902 20145  3074  6548]
2513,[11086 10025  7482  1560  6230  3826 10304  9686  7954 19037]
2514,[19080 16792  6309  5470 17820 12130 10343 10699  2245 17763]
2515,[ 7043  8735 18935  5374  7990 18087 16366 20269 13453  1998]
2516,[  742  7801 21173 22034 16083 13109 17212  6212  8449  7723]
2517,[15767 16506  7514 14466 16757  3439 12740 16912  7554  8683]
2518,[20995  8641  2739 22615 20798 19147 18934  3070 19053 17248]
2519,[ 5711  6335  2118  2137 18103  1650 22266  6972  2510 11125]
2520,[13082 22117 20523 22115 10432  7069 14943 17843  7074 18612]
2521,[11169  1036  5132 13985  2736  2716 14408  3695  1734  3613]
2522,[11523  2129  4615 22523 19675 22159  4474  4569 18627  3979]
2523,[18602 16110 14033  9469 20418  9824 22614 16247 20396 16139]
2524,[16371  7180  8822 16069  6210  2310 19667  1583  1552 13722]
2525,[ 8618  8432  7431 23083  5051   785  5362  8521  3858  5829]
2526,[12945 13371 13017  7550  8197 13955  5736 15740  1941 16207]
2527,[17362 15073  7123  1254 10528 14376  4213 10229  3631  6896]
2528,[15580 10883  4495  5666  7072 21346  9864  8769  9867 21162]
2529,[14875 19447  7247 18430 22790 13104  2236  4213  5697 15227]
2530,[19064  4071 22764  3198  3055  8880  6326 17169  8708  6537]
2531,[22958 19271 17186  8449 17212 21173   742 20206 13109 22034]
2532,[12946 10343  1827 13060 17748  1854 11751 21765 19579  5685]
2533,[ 4745 17560 18597  5311 10574  4821 22758  4349 17396  8525]
2534,[16806  5695 21672 15962   290 16664  7594  1344 22149   988]
2535,[ 7461  4674 18546 14545 19524  5388 19222  5826 22958  7485]
2536,[ 4691  3144 18125  2790  5323 20266  6596  6806 20560 20935]
2537,[10090 16407 16340  8594 19708  2333  4257  6736  4768  4861]
2538,[17763  2936 19293 19303  1926 12098 19080 17131 12130  2907]
2539,[20741  9002 13678 13114 16028 12754 15770  4864  8258 18888]
2540,[10147 22211 17180 19244 17762 16076  2326  3682 20546  1013]
2541,[ 8481  2729  4424  5829 16129  7462  9429 16021 13039 13879]
2542,[ 6440 14291 19287  3617  3209 13625 11182 20989  7819 23006]
2543,[10353 16217  6237  8200 18013 19693 17886 18190  7252 10775]
2544,[ 4051 16193  7550  8833 12501 15342  7400  3029  5736 18684]
2545,[16544  8662 20964  2369 13017 16383 15852 13955 15596 20203]
2546,[21594  9925 22644  3870  1605 15651 12469  1167 10354 18926]
2547,[ 4051 15342 12648   890 14063 16510  5031 16930 16551 20701]
2548,[ 4224 18109 13706 13992  5813 16486 17083  8945 22921  6281]
2549,[ 2304 16217 22751 16514 13855 10229  1506 19019  9146 14318]
2550,[ 7247 17273  1316 13104 15207  1167 20977 21803 21952 12166]
2551,[ 2508 19133  6775  4213 13169 18008  6829  6258 14644 15073]
2552,[19589  5330  7439  8244  4644 13661 19594  9667 14812  6061]
2553,[16209  4194 19705  3673  6828 14463  6061 18184 14410 14403]
2554,[21868 12550 17013   779  2384 11592 21477 13146   657  3204]
2555,[ 2938 20595  6641 17120  1362 18158  7025 17034 20568 15925]
2556,[16217 10353 14765 15073 10229  5930  8088 19347  7123 18190]
2557,[ 3244  9914 10021 10238 19264  5976  3837  8827  8375 18641]
2558,[19162 16141 11315 11467 22641 13611 11252 13699 22370  1890]
2559,[ 9325 17773 16031 12059  2717 16685  2716 20344 20193 16766]
2560,[ 2956  5655 18460  3089  3198  2905 18040 22764 13459  8987]
2561,[17254  4565 11273  9839  6290 14021 16876  7578   960  1542]
2562,[21654  7670 21719 13937 15700 11362  8579 21255 21182 11988]
2563,[13560  8127  4982 10011 15770 15834  9003 10105 12787 14465]
2564,[14466  4952 12228 10236 20925  6751  4994 22400 18603 22315]
2565,[19325  2965  8958 20146 21056 18572  6543 11529  2115  9487]
2566,[ 7630 16245  9299  6443 13976  2642 13667 12393  1934 21606]
2567,[10304 10506  1183 10435 11745 16556  4575  2152 13616  6452]
2568,[20358 18555 12914 20206 23083  8651  5642  9954 18839 23037]
2569,[19023 17364  3335 15673  1279  1192  2936 17763 12188  1926]
2570,[12535 11463 14472 13611  2824  4333  4388 10529 20361 10507]
2571,[10343 12946  1854 19579 19176 19624 12737 17826 21452  9483]
2572,[ 9839   931 22172  1606  1638  1569 10011 22725 16126  2950]
2573,[ 8752  2705 13865  8299 18576 21211  7070 16769  1965  3437]
2574,[14318 18577 15291 22428 18184  4528 12734  8090 14409  8678]
2575,[18051 19351 12108 14144 19497 16457 10654  5332 16915  1011]
2576,[ 6290 19930 14113 13274  7434  1484 14200 21180  7817 21966]
2577,[ 5467 22050  2503  5866 12076 21261 17797 21163 19207  1944]
2578,[17843 19962 12218 16908  2346  9336  2185 15388 16696  2236]
2579,[13079 10915 17382  5047  1207  4106  8179 21476  2396 18610]
2580,[22800 18190 16855 22115 18606 13684 13082  5252 13526 11281]
2581,[13082   615 18612 16168 16883  7407 22115 17180  4860 19962]
2582,[  890  1545 14575  9447  2176 16425  7247 16930  6326 13631]
2583,[ 4972  8481 16440  2310  1594  7627 22049 12890 10870  9695]
2584,[13039  5655  7068 16705 18196 15923 16467 16616 20788  8987]
2585,[ 4969  7928  9799  5622  7514 17037 22036 12789  3121  4445]
2586,[ 8663 19149 17350  7247  7922  8219 10252 22370  5566  8419]
2587,[ 1746 17095  5048 22071  3712 14575  8341  5783 20999  2201]
2588,[15291  8900   704 11123  8460  2257  8375 21489 18507  7586]
2589,[ 1937 11958 13049  5397 15965  1751 17547 11433 13616 16991]
2590,[ 8833 16193 16347  5736 20203  5804 12945 16206 16820 10119]
2591,[ 2245 10343 10690  1854  4858 12149 17748 12946 17820 12130]
2592,[ 2729 16371 10409  4870 14268  8343 13253  7180 16113 20108]
2593,[ 4582 19545  4359 17887  9623 17231 19451 17897 20608 13057]
2594,[16789  1690  4831  4213  6607 13951  2335 16989 10302 18576]
2595,[20970  3375  8683  8987 16241  7732 11267  4870  4904 18602]
2596,[10391 20134 16268  7554  3435 11656 20050  5026 20192 21211]
2597,[14580  1495 13890  6628  4913 13876 21391  2403 10766  5814]
2598,[19451 22616 10151  4196  1208 18057  2314 13007 18109   808]
2599,[16347 19667  8822 13955 15524 16449  5736 17220 20108 11100]
2600,[22958 19271 17186  8449 17212 21173   742 20206 13109 22034]
2601,[19379 14597  4693 21402 21504 10739  8206 17123 21384  6326]
2602,[ 4569  1331 10186 18764 11515  1685 18367 16161  3438 19735]
2603,[10207 14526  2722 20757 15087 12483 12747  1661  2147   915]
2604,[14526 19940 17077 15087 12719  1878 11358  6432  1135  1683]
2605,[12276 17764 17204  4474   680 19038 20911 20322  7344 19822]
2606,[ 2622  1064  6586  6644 12679  7473 20810  2502  2421 20636]
2607,[  742  7801 21173 22034 16083 13109 17212  6212  8449  7723]
2608,[ 8051  3986  1696  6230  1546  1529 17227  7080 16709 19989]
2609,[ 1082 12681  1209 17778 11516 20844  9975 19185 18940  7512]
2610,[ 2328 19046 12407  9808 14388  3765 18071 11830 20700  3070]
2611,[ 4501  6188  1241 14708  2217   783 19118 23153 13890 14536]
2612,[10830  6771 10620  8212 13007 18886  3851  2729  3859 14790]
2613,[18309 21933 13255  7463 22306 11631 13996  3052  9130  5898]
2614,[ 4963  5050 19955 13969 13531 18887  2383  1143   308  3143]
2615,[ 8640  3808 13275  6629 11964 23101 14329 19117  2620  4664]
2616,[16912 21592 18603 20925 19903 13007 16241 16253 15616  4904]
2617,[12223  9904 21685 18143 12861  3864 21355  8731  8354 13406]
2618,[ 6122 12115 21784  4115 12183 21690  3477  1839  6763  6934]
2619,[11643 16168  8599  2185 12851 17714  6830  2714 15915 16020]
2620,[ 1036 10923 22284  5132 13686 17714 11169 14408  3789  2717]
2621,[19244 11643  1864  5882  2326  1013 22211 17410 13686  1036]
2622,[ 5872  1575 11123  1507 10289  3244 18507  3789  1051  1013]
2623,[ 2699  1862  8659 14769 10343  7708 10125  6326  5855 21765]
2624,[17714 14065  8816  5412  2716  2701 11479 18470 12718 19198]
2625,[19644 11125  5228 14625  2764  7591  1356  1485 21364  8267]
2626,[ 3392 10678  3079 21151 21481  3914  8973  1973  4960  6566]
2627,[16524  9814  8816  2714 19198 17714 19532 18470  4689 20762]
2628,[ 6095 21366  9339  4928 12454 14688  4986 12984 13924  2939]
2629,[19953 20788  6326  5185 12890  7810  7966 18432  4972 10998]
2630,[11479 14065 20541 17234 10217  3123  3695  3613 13985 17714]
2631,[17077 10777  2064 12719 16489  1960 10989 22684 10207  9514]
2632,[11763 17453  1449 18554 23002 10078 13076 22960 12491 10810]
2633,[ 1691 14056  9935  1505  1507  1879 16846 20143 13717 21458]
2634,[14553 19226  4739  9474 19116 10211 14690 12032 13996 16661]
2635,[ 2840 15220 23162  1362  1659 23144 16720  8362  5447 18088]
2636,[ 8218 16154 12718 16705 16522  1607 19635  2304 20698  9469]
2637,[19881 20374  8189  6038 19136 14552  4419 13430 13089 19294]
2638,[ 7239 14148 18084  6927 19581 11370  3411 15935 12688 13544]
2639,[12994  7441 10263  4385 10723 15395  4179 21348  4821 21840]
2640,[22589 20798  1446 22091  6773 22780 17070  6598 16926  4068]
2641,[16908  2185  5882  2346 14676 19962  3699 10289 17068 13394]
2642,[  309 21810 18182  3435  2236  7627 10151 12566  9751 22370]
2643,[13800 17152  4975 19349  2619 10664  5661  1519 13475 14023]
2644,[16458 20640  1373 10018 11536  4100 16733  9505 21966 16942]
2645,[11100  4093  5031  1683   344 16295 12648 14231 10473  8490]
2646,[18929 14421 20455 10049 18443 13627 16228 11232 21247 11250]
2647,[ 9962  4917  3229 18130 13256  7222  4756 18071 10221 18895]
2648,[ 1994 22761  1096 19104  6094  3546 17719 16791 12135  5600]
2649,[13039 11267 18995 13879  4157 15600 16616 16553  2707 15531]
2650,[ 7207 20964 22684 21453 16546 15342 20203 15632 10119 16193]
2651,[16690 10274 16701  7806 15210  6271 21308  9340  5866 17806]
2652,[16168  4512 13082  8993 16883 10425 10432 14298   615 19679]
2653,[ 2457 21999  6532  6562 16931 18631 11964  2677 16829  6337]
2654,[ 6607  8992  7309 15746  8134  7247 12166  7950  7840  1894]
2655,[ 9824 22753 10119 22614 10120 16247  4032 14033 16285  5736]
2656,[ 5729  2310  4692 22452 19809  1638 23013 13017 15632 22351]
2657,[ 1242 21334 20340  2957 10151 22616 22496 18334  7273  1451]
2658,[10289  1506 22011 19244 17351  5412  3244  2701  2346 20143]
2659,[13082   846 16883  7407 10977 16168 10945   905 22115 10425]
2660,[12295  7586  5735 12544 12882 14937 12611 21489  9334 13426]
2661,[ 4864 23144  6878  6678 10474 20741 17148 18088  9002 14891]
2662,[ 2671  3222 10204  4792 14293  4160  1171 10293 21178  1760]
2663,[ 6335 20989  3209 12103 21374  3617 11182  6230  2745 21422]
2664,[ 1567   868 18733  2605 18738  4200 12484 22588 22764 22269]
2665,[13082 17843  7407   615 12218 19962 16168 18612 17180 22115]
2666,[ 6210 15616 16639 16912 12792  7180  9902  4870  4904 19667]
2667,[13104 16544  1968  7248 14875 21803  1966  7661  9751  3735]
2668,[13550 20790 16291  6091 16341  7525  5048 21031 22609 10937]
2669,[20970 22764 18210 18398 19667  8708 16044  3089 16347  3198]
2670,[ 6591 14849 17120 20595 13885 22721 17034  7025 14863 20862]
2671,[ 7624  1096 17282 12135 17573 21930  8840  7471  9975  5449]
2672,[16372  9209 16247  3273 16578  4032 11461 17965 11001  1596]
2673,[11302 14358  9602 12656  4368 11491 12936  5367 18203   627]
2674,[21287 13467  3921 15146 19459 12230 19350 17872 10257 19653]
2675,[ 9810 10174 11378  4327  3019  1557 10441 17269 12754 10430]
2676,[ 4772 19451  4196 20676  2078 20879  4359 19545  9378  4924]
2677,[ 2151  2346  4569 18367   597  7721 14004 18627 13394 17466]
2678,[ 7928  8197 17317  7550 12234  9799  9133 16588 10770 20142]
2679,[ 4379  8615 15947  7252 13877 11752 22946 22434 15287 13948]
2680,[ 9692  1578  4528 18156 10083  3020  2684 13968 14375  1663]
2681,[ 6069  4024 11009   851 11016 17270  7701  4609  7592  9611]
2682,[ 8615 11752  8551 15846  1777  4379 22434  2861 21805 13877]
2683,[  742  9705 16083 13051 10991 21474  6212  7723 13109 21139]
2684,[ 3812 18679  7450 20781 13033  8367  2174 22981  6118 23160]
2685,[ 8752 11454 16467 13383  4036 20715  2315  7105 16347 14790]
2686,[13555 15227 14997  5844 10761  1944 10722  4776 10790 20366]
2687,[ 1036 20541  2736 10217  2717 11169 13985 10494  3123  6359]
2688,[21339  3699 19227 19104  3609 19103 19288  3700  9393  3618]
2689,[ 1030  4776  9867 12781 15579  5689 16855  5714  6966 21355]
2690,[19856 21968 21891  6652 19674 10929  6559 13791 17443 10886]
2691,[ 5902 12350 13398 12772 14720 10106 20379 15078  4810  7838]
2692,[18602 16044  8987 16724 18060 20970  5655 17220 22764  3089]
2693,[ 8092  7255   914  3729  9262  5469 14279 22538  4874 10553]
2694,[ 7573 16182  2543  4182 19444  9048  9299  7119  3969 15587]
2695,[22412 20549 19228 21840  7039 20668  6038  8935 15459  5188]
2696,[15773 17628 20088  5836  1435  9023 18340 16775   787  1227]
2697,[20488 22290 17383  3225 19325 14340  6543 17284 18309   841]
2698,[13969 17296 22588  3874  4601 12576  1548 10855  4527  2065]
2699,[ 9615 12357 14607 17038 19137 14142  3845  7728 18320 21190]
2700,[ 8351 16807 20756  9209 12590  4158 11001 16578 10510 12562]
2701,[21868  3457 13146  2384  5447 17013 12550 12248   779 20595]
2702,[14330  5696 22800 11619 14400  4675  5247  8418 14194  2942]
2703,[12076 16690 22033  2503 15355  5558  5467  9404  5566 14115]
2704,[15039 14298 10690 15915 17962  7973  4512  2245  7069 13945]
2705,[20360  7633  6440 14591  1615 16876  2722  2608  7015 19990]
2706,[ 1440 16123  7118 10438  1695 13968  6326 18695  3451 17169]
2707,[ 8367  6118 13777 23160  9640 10886  2405  7978 20505  8324]
2708,[ 1359   307  3155 21181 10475 17307 17730 12938  5036 20741]
2709,[21765 13060  1710  7734 12946 19579 20587 11310  5685 14769]
2710,[17862  3376 21781  6710 19451 14466  2447  3080 10169  4952]
2711,[ 1683 23010 10133  1960 13793 16135  1754 10989 12308  1162]
2712,[22958 19271 17186  8449 17212 21173   742 20206 13109 22034]
2713,[15536 21901   640  1096  7829 15274  3546  9262 22986 11493]
2714,[22958 19271 17186  8449 17212 21173   742 20206 13109 22034]
2715,[13968 19383  7118  1941 13629 11100 12336  6434 14318  4884]
2716,[23014 19903 16253  4550 15980  6195  2167 19727 18274  2439]
2717,[13743  4366  4737  2999  7105 16496  8695  7180 16724 16705]
2718,[16031   704  4249 20034 17886  4400 18013  7983 16188  5930]
2719,[22958 14789  9771 17878 18167 19694  9091 12283 11763 20206]
2720,[ 3214  7475  9987 19945  2082  6061 14990 19770 12001  1324]
2721,[21907  1488 15238 15927  2441 10689  6696 22450 22430  5362]
2722,[ 9665  9223 19185 17573 17794 19294  5431 19120 16542   803]
2723,[20789 15830 15600 14179  7426  7068 13572  6849 12490 16462]
2724,[ 9949  8460  8090  6824 19813  1485 15747  1567 17871  1662]
2725,[11874 14597 16855  5844 17166 10722 19079 20918 19672 14997]
2726,[11231  7489 11691  6239 20637 20650  2593 15507 18137  8498]
2727,[12787  4163  7053  4982 19978  9132 16385 19547 13049 10979]
2728,[13039  3010 12874 22609 13879  8343 20664 14257  8341 16036]
2729,[ 7844 20900 13706 22781  3850 11225  4947  8407 11259 22873]
2730,[11711 12366 11773 13434  3959 13726 16759  4106 22305 16994]
2731,[11358 16510 20701 19940 10989 17077 22756 12789 10207 14063]
2732,[19996 13567 12656  8879 13914 22739 18016 17933  3943 14735]
2733,[ 6172 10301   691 16716  3742  5558 17004  1359  3095  9335]
2734,[ 9321  9133 16017  8197 20418 19958  9469 10120  4537  4669]
2735,[ 1566  3070 15319 20798 20221  1130 22391  1016  8420  1537]
2736,[19080  2936 13375 19293 12028  1279 10695 12130  3335  8047]
2737,[17777 12162 19307 15666 19297 16700 22637 13379  8068  3545]
2738,[22370   309 21810 13684 14708 18040  7247  2236 15446  9751]
2739,[14768  2795 20055  2815  3743 15043  4580  7952  5751  7829]
2740,[ 1566 10142  1762 16453 10435  1760 17999 16537  1700 22189]
2741,[21406  1435 17728  5836 10764  7080  9734  7124  3055 10762]
2742,[ 2011   875 18367  8827 12974   615 10808 13948  8828 19603]
2743,[20143 20609  1691 16552 19693 17351 21458  3785  2733  1506]
2744,[ 2083  2406 16227 17965 11001  9039 13623 12590 13532  1866]
2745,[ 8367  2380  9640  7978 12162 15666 10646 22944  7838 19297]
2746,[15392 14292 17385  5499 19323  2639  8051 16207  9734 17998]
2747,[21062 15962  6514 21672 20810 21021  9574  6644  9686 21588]
2748,[ 4821 10808 21732  4179 14768  3743 22359  2053  5942  2883]
2749,[ 6250 11476 20340 19735  3435 10808 22430 22538 16161  2393]
2750,[10343 19080 19176 12130 19624 11360  5595 17826  1854 10744]
2751,[22085 10176 11362 17334  3705 10802 21256  7662  1416 10416]
2752,[11347 20736 15063 19196  7225  9069  4178 15052 13883 17382]
2753,[12117 13073 19038  7710 19136 20765 11523 17049 21650  4419]
2754,[ 3743  8521 14327  5642  6343  6250  4821 22430  4246 21907]
2755,[10504 16365  3742 10301  9994 13207 16829 22587 16716 17178]
2756,[20258 20715 11407  8397 11705  4806  9603  1869 16383  9689]
2757,[10974 11121 15992 11631 20218  4691  9663 13774  7339 13996]
2758,[ 2025 14967  7973 15904  4800  5178 13810 13945  3728 19565]
2759,[13082 18612 22115 16168 10425 16883   846 17180   615 22117]
2760,[16518 10937 16125 16372 20790 14205  5048 16315 13550 13039]
2761,[20050  9123  4315 10808  8828 16883 13948   615  4860  7828]
2762,[12285  5050   910  2630  2820 22588  9820  2019  1274  3744]
2763,[19962 17843 12218 16908  2714 16168  2346  4689 19198 22211]
2764,[ 5048  7885 20603 12955 14205  7525 15930 16399 10937 13550]
2765,[10343 12946 17748  1827  8659  2245 17820  1854  4858  5584]
2766,[ 2941 21387 16366 10035 11501  5590 19298   303  5905  3682]
2767,[ 8783 22614 16399  4166  6715  6849 16247 15600  5736 10120]
2768,[12590  3212  8833 13532 16227 13969  5804 16206 12234 16564]
2769,[ 9404 16930 22551  3192 18908 12479 16425 19281  4445 21261]
2770,[ 5565 17793 13910  5461  3631 16654 19864 10739 19154  4200]
2771,[18088  2840 16476 11433 19590  8362  1930 17915 23162 23144]
2772,[16552 19198 21458 13717  6225 20609 19565 15739 18470  9814]
2773,[13082 22115 15904 18612  9752 11507 14330   846  4078 10977]
2774,[12472  2680 13986 22588  1545  8299  3198  1585 18142  4200]
2775,[21916 22009  1392  9766  9336 11516 16677  4400  6693 12029]
2776,[12936 10553  4079   573  4191  6118  7388 21367 14315  2380]
2777,[12420  6739 11298 20282 22721 22099 15925  6591  5131 18310]
2778,[17068  3678  9336  3700 21143 16696 17928 16908  5429 20541]
2779,[20898  4356  8452  1143  1826  9742 13830 16014  8752  8085]
2780,[16553 16125 15601 16462 16390 15656 16315 15830 15870 10139]
2781,[ 3914 10678  9904 16782 13828 22146 20053 21981 15081 15253]
2782,[ 2027  1207  2241  2577 17641 17874  1847 14070 11408 14115]
2783,[19241 17820  2551 17826  2017  3335 19242 14210 19080 21581]
2784,[ 7424  7617  3793 14223 16850 10475 21181 22519 22416 20741]
2785,[20876 13726  2715   786  8524   789 17105 12479 19955 18111]
2786,[ 6596 10638  5323 17232  7144 18145 21995 10894  2923 20560]
2787,[ 4366 10153 20484  7732  4737  4904 22973 18040  8683 20215]
2788,[ 8987  5655 13039 20970 17220  9469 18602  5736  8351  4717]
2789,[ 5932  7296 12936  1216 14358  2282  1847   586  4233 15335]
2790,[13621 11236 13151  9087  2007 16307 19941 22817 13120 16223]
2791,[17804  3533 17833 21346  9908 12081 12204  9382  5455  3514]
2792,[12388  8377 22747  7538 10274  5306  6804 12191 10412  4064]
2793,[ 4477  2116 18463 17880 16241  2707  3435 20134 16208 15942]
2794,[15245 10698  7124 10764  1435 10766  7796  3269  5499 13631]
2795,[14712  5230  6656  5600 16209 17616 11391  8522 18457  8774]
2796,[ 6854  4975 17152 21111  1638 19149  5729  4849 19349 13700]
2797,[ 3262 12695 22478 12396  7030 18932 11815 22033 10786  2061]
2798,[22637 12600 21462 23062  5177  5375  5580 22986  9341 17777]
2799,[16510  2695 15342 11358 22756 12789 14063 20964 19242 16193]
2800,[19866 16031 15854  3074 20223  1334 10083 20625 19635 17750]
2801,[ 7844 11259 22781 20900  4967 11225  4947  8407  9516 14415]
2802,[19047 13007  4424 16912 16241 10830  6771  6210 16506  3851]
2803,[ 4721 10790 20348  9971 21513  1944 13555 21281 12674 17743]
2804,[ 2433 17214 17897 16558 14055 13621  2786  4248  4582 11345]
2805,[12183 13117  5659  9069 18151  2349  7832 19769  6122  9320]
2806,[20700  9808 20881  6328 18473 16458 20905  5034 19588 20640]
2807,[21453  7550 14063 12789 17317 16588 13371 16564 13464 13563]
2808,[ 2314 19831  2709 20879 19948 10478 18823 21774  7188  1871]
2809,[16498  2241  5308 13207 13275 20700 17163 14005  9132 23101]
2810,[23055  8000  8641 17628 20351 12479 16681 22713 20950 22722]
2811,[ 2176  4885 11363 22118  1440 19525  3055 21404 19761 18432]
2812,[16552  4670 19620   651  1506 19693 20609  8546 11167 20050]
2813,[23160 14389 13162 13033 16224 21058  6112  1442  4049 16568]
2814,[10126 16681 15665 12180 11125 13155 21364  1043  8267 17310]
2815,[18671 13428 13397  7236 15576 15474 14665  8483  5576 12837]
2816,[ 7243 18546 13684  5938  9751  7611 16855 19447  8496 18430]
2817,[ 3851 10830  3850  4550 19047 13706 20153  8212  3859  9067]
2818,[12991  4445  4601  8927 20142 12789 22588 20835  9799 10770]
2819,[ 5460  4689 19962 16908 16168  9336 17714  4990 16296 15818]
2820,[ 7243 19845 19873 22990 19447 23040 12924 20977 12695   925]
2821,[22028  1274  8750 21226  7950  7635  2820 11723 15174 15746]
2822,[ 1661 22700  7122  1227  8494 16898 12098 14734 16586 21009]
2823,[18340  1279  8368  9377  1016  6000  1192 20088  3335  4941]
2824,[14121 17826 13375 19293  2936  5020  7447  3035  3668  4959]
2825,[21394 21304 17753  2716 11479 17714  2714  5429 17928  9348]
2826,[ 5429  3695  3613 16908 17714 17783  9348 16696 17234  2716]
2827,[19500 16724 13459  8987 13509  7179 16135  1316 18602  2552]
2828,[13151  9087 22722 11236 20881 23055 21977 22621 10190 20883]
2829,[ 3244  2346 10923  1036 17466 19643 17234 12987  2151  8827]
2830,[ 9935  1879  1692 11223  7105 20143 12734  2315 18460  3198]
2831,[10270  4149  5697 21803 17385  7247  7602 17341  8880  7661]
2832,[13694  2275 22506  9647 10151 15927  2316 19690 10252  6069]
2833,[ 8068  7978  3546 15443 12150 21348 22944 14717  2380  1962]
2834,[16792  8074  4884 19283  1564 21052 12130 12454 17763 22318]
2835,[ 9383  3262 22478 10016  7439 18932 15189  5565 12396  1096]
2836,[12326 18425 12955  1594 12881 17076 16233 13550 22049 16341]
2837,[10646 21367  2380 12162 16700 15666 19297  3546 19307 19246]
2838,[16148 19456  7886  4893 16200 20032 16319 20618 12230  7668]
2839,[ 6775 10673 10739 15073  4213  3631 14575 10353 12157 11363]
2840,[ 2233 16188  5132  7780 19602  1392  9325 12349  6704 13986]
2841,[20315 21353 22048  7734  1973 14769  1710  3914  5760 16074]
2842,[13079 17874 23053  1446 17641 12618  2241 21508 22589  5013]
2843,[11432 22820  7329 17254 21180 10465 18969 11774  1740  9555]
2844,[  785 13033 23160  1893 17083  1336 22430 22921  3858 20816]
2845,[17871  4737 16558  4366  8695 13865  7105 12792 10896  8095]
2846,[ 6095 22007 16014 18372 17025  4695  4928 19241 14090 12454]
2847,[ 8817 16347 10071  7514  8459 16757 16449 20522  7928 13955]
2848,[10468  9055  1875 11023 17367  5031  1878  1135 12479  3874]
2849,[ 6452  2881 22189 10435 21636  8419   332  1615 22416 17122]
2850,[19264  4615  8274   680  6889 17204 21335  4474 10021 15716]
2851,[11358 13969  1878 16588  4527 13635  1875 17077  1143 12234]
2852,[ 6226  7504 16310  2238 22460 14375 12478  1508 22351 17313]
2853,[ 8718  5829  2139  7462  2547 10153  1897  3332 20709 13277]
2854,[ 2714 17843  8599 13910 12218 14997 16685  5480 19962 18115]
2855,[18679  6716 16851 12304 14812 15839 14105 19831 13414 18109]
2856,[12468  5048 10937 13555 12697 20237 13828  5689 14875 21803]
2857,[20606  7248 20149 19633 19497  5573  9209  1966  9751 20196]
2858,[20453 20805 22710  6585  5623 12546 14910 16992 18423  8506]
2859,[20361 14472 19809 12535  2881  1937  1638 10529  6526 11478]
2860,[16125  4078 16462 15904   846 10945  9752 14179 15601 16553]
2861,[11456 11281 17123 17779 16653 21384  9406 20395 19457  9343]
2862,[20171 22719 20051 20663 18000 19295 13830  1207 18492 10622]
2863,[22710 20453 12546 22546  6062 12216 13871  9896 16992 16288]
2864,[16544 23014  3851 23165 16757 14790 16506 18274 16208  2529]
2865,[20653 18040  9967  8203  6422 12499 18899 18230  7966  6655]
2866,[16194  2959  2393 19673  2732  6111  1200 20029 22270  7487]
2867,[12357 16558  7728  9615  5729  6651 15888 16190 17038  6984]
2868,[16514 10078  7627  7891 20129  3435 12449 16579  2237  8828]
2869,[22710 12546  9896 20453 22546  5623 13774  6062 16992 12216]
2870,[ 4319 15272 16591 21986  2490 20069 12697 21232 22557 18552]
2871,[14286  9737  9130  8864  9970  9311  4820  6773  7249  7555]
2872,[15495 15365 10278  9486  7671  7125  4348 15147  7541 21770]
2873,[ 2340  1445 11314  2510 20876 15087  2715  6363  2086 16312]
2874,[ 1560 20290 14128  6005 15513 17869 11118 22320  6365 17114]
2875,[ 3850  3851 18603 11033 20153 21288 13706 22111 17897 13992]
2876,[ 8822 18460  1583 13743  1689  2310  7105 16802 19667  4366]
2877,[19176 14688 17826 13375  2939 17802 19144 20356 21513 19080]
2878,[ 4158 15600  6849 11461  9316 13820 16268 16399 16315 12318]
2879,[ 2871 16876  2118 15362 14928 21069 10481 14591 13749  7765]
2880,[14024  7450  8476 12936  6118 21367 21930  9730 15056 15318]
2881,[ 1162  1256 22196 12285  4013 22588  2329 20876  1759 13062]
2882,[16134  4681 10946 22028 16285  4401 20149 15379 10078  8351]
2883,[22710 12546  9896 20453 22546  5623 13774  6062 16992 12216]
2884,[11282  1548  9480 18664  1143 16588  9039 15966  2083 12576]
2885,[11638  9549  8171 14368 12706   593 12492  4631  9333  9467]
2886,[ 9896 12546 22710  6062 22546 12216 13774 20453 15250 11921]
2887,[ 3244  1036 10217 13686 17234 10289  2476 14065  3123 14408]
2888,[ 6715 20396 16581  5736  8351  7400  9469 16820  4032 20149]
2889,[ 7248  9751 12645 20149 19497 14575  5048 19516  5573  1966]
2890,[14976  1200 16852  7143 22496  6650  8741 12160  1349  8377]
2891,[  573  4396  8463  4233  4079 14315 14968  9869  4191 20825]
2892,[18562 21850 16226 17198 13146  1223 22739  6292 17138 13974]
2893,[ 1545 11454 19548  3083 11740  8299   890  3087  3198 16334]
2894,[22117 14997 13910 13577  9814 19532 17843  2714 12851 15388]
2895,[ 2500 22546  1625 16603 17383  3225  6062 19325  1419 22710]
2896,[11358  4445 17059 16551 20701  2313 20142 22756 22551 21630]
2897,[20841  4349  6982 11476 20340 19027  2393 12994 10574 22758]
2898,[ 5829  7462 11033 11652 20833 16480  7888  4754  7611 17519]
2899,[ 6771 10830  8212  4550  4248 14790  7767 13007 19047  2729]
2900,[ 4963  4695 16134 13219  7942 14975 13154  2597  3838 20152]
2901,[13830  8490  1826 10468 14231 22719  1154  1600  7120  9419]
2902,[17722  7839 14979  1799 21273  6292  8743  9441 16572 19018]
2903,[10998  3807  8122 17299 13563  2822 12369 16686 16014 20606]
2904,[22546  2500  6062 16603 22710 12216 12546  6520  9240 17383]
2905,[ 9580 19153  7073  8414 19123 10183 21281 19115 14997 12116]
2906,[11734 11267 19530  4366  5026 18460 20215  7105  1505 10153]
2907,[21731  6876  4401 11699   308  1167  7739  2551 16746  1970]
2908,[16912 18603 13007 13981 15767  3851 20925 19047 20757 12740]
2909,[13981 10166  3858  8713 12740 15767  7341  8618  4049 15336]
2910,[ 5729 21444 14076 16355 15737  6984 16495  2103 12556  6612]
2911,[19349 17294  1814 17152 12442 18121  4975 19809  1696 21111]
2912,[22546  2500 17383  6062 16603  1625  3225  9240  1419 22710]
2913,[ 2510  1300  2680 21916  8678  7213 18577  1656  1423  1371]
2914,[ 3049  8617 16247 13168 11369 11461 13572  1710  3270 15600]
2915,[ 2241  2027 16838 17641 21508 11529 12556 17874  5232 22371]
2916,[ 1349 10272 16529  2117  9424 15451 17816 14976 23062 22430]
2917,[ 8351 20396 18995  4032  5736  9209  9469  4649 16757 16581]
2918,[20609 16552 18470 21458  2304  6225 11558  3441 19019 20653]
2919,[ 1583 14375  1663  1548  1947  1689  7362  2310  6941   728]
2920,[10378 21353 10363  3079  7734 21151  5408 15971 21179  9736]
2921,[18603  8138 16912 21592   930 20757 16286 19047  7514 17190]
2922,[13992 10689 17083  4301 21619 11237 20204 22921 18109 18393]
2923,[11763 20945 12914 22960 14789 13971 16480 11655 13535 12283]
2924,[16564  8490 16295 16449 15644 18121 16347 20360 11488  2369]
2925,[ 5826 21704  6999 19447 14536 13555  1030 14875 12781 18430]
2926,[ 5751 19027  4179 10263 12994  4821  6883 15395  4675  3743]
2927,[ 4529 12479 12709 11314 17313  6363  1043 22391  2340  8308]
2928,[ 9509  2402 11038  4955 16777  9739 16972   922  3422 13470]
2929,[ 9509  2402 11038 16972  4955 16777  8560 21861  9739  6621]
2930,[10071  2077 20522 19548  8860  5622  8817  4445 16930  7015]
2931,[ 2151 17466  2346  4569 16328  1664  9762  7721 19643 18627]
2932,[ 2431  7487 21626  9598 17270 22718 17575  7480  2174  3989]
2933,[17445 13749  1724 10843  3044  3827  8011  8573  8717 16190]
2934,[21719  8795 21720  4339 13937  8577 15700 21654  8579 11362]
2935,[12468 22156  9904 13526  4157 10937 22115  8973  3861 16125]
2936,[13120 16757  1683 16333 11100 16193  7514 16544  8668 16295]
2937,[22217 16855  4776   869 15034 21810  2210 14997  7655  9706]
2938,[16933  8697  8972  1446  2955 14052 17995  8400  9829  8612]
2939,[ 7105 18362 20747  8695 11223  2905  1941  3845 19667 15616]
2940,[ 1608  9734 18148  1696 19149 10764 17152 17227  4913 14023]
2941,[ 7550 16564  7400  7928  8197 13563 14063 12234 16820 17317]
2942,[22575 16188  2476 14408  5132  4249  2233  1571  2716 11123]
2943,[ 5020  1009  3335 12028  6258 20606  1279 19241 19293  2936]
2944,[10126  6255  7591 17064 19644 10878 12104 18465 11023  4093]
2945,[ 3422 10963   922 13961  1557 15696  2421 11378  1064  8560]
2946,[13098 13665  7989 20836  9138 10236  7274  4699  2052  6803]
2947,[16074  7068 13550  5048 10937 18425  1594  8228 16518 16616]
2948,[ 8081  2151  7341 17951 13394  7624 21930 17401  6749  2382]
2949,[ 9799 12991 12789 13585 10133 22036 14063  4445  8927  7550]
2950,[ 2665 14612 14415 12417 18090  4947 16974  4054 18728  4147]
2951,[13955  2167 16457 16223 14790  8662 19765 20360 13120  7957]
2952,[ 1683  4093  4884 12648  1661 10293  1754  1135 17077 22756]
2953,[21331 10704 10661 19104  8966  8824 10747 19136 15395 19120]
2954,[12679 19319 20636  6644  7265  7473  3090 17398 13746   290]
2955,[14128 16274 12683  9550 21017  8100 17114 15516 19830 22600]
2956,[13623 16402 20964  7472 16546  2064 13532 13017 11358  7207]
2957,[ 7105 22764 19667  8708 18460  3198 15923 11454 16467  8987]
2958,[ 3965 16495  4313 19809  5729 11366  6984 13253 12442 11463]
2959,[22115 18612 13082 18606 17180 22117  7407  5480  5479 10747]
2960,[ 5751 19027 21770 15043  4179  6216 10263 17630  4675 18476]
2961,[  980 22725 16960 14223 12228  4987 18217  5228 19991 14607]
2962,[14544 12365  6097 12228 15334  7148  6011  4541 13665  8751]
2963,[10937 16125  9080 16074 16315  3374 12697  3864  8228  3411]
2964,[16709 10204  2381 11519 22391 19990 17152 19989 10293  3211]
2965,[13526 14943 22156 12468  5992   846  6459 10432  3728 16125]
2966,[10839 10573 10802  3217  7670 21256 10977 21654  5479 13082]
2967,[13623 13635  9039 11358 12234 16402 13532  2064 20964  7472]
2968,[19166  8317 20618  5033 12710 19734  1905 16319 11705  8703]
2969,[10739  7558 21404 16686  4529 19525  6537  1545 11363  4200]
2970,[22444 11634 18567  9710 21837 19873  7604 12924 16205  8117]
2971,[ 8648 12902 17129  8544  4543 19677 19676 19514 22504 20723]
2972,[17245  9039 12234  8197  7928 13635 13371 17317 13532  1866]
2973,[16082 14174 23053  6561 14131 15352  2577 16078  9279 11283]
2974,[16017 19958  4669 21458  1051 19198  6225  8218  9321  8816]
2975,[20418  8218 12718 16110 16705 16139  6225  3198  9469  9814]
2976,[20032 16319  7668 19734 20618  7573  7886  8487  6962 16182]
2977,[ 9232 18639   330 12192 19084  4566 14881  5334 22194  8037]
2978,[13706  3850 20900  4224  7844  3851 13120  4947  3812 11715]
2979,[ 5495 19098  5335  9352  3618  5480 19288 19298 16644  5882]
2980,[ 9708 23021  5565 14878  1944 12396  2551 19222 12674  4788]
2981,[ 7309  7840 14545 12553 21065  9138 14907  9945  2114 18426]
2982,[ 3604 17773 19036  9388  9325 12349  2245 13985  9368 20990]
2983,[ 7242 21734  6966 18145  5992  6974  6181  7125  7713 14996]
2984,[ 6813 17399 12417 21957 17430 15210  3151 21275 12808 11524]
2985,[16422  9039 13635 12234 22684 10119 16588 21453  8459 13371]
2986,[  890  2695 15342 19548  4445 16930 14063  8927 17335  7550]
2987,[21353 10432  9731 15700  8069  4990 10418 21758 10425 21179]
2988,[  852 11523 18942  1971  4569 17470  1203  1497  5449  1685]
2989,[12945 20964  8833 13017 16193 16510 11358 20203   662 13371]
2990,[12974  7710 19675 19603 13948 19389 13394  2011 12061 19659]
2991,[ 5644 10781 11741  3217 10775 13451 19028  4727  5313 10573]
2992,[17641 17874  5743 21724  2577  2027 12159 12556 22830  1207]
2993,[13567 19996  7538 13914 12656  6945 22739  8879 14720 21274]
2994,[18685 13024 16610 18970 10946 15673  8750 10699  9883 17273]
2995,[ 3439  7554  7341 19903  6195  3438  8683 12304 14466 21582]
2996,[16315 16399  4166 16079  3270 20237 14205  9751 15600 10393]
2997,[ 8459  2639 15392 16207 20964 15357  7207 16333  8051 12789]
2998,[  808 10101   983  8176 15888 18000  6651  1436  2705  1871]
2999,[ 6655  7765  2147 16339 21454  1162  1166 12991 18049 21069]
3000,[ 2064 18444  1143  8631  7472  7022 13635 11358  8459  1587]
3001,[10236  3152  2052 14881 20017  1206  9730  2382 10949  4882]
3002,[16347 15342 20203 16544  8605  5736  7248  9751 16208  3029]
3003,[ 2346  2701 17234 18470 14065 10217 10289  2714  2476  4689]
3004,[  846 10432 10425 13526 14943 10418 10945  7598 21353 13082]
3005,[ 9433 20751 17351  3837 16505 10289 14004  2185  2011 19693]
3006,[16616 13810  8617 15830  1975 18602 15904 16139 16315 16858]
3007,[16544 20149 18274 16383  8351 19765 23014 20485 16757  1968]
3008,[18040  6655  9967 13459  7950  4119 18902  8203  7966  4528]
3009,[22269 20202 17291 22764 18576 12729 16030  1567  4940 20498]
3010,[12679  6644 20636 19319  3090 23000 13746 17398 13134   594]
3011,[20391 15582  8069  5484 14677  5873 13212 13814 21256 19298]
3012,[ 7424 14223 16960 17988 16850 11100 16307  8953 19451 22472]
3013,[ 4153  7938 21485 20321 18223  9505 11057  1872  8603  2578]
3014,[ 7514  7928 16757  1683  5622 17245 13793 16285 18060 15746]
3015,[19053 18892 10674 11971 21731  6938  1192 14113 21665 20804]
3016,[22276  3374  3728  5178 16559 10623 22996 12663   869  9000]
3017,[20985 13031 12529 15044  1373 18384  7728 14127 20003  9110]
3018,[17249 19763 20571  8875 17396  2397 23149 16034 18393 18706]
3019,[22546  2500  6062 22710 17383  9240 16603 12216  1625  6520]
3020,[ 2714 15388 11479 15739  1550  4689  3785  6607  3353  6693]
3021,[ 3817 21683  4216 18142 12890 18602 16154 22196 16858  9469]
3022,[ 5178  4763 19679   651 19565  2304 10977 11585 20609 15904]
3023,[ 2500 22546  1625 16603  3225  1252 19325 17383  2065  1419]
3024,[ 1553  1662  1874 12484   868 18738  1576  1567  1927  6422]
3025,[ 6941  4963 21226 19945  3058 10003 13158 12396 13969  9383]
3026,[ 7991 20881 20640 18223  8529  1872 21530  4153  2578  2635]
3027,[23010 18210  9902 18398 16639 16534 13793  9839  6854  4481]
3028,[10646 19224  7838  6233 20669 14315  2380 11302  4547 12936]
3029,[19812  2322  8674 22151 10960  7727  4595  9924  7144  9450]
3030,[ 7632  5738 14563  7975  7038 20321  4153  9509 19547 11830]
3031,[ 7122 21180  7176 14582 16676 14160 18238 13034 20503  9955]
3032,[22710 12546  9896 20453 22546  5623 13774  6062 16992 12216]
3033,[ 7991 17874  4540 22830  3259  2598 12644  3170  3810  6863]
3034,[ 2025  1752 14967  9907  2630  8199  5706  3744 13154 15059]
3035,[ 2476 16188 14408 18318  2233  4249 22575  5132  1571  2701]
3036,[15948  5454 14744  3144 22431 12841 11306  4614 15992 17453]
3037,[13864 18443  3859 19871 20185 13981 20455  3862  5510 13076]
3038,[ 5769 13298 17813 19081  7070  3462 12544 14155 18272  6698]
3039,[ 2329  8987  8708 22764 16724 18210 16044 18602 13743  3198]
3040,[ 6801 18367 17078  2151 13811 18705 19058  5142  4569  4631]
3041,[ 4366  6210  7180  4424 16912 16241  4870  8095  2729 13743]
3042,[ 9388 13986  1423  9766  1440 20344  2233 10739  1695 18695]
3043,[ 8839 11232  9806  2338 20199 12492 18225 21862 12992 21447]
3044,[ 4200 13986  2680  9388 18695  6672  3677  1332 10739 20596]
3045,[ 8768 18679  6716  6433  1834 20326  7198  7012 17043 17575]
3046,[ 3928 17945 10931 19736  4292 12277 11467 17004  4402  7995]
3047,[ 4821  4179 10808  2883 22758  4745  6684  5751  2393 21813]
3048,[ 8397 10393  4806 14889 12874 15798 21026 12684  6020 20258]
3049,[ 7550 17296 12234  8927  4445  7400  8197 10388 20142 12945]
3050,[ 2476 17234 17714  5460  2701 16908 21394  3613 16296 10217]
3051,[ 7768  6830  1332  2326  4512  6427 13572 13171  4671 15915]
3052,[16591  4388  4319 15272  5874 12667  6261 10870 10118  9662]
3053,[10977 16552 13082 10623 15904  3947 10573   615  8546 16883]
3054,[20063 21053 12717 17100  6458 20621  3403  7196 21713 12651]
3055,[22918 10775  8088 11476  5313 11741   869 19028 21211 11028]
3056,[12501  3029  4051 13955  5031 22817  1247 15342 20360 16295]
3057,[16021  9723 16440  4870  2729  4717  3089 16371  6210  2956]
3058,[ 1435  9377  6000  7080  8051 13607 20088 20511  5841  1227]
3059,[15904  4157 16315  8617 11310 13810  4158 11656 20192 13015]
3060,[16552 19019 19198   888  5412  3837  9433  1506 18470 20762]
3061,[13814  5428 13212 20391  5486  8069  1853  5479 19069 14117]
3062,[ 6021   875  2883  5469  1200 11515  9762 10740  2393 10713]
3063,[10304 10618  7482 22293  4575 20796  4922  6514 20665  7218]
3064,[22211 12218  7407 17843 19098   615 16908  1110 19962  5882]
3065,[ 3074  4149 19349 21594 18926  2662 21452 22644  7966  5573]
3066,[23157 23002  9928  3727 18917 19873  3982 22960 12799 23163]
3067,[ 7554  8683 13810 21582 20970  4717  6210 16241  2729  7732]
3068,[13830  5839 19705  2500 15261 10253 13969 12984 13924  3565]
3069,[10139 16553  5635 21641 15830 15870 10193 17844 20789 16462]
3070,[ 3865  4078 15656 10945 18463 16111  7554  4157 21720 11310]
3071,[21685 12878 21793 15844  2559 12881 18143 14446  7630 21031]
3072,[ 3275 11263  3359  4913 15193 11959 19765  1201 22641  2824]
3073,[13937 21654   846 13957 11988 11362 21765 20054  9752 21256]
3074,[13060  2988 15883 20587 21654  3985  7017  6742 13406  9592]
3075,[11016 15067 14462 17151 12033 21781 12772 16744  6285  2431]
3076,[20606  5415 13135 19497 13475 10654  5783  5573 18434 22026]
3077,[16046 18201 16707  1676 11017 16570  9118  4450  9962  5698]
3078,[12789 20142  7928  4445 13563  7635 16820  8459 10770  7550]
3079,[ 2038 15746  9358  6003 19131 19198  7635 18733 18060 16044]
3080,[21952  1754 16709 14183  7015 11022  8459  1786  1608 11304]
3081,[ 8490  1509 16402 16449 16546  4692 13017 16295 20360 12945]
3082,[ 1594 14205  1596 12798 18425 18313 16233  2707 14763 16289]
3083,[ 6440 12180 16681 15665 10126 13155  4529  1043  8953 17927]
3084,[16113  4692  7246 13253 15632  2310  5729 13017  7472 19809]
3085,[19080 16792  3668 12454 17802 19242 22318  1306  8941 10699]
3086,[ 6922 16712 12858 11725  6840 22707  9677 20875 14227 14013]
3087,[ 4041 17056  1716  4100 21572  8258  4859 10436  6045 20550]
3088,[ 9316  3246 11984 13820 13292 21255 13937  5702 16831  4579]
3089,[11028 19028 10574  8088 13451 11741   869 19620  5035 14240]
3090,[ 5644 11741 13451  4349  2397 14331 19029 10781 10574 18597]
3091,[17078 13111  8081  2151  4631 11759 11460 16568  5142  4569]
3092,[22656  2494  2830 22094 20436 15254 19583  9053  4287 10055]
3093,[11734 15904 11267 16553   651 13082 15601 16552 20192  8481]
3094,[ 4036  3004 15193 15446 11020 22360  1201 22370 22667  5697]
3095,[22190 18820 12799  9781 12202 18178 17786 19722 20299   653]
3096,[18870 11721 12694 12396  3262  4099  5236  5839 12600 19705]
3097,[ 2679  6421 13445  4100 16537 21966  1616 15889 10018  1613]
3098,[ 2282 15435  2764  3262  6972 22478 12898 19644 21919  5797]
3099,[ 3055 15342 14063 20993 19283 18629 21952  6745 11519  1696]
3100,[17351  3837  9433 10289 19019  5412  2346 20751  1506  5035]
3101,[ 5654  2875 16440 16321 14257 16578 16705 11461  1500 16393]
3102,[20666 15072  5793 22296 19873 11724  6469 18932  3129 20299]
3103,[12729 16205 11312 20925 20484 19831 16241  4969 10896  3120]
3104,[10704 10661 15664 12135 15490  8824  7624  3609  8914 17832]
3105,[20609 18470  1550  2701  2714 17843  5460 11539 16296 15388]
3106,[18970 12984 14730 20142 19553  2610 12479 19955 21009 18908]
3107,[ 3699 14004 10703 19227  8827 19103   875  2943 11516 19308]
3108,[13140 13141 11508 11463  6091 15943 16266  9695  1937 16317]
3109,[22211 19098 17783  3618 16644 10147 19863  3682  3695  5480]
3110,[10071 16930 18576 14288 13994  9799 11528  8927  6972   890]
3111,[ 3649  4953 14652 18552 14580 18494 19153 13890  5499 13987]
3112,[13140  9779 20102  1167 16517  1594 11508 22644   663  9324]
3113,[20590  6563 19873  8492  3982  2785  8528 18341  2171 19312]
3114,[ 8835  4436  4876 21334  4882 17644  6312 17010  1451  4266]
3115,[ 4969 10938 16205 19903  6195 16506 14288  1331   892  2511]
3116,[ 4503 16882  5553 22319  9389  9459 17867  6466  6094 22284]
3117,[ 7248  2201 14575  8605  5048  8662 10118 10313 13383  9751]
3118,[ 4216 22196  4972 12890  3273 21683   728 19740 18760  3817]
3119,[19180   909 20344 18653  3462  7983 12059  8900 17772 19081]
3120,[ 5956  8946  1802  8344  2553  1078  2238 18616  6432 12478]
3121,[17466 16505  6921 19019  3837   597  3441  4110  5976 13260]
3122,[19242  2313  4601 12425 11109 11358 13635 20701  1306 10770]
3123,[16402 13017  2064 17077 16295 10204 16564 16588 16546 16193]
3124,[22506 11236 22873 12108  8044 19690 10252  3095  2007 14790]
3125,[ 3019 13628  4995 10427  3037  1064  2042 22481  4955 11038]
3126,[16328  2382  3435 13948  3262 18764 11516 22478  3438 10522]
3127,[ 5311  8525  5751  4821  8966  4179 18597 16421  7952  3430]
3128,[16584 15281  8227 21949 10743 13555 17791 13684 17051 11417]
3129,[ 2357 15927 18109 13992 11237 22995 18393 15683  9602  1216]
3130,[16467  6225 13717 16705  4537  3198 20418  8708 15923 20970]
3131,[22413 16427 12881 21793  8876  8474 21031 16074 16517 16233]
3132,[20756 14062 16807  8617 16399 12231  6041  4032 19826 11461]
3133,[12126 16880 22320  3173 17125  3040 21324 14190  7378  6744]
3134,[11237 22995  9602 13992  6367  9516  4368 23147 13398 11491]
3135,[20192 15904 11267 16553 13684  4157  7732 13015 19565 13717]
3136,[16518 20790  7182  8228  7068 10937 16341  5048 13039 16103]
3137,[10353  6279  1740 11748  8530  3728 18040  6237  6548 21594]
3138,[ 8452 19633  2551 18824 12078  1965  1968   663  3082 20210]
3139,[ 1718 16354 16385  6328  4187  1925  8311 19381  1549  4982]
3140,[ 1386   621 12716  1028  9976 16913 18560  8968  9685  5974]
3141,[ 9731  8200  9933 21758  7252 15287 20232  5950  4642  6237]
3142,[16507  2877 11536   332  4203 10190 10475 12464  4865 13490]
3143,[ 3146  1332  4563  7070  6698 15695 13865  7984 16860  8752]
3144,[ 4200 18142  4757 13986  1371  6704  1392  9766  9388  9321]
3145,[10425 10977 13082 10418 19780 10432 16168  9146  8993 10428]
3146,[ 6689  8708  1702  3198  6225 15923 16522  6942 12484 22764]
3147,[17843  1550  2714  6225 15388  2701 15739 11479 19198 16296]
3148,[16315 15600 16074 12318 10937 12879 15870 18313  7279 17652]
3149,[19098 16644  5480 22211 17783 12218  9348 17843 19288 21304]
3150,[ 8757  9970 17815 15000  4177 21217 10328  5839  7564 22993]
3151,[ 4461 12882  3383 17515 11643  9334  5222  5593  5488 22997]
3152,[22958 19271 17186  8449 17212 21173   742 20206 13109 22034]
3153,[ 4149 22475  3203 17772  5573 13631  3074 14602 19349  8880]
3154,[19602  9621 15915 11740 12151  4446 23146  5706  3082 22588]
3155,[16371 18625  4481 16569 21443  7627 13879  8481  3375  7180]
3156,[ 7583  4368 11592 15335 12207 14358 17198  9602  4789 19605]
3157,[ 1097 19210  5855 17779 17772 10763 17123   825 21384 11456]
3158,[ 8138 16135 19500 20108 19667 15616  2339 16053 17931  4878]
3159,[10289  2716 10217  2701  2476 14408  6359 13985 11479 19244]
3160,[11753  5931  6315  9502 20890  6316  6938 13078  1167 13051]
3161,[ 2714  6427  9907  2716  2701 14408  2233  6359  7546  2476]
3162,[14961 15980 13024 15852 16134 16989 17226  7247 12566  7234]
3163,[16850   980 16960 19668 10105 12228  9003 14223 15770  3104]
3164,[14099 14378 23070 12688  8454 16643 13299 15576 14711 10368]
3165,[13955 20964 13371 16193  1608 13017  3029  8459 16546  8662]
3166,[22958 19271 17186  8449 17212 21173   742 20206 13109 22034]
3167,[10432  3235 16075  8341 11551 10139  1746  7426 11513 13526]
3168,[20237 14926  3864 16074 16315  7279 10937  1594  5039 21281]
3169,[12874 17431 16372 16807 18313  7824  2707 14205  4892   711]
3170,[ 2605 19383 19004  6775  2335  5331  2508 20498 13727  4940]
3171,[ 6237 16217 14765  4468  9146 19693 10353  8200 18190 19019]
3172,[16223 11259  2577  8865  1207 18728 15165  4947  9279 12108]
3173,[  888  7721 18627 19659 19631 19389  3999  2573 11516  4569]
3174,[ 5456  3035 15051 16648 11186 12202 15112  3538 12083 11495]
3175,[21053  7699 21713 17422  4654 12651  6943 13435  6458 20621]
3176,[22958 19271 17186  8449 17212 21173   742 20206 13109 22034]
3177,[22707  8412 10073 20875 14227 12858 12373  6922  9677  3218]
3178,[10633  2699 22211  9483  7768 19532 11008 11643 12851 10343]
3179,[ 1814 20964 15596  8662  5052  7581  2369 13017  8401 15852]
3180,[12781 13026 19633  5826 23002 19694  7552 19068  9502 11763]
3181,[15193  8822  9902 22667 16053  8401  3089  4870 14928 16347]
3182,[14179 16553 10193 16462 20789 16075 16125  8228 22996 15830]
3183,[14959 19200  4099  9665  9223 19983   674 10026  6979 19631]
3184,[16017  8218  9321 14033 16110 19160 18733  9469 22614 11740]
3185,[22958 19271 17186  8449 17212 21173   742 20206 13109 22034]
3186,[ 1695  1440 17169 16123 10438  4285  4013  8074  8941 14404]
3187,[ 5882  2714 17843  2716 22211  9348  3695 17783 11479 16908]
3188,[ 9555  7819  6440 10301 21961  8125 14591  6335 21009 14828]
3189,[ 5411  7995 19342 17647 18968 17651 21961 11780 12277  5409]
3190,[ 5003  4132 10473 14231  3212 11100 18194  1374  9055 18729]
3191,[ 6753  8641 18694 11529  1365 13275  5665 16933  6542  7478]
3192,[ 8000  2722 15442  1661  8387 13044  2427  2671  5523 20351]
3193,[ 7946  8436 23124  9627 16708 10971  7473  9719 12754  9948]
3194,[ 3865 16782 20053  3856 14092  1787 21862 19029 15656  6462]
3195,[20308 16249 19948  8718  2314 18057  8781 10153 18823  7462]
3196,[19027  3865 17630  4078 14330 16782 21770 21719 18364   846]
3197,[ 9146 20986 15287  4642  9731  7252 16076 15804 18190  1908]
3198,[13471 17900  6710 12706 11759 11719 11274  1361 14581 18004]
3199,[12945  3212 16581  7550 16588 13017 17296 16564  8197  8833]
3200,[ 6655  1162 21454 15362 20127  2118 10133  1166  8222  7765]
3201,[ 2275 20623  9647  9838  6069 22506 15927 10786 10400 14296]
3202,[20701 18049  9799  7015 13585  8927 10071 10133 16930  1754]
3203,[16193 13371 13017 20964 16295 13955  7550 15342 16820  5736]
3204,[19030 20881 19991 16899 21483  9505 20883 22645 21746 20640]
3205,[17931 16241 20970 13722 12792  6210 16558 17291 16449 16769]
3206,[14997 10761 18430  1030  5844 15227  1944  9971 15080 14536]
3207,[ 5930 14376 10302 16789  1680 10528 20876 12131   809 18974]
3208,[ 3044 10100  7738 19711 22113  9032 19250 11552  5040 17445]
3209,[15596  1814  1937 20964  9695  8401 15965 14428 11463 16207]
3210,[  742 16083 14347 21474  6212 21147  9633  7801  6867 12822]
3211,[ 1293  6035  1537  8582 12848 15319  1869  8420 16844  2645]
3212,[ 3837 17351  9433 10289  2701  5412  2476 19019  7324 19032]
3213,[  742 16083 14347 21474  6212 21147  9633  7801  6867 12822]
3214,[13706  8212 17880  2116 20571 17083 11102 11812 14790 10620]
3215,[22958 19271 17186  8449 17212 21173   742 20206 13109 22034]
3216,[22507 15852 13219 13024 16569 16134  7234  7626 19867 12566]
3217,[22113 19711  6678 22037 15611 17922  9948 13885 19684 18233]
3218,[16639 16912  8350 18603  1247 17378 22400 14223 12792 11418]
3219,[12479  1661 22052  1016 14730 19553  8000 15226  4527  9660]
3220,[ 3120  2511 13158 12304 10071 12396 19831 12729 16205  4969]
3221,[ 3090 12679 11344 13126  6586  6337 18901  4654 21979  6943]
3222,[ 4642 11362  8145  9146 10418  7252 20986 10428 16076 10425]
3223,[ 4693 11748 21353   842 21402   698 10461 21828 17724  2154]
3224,[ 2129 14851 13436   864 10923 17914  5928 10494 17928 10426]
3225,[10033 14943   846  6615 12468  7074 15284 13082  5992 14285]
3226,[13015  4728 11734 18188 20192  5313 17687 20050  5142 17914]
3227,[ 7068  5048 13550 13039 10118 20603 10937  1594 16518 20790]
3228,[ 7426 19811 21765 11513 14179  4512 20789 10773 10432 14943]
3229,[ 7550  7400 15342 19548 14063  8927   890 16820  5736  4051]
3230,[20892 13550 22026  7885  7525 20790  7019 11508 15930 15943]
3231,[19131 11402  9352  3952 20366  6947 14997  1853  7755  2038]
3232,[  846 11988 10033 14285 10839 12468  6459  6615  7074 14943]
3233,[16295 10293  4878 20360 20993 20158 22482 17103 17122 10989]
3234,[19962 15739  2714 15388  1550  4480  6607 16908  4689 19036]
3235,[ 3217 15816  8993  8795 19327 13937  9752   846 21719 11988]
3236,[ 4550 18109  4967  7770  9163 20405 14559 20153 17519  5454]
3237,[ 5874 10870 16569 16129 19324  8481 16518 16289 16591 16559]
3238,[ 6751 12228  2526  9839 16310 22400  6778 15334 16960 16850]
3239,[12499  4737  9949  1874  6139  1392 21458  4110 13461  4757]
3240,[16522 13945  7973  1702 18142  3817 16705  6225 15923 14033]
3241,[17059  4527 18664 11358 10207 19242 19940 14293  1737  1661]
3242,[12874  7525 22356  5048 15941 14926  6725 16767  7068 13550]
3243,[ 2118  7633  2110  6335  5711  9555 14591  7329  4055  4529]
3244,[14881 10470  3850 12192  3997 15699  9232  8742  4012  9582]
3245,[ 9325 20344  6427  9907  2716 13986  2233  5132  2701  1051]
3246,[ 1702 18040  3089  2956 22196 10275  1614  6689  8708  4216]
3247,[15630  4332 17990 10477 11388  4333 11690 12430  3928 16442]
3248,[19975 18328  3275 21731 18109 22960 16378  5943 11433 20787]
3249,[21168 17341 14696 11158 17820  7791 11360  1854  7411 16334]
3250,[ 3456 14602  4953  3649 13890 14652 14599 10727 18065 19672]
3251,[20666  4967 11259 10008 13660 19605  5793 21794  3358 15072]
3252,[ 9929  8623 10073 14227 12858 16024  3218  3984  6922 18956]
3253,[ 7462  5829  8781  8618  6881 14466 15767 20816 17544  7888]
3254,[16791  1994  7460  3244 21930  2943  2382  2151 19264  6695]
3255,[15656 16315 14186  9752 16462  3861 15904  8341 15870 10139]
3256,[22801  8063 11447 22746  1973 17424 21550  2403 22063  8217]
3257,[ 1998  3360  6250   875  6112 10049 10886 16421 14396 16366]
3258,[ 4196 19451  9332 11229  4772 11418  1208 18057  9491  8729]
3259,[17775 16703 16683  1146 10741  7791 15180  5844 12116 14696]
3260,[16193 16564  7550 17317 21453 13371 13563 16295  8833 14063]
3261,[ 7426 10945   846 19811 21765  4512 14943 11513 13082 16075]
3262,[  846 13082  7074 10033 14943 15284 10839 11988 22117  6459]
3263,[10687  2577 20189  3850 22111  4054 18694 23053 23145 16078]
3264,[17169  3055  6326  1440 13986  4071 16123 17341 11363 17772]
3265,[10003 16759  2067 12936  9667 19886 14160  1847  8406 19384]
3266,[21168  3861  8649 11052  6566 11370 15661  5565 15379 14975]
3267,[10120  4537  9133  8197 13532 16017  4032  9321  4671  4132]
3268,[13371  1683 20203 16510 16426  1608 16193 15342 13017  8459]
3269,[ 6433   808 18109 17066  9332  1049  8244 14187 21040 17900]
3270,[ 6427 10438  9321 17169 18733 19602 13986 19747 19958  4013]
3271,[16347 13955  5736 16544 13017 12945 16449 16193 16757 16820]
3272,[ 2381 12789  2695 16510 11358  9514 17059  1608 14063 19989]
3273,[ 2144 20144 19830 17395 20862 14863 12717 16003 20063 22113]
3274,[10989 10133 16135  4878  1960 16489 20158 12483 10207  2064]
3275,[ 4675 13948 18020 12994 16883 10945 18476 11092 11507  2483]
3276,[21550 11447  2403  1973  9736 22801  9708 21481 12451  3861]
3277,[13810 16616 15904 19679  8708 13945 11551  5178  2025  3978]
3278,[ 8662  1968  7535  2369 15357 16383 11488 19765  1286 15406]
3279,[ 7207 16544 13371  8662  7550 16820 15342  1966 16334 16347]
3280,[10436 20290  9129 13463 15513  9686 11552 21588  9574 11101]
3281,[13168 13140 12798 11508 13623  2875  1596  1594 15441  9039]
3282,[ 2598 16369 20493  9604 12716 21465 12332 17241 19919 12988]
3283,[ 1497  1416  5851  2483  7407 10977  8546 11362 20016 10425]
3284,[14323  3862  3859  5039 11092 19867  8649 16315 14421 18463]
3285,[ 2052 19550 18295 22747  9672  7538 15067  8377 10236 19609]
3286,[13544 13453 13467 14704  8454 19350 18084 17872 19459 15849]
3287,[ 8138 18603 20360 21592 10285 20757  4904 13955 14526  2167]
3288,[ 2241 16156 17297 10687  4054 23053  8302 14174 14236 21018]
3289,[ 2696 11101  9719  9574  6458  4594 13463 12257 13126 20813]
3290,[12199  5836 22052  5841 21366 19281  7791 16775  7447  8000]
3291,[ 1664 17394 20025  2943  8826  7460 20765 18367  9333  2151]
3292,[ 1247 22400  4544 16912  7179 15616 19731 16639 18398  2339]
3293,[10049 20947  9140  2372 20175 20786 12509  6109 20257 18443]
3294,[ 7403  9257 14052  4485 21496 10591  8242 12582  6739  9277]
3295,[20698 11479 20762 18642 19198 16524 14065  3013 20541  2701]
3296,[ 7550  2313  4051 20701 14063 17317 16551  9799   890 13464]
3297,[11407  8397  1905  5033  1869 12710  8317 12848   984 11705]
3298,[ 4550  7767  9067  4967  1022 22587  2161  3850 22111  6336]
3299,[ 8138 18603   930 11715 17256 16912  1247  2720 20757 17291]
3300,[21404  3055  8752 19525 11863  7070  3677  8052 21406  8880]
3301,[ 9713 13578 16045  9755   924  1637  1064  9574 17056  1544]
3302,[20595 17120 13885  7025 17034 14849 15611 16043  6591 22073]
3303,[20360 10989 10133 20158 12483  2608 21060  7015 10207 14526]
3304,[ 8362 10475  2501 12448  7617 21181 14828  2761 21966  1930]
3305,[ 4651 12866 12666  2144  4864  9685 14891 13885 11157 17922]
3306,[14086   846 22946 10839  4775 10791 18439 11988 21770 10834]
3307,[14875  7247  4213  2236 19064 19447  6607 17319 22265 12924]
3308,[21476  2396 20963 12543 14828  7158 22493   840  1527 18610]
3309,[ 5184 19769 22393  4230 15052 12833 15538  7682 19355 14386]
3310,[20709  5026  8343  7554  6210 11734  4477 17880 22355  8683]
3311,[ 5600 17206  2417  1980  5453 14712 16568 19673  6111 18457]
3312,[13458  7242 15253 13828 20840  5783  9165 12468  4960  8769]
3313,[11513 14943 11379 14245 20603 16125 14179 13828 10354 22156]
3314,[16334  7550  8927  1694  8197 17440 10120  5736 12945 11454]
3315,[ 1994  3244 11460  2151 16791   680  8827  2943 12106 19264]
3316,[22791  3928  4402 17945 20796 16905 13545 13616 11958 17547]
3317,[17220 18060  9799 16757  7928  5736  8197 16044 13793  7514]
3318,[ 4737 20192  4366 13717  4110 19958 20308  3010 16496  1691]
3319,[11536 19595  4865 16898 20503 16312  1579 14441  7477  6903]
3320,[ 7066  1373  2704 20036  7355  8127 20431 11856 19513 15496]
3321,[20142 13969  4601 10770 19242  2019 17059 22588 11358  9480]
3322,[16782  3914  3865 17630  6462 22093  6982 15601 21770 19027]
3323,[20608 22921   573  4359  4233 20302   586  4204  2345 20204]
3324,[10026  9762 16328 14004 18764  9223  8828 20751  5976 16161]
3325,[19620  8718 16249  2547  8088  8171 20308 19693 20050 12706]
3326,[22210 12439 13883  6235  8743  8612 19355 17556  5315 14313]
3327,[ 6881  7341 14466 13030 18764  2382 20816 10522 14312 16852]
3328,[11237 15683  4967 22873 18109 21710 15948 13992  4550 20153]
3329,[ 4601 13969 22588 11358  1875  8927  4445 19242 12576  2019]
3330,[15766 15898  3401  3392 10846  8832 22746 13076 10350 23005]
3331,[ 1859 20076 15451 14325  4550 13981  6639  4524 16253  7243]
3332,[ 4892 17296 20485  4969 22990   925 11225 10285  1018 11528]
3333,[21061  4764  9596 20216 20807  9727 17885  5716 19616  5648]
3334,[ 8008 22446 15794 14700  4315  2129  5951 19452 13894 16099]
3335,[20701 21876 18733  9799   892  1941  9133 10071 22588 13994]
3336,[20546  4518 19302 19180 17772 19079 13116 10701  7822  2667]
3337,[ 4051  1941 12501  7928 17367  8197 20701  7514 15616  7550]
3338,[14257 18434 14858 15798 13475  8829 13864  3838 12442  5808]
3339,[ 1435  7124  3087  3055  7661 21406 15207 21952 15976  3083]
3340,[19143 21308  2665  1223  7806  3670 18673 10106  3536 18657]
3341,[11740  5461 16110 15739 16285  6607 20829  7220  6672  8599]
3342,[16295 13955 20108 16449 16347 16564 16193 19667 17931  3029]
3343,[13458 13964 14245  6036 12468  9165  3654 14943  5992  8769]
3344,[ 2678 18030 14958 12936 14895 13883 14313  6292 12437 17010]
3345,[13577 10432 20145 10344 18695  1640 19635  3429  7069 20523]
3346,[13968 17772  2176   890 15342  7118  7400  4051 11100  6942]
3347,[ 6530 12167 10506 20038 18240 10436 15970 16432 10435 21572]
3348,[15600 16399  2707 16315 12874  7279 16372  3270 10139 18313]
3349,[13869   698  8973  7598 14194 20315 16855  9814   673 15661]
3350,[13948 20050 19983  8828 20232 10775  7891   888  4293 11656]
3351,[20321 12272 20036  7478 19513  7355 11985  2740  1373  2622]
3352,[ 7341  3376 11016 17644 11391  6285  9362 16568  8774 17862]
3353,[22820 17414 21214 12730  5411  7381 21649  2594 21139  3802]
3354,[ 4670  1614 11167 20192 16552 18040 21683 19620  7180  4366]
3355,[ 5873 21182  7774  7074 14567 21654  7670 10839 22115 22789]
3356,[ 5573 17152  3211 12166 15651  5653 17227 19349 20606 18926]
3357,[ 9080  5048 16074 21685  7242  9165 12697 10937 16460 12302]
3358,[ 8179 17163 22037  7355 20036 19513  4664  2457  7478 11964]
3359,[10770 16588  9480 13464 10855  2083 13563  9133 20142 13635]
3360,[ 7257  2287 23159 16457  4550 11464 19143  9804  5215  2665]
3361,[ 6195 19903  2851 20076 16496 16506 18057 20925  2314 19948]
3362,[20149  6715 16285  5736 20396  9469  8351  5907 20970 16757]
3363,[23162 17064  6255 19590  7045 10878 22939 17915 14849  1930]
3364,[ 3446 16897 16714 10443 10456 10458 10449 10442 10447 10453]
3365,[ 2080 11432 13509  7456 13575 20645 15102 11282 20057 16371]
3366,[13458  4484 13964 12468  6036 21927  7175 14245  6615  8474]
3367,[20057  4904 20645 22764 18738 15616 18576 13717  1879  4110]
3368,[10033  2917 14943  6459 10839 11988  5992 18439 14064   846]
3369,[  902 12316 21150 11659 12841 18643 18422 12644 10065 22346]
3370,[11988 21182 15284  5873 10432  7074   846  5479 10791 14943]
3371,[15571  5031 19383  4051 18398  1941  7985 16295 15362  7424]
3372,[ 7888 11033 17880  3850  9067 11532  7957 17519 10859  4550]
3373,[11516 22009  3244  9914 14004  7721  9975 20034 17822 10238]
3374,[17445  9121 17125  4069  1546  3040  2853  6744 13749  1729]
3375,[15435 19594 10786  1322 20171 14812  9667 23047 12936  1216]
3376,[ 9482 10828  7522  4526  8013 17248  3742 20797  9927  3338]
3377,[ 7339 12032 19378  8072 12082 14553 18157 11526  4739 11231]
3378,[ 4445 16930 11528 22551  4093  2313  9799 16551 16775 11488]
3379,[15044  1760  1617  1613  4203 11057 21178 21966  1762  7617]
3380,[ 1435  5836 19283 15773   795 21009 11519 19281 18148  3211]
3381,[16378  7950 12566  5810  9883 10078 13169 16989  9751 15852]
3382,[15100 12104 22551 12131 18567  1661 19012 16425 15771 16930]
3383,[18760  7247 21069  2871 11363  9447  6655   765  1162 18629]
3384,[23071  4735  5814 21323 10737  8408 21976  6666 13485 21215]
3385,[15925  2938 11298  6641 22721 18158  7025 17034 20568 17120]
3386,[13458  8769 21359  9165 13964  7242  3469  4960 13828 14245]
3387,[ 4211 15176  3698 12115 19268 11186 15051  5999 21175 11563]
3388,[ 2714  7069 19962 17843  9814 11322  9146 10428 13948 10425]
3389,[10664  1018 12924  3121 13822 18926 16205 18567 19845 10938]
3390,[ 4166  9751  3735 16399 16315 16110  9814  6849  3270 13577]
3391,[13458 13964  9165 21359 12468  8769 21927 13828  7175 11447]
3392,[ 2780  2781 14128 21017 10969 21541  9920 21571  7531 15516]
3393,[10573 20713 16900 11988  4727 19327 10802 22946 10839  4339]
3394,[ 9902 22667 16053 14928  8822  8401  3089 15193 22452  4870]
3395,[18546 22687 12636 12674 17998 14536  5499  7247 11432  8496]
3396,[12153  1201 15080 10905 10764 16457 17728  5332 23028 12075]
3397,[15769  6042 20985 11273  7578  9839 13800  7728  4565 17254]
3398,[ 9689 16329  6062  4503  2372  6186   984 22647 12216 20155]
3399,[17825 17767  9392  2560  4373 18233 19018 22780 13606  7964]
3400,[ 5751  3912 20713 16984 18278 10839 19027 16822 22946 14727]
3401,[16347 16449 13955 19941 20108 13017 17931  1608 20360  1509]
3402,[21040 16759  4906 21710 21794 19555 10406  9313 18102  6271]
3403,[12719  9952  6823  8578 22776 18310 20377  6753 22148  1923]
3404,[ 8530  1640 20603  2940  7068   651 20677  9322 20789  6849]
3405,[18040 13577  7966 13459  6655  3198  7950  4013  9751 18760]
3406,[ 7019  9141 11508  1596 15524  4972 20892 10520 16233 15997]
3407,[19198 16552 19565 21458 11167 19019 19693 20762 20129  9146]
3408,[ 7439  3262  1008 22478 18932 14386 19705 19945  6775  9383]
3409,[ 4960 21031  5541 20237 19153 21513 20348 21281 21581  2623]
3410,[ 3735 15930  9751 22026  7885 14575 20149 15852  1966  6725]
3411,[18738 13717 19958  4737  1927  6422 21458  1567 12734 20596]
3412,[ 4817 12266 21505 20431 21834 21496 15343  9678  2704  2389]
3413,[18885 16412 16329  4503  6962  6445 14035  9689 18031 11705]
3414,[ 3914 13828 10278 21770  9904 10678 17630 12468 13406  8973]
3415,[ 4484 12468  3654  6615 14943  4482 21927  6036 15284 10033]
3416,[ 2695  2609  3192 19548  7080 19242 10762  1435  4601 12789]
3417,[13985  5132  2701  2716  2736 11169  6359  1036 10217  5412]
3418,[ 4429 12673 10518 10190  9392 17767 17825  2560 16429  7817]
3419,[ 8783  3735  1594 20603  5655  6725 16399  6849  4166 13039]
3420,[11302  7838 10646  6233 12656  2380  4359 14735 12772  4584]
3421,[11585 14179  9752 10193   651 20789 16462 13957  2942 16553]
3422,[16544 18274  1494 23014 16757 14790  8833 16208  4768  7514]
3423,[16341 16103 15908 18313 21620 16372 20790 16518 16440  7525]
3424,[12645 16399  4166 15823  7248 16247  9209  7525  8605 14205]
3425,[13969  2065  1647 16227  3874  2383   784 22588 13532 10468]
3426,[18886  2729 14790  6771  2116 10620  8649 16241 13879  8212]
3427,[13572 15915 16766  7426 16522 14298  7973 17962  6427  4512]
3428,[ 5642 23083 20287 15208 21001  8521 17249  9020  7431  4821]
3429,[ 3146 13865 18008  1008 23165 21211 14961  6775  7070 22478]
3430,[ 3029  5736  4051 12501 16193 16295 16347 16757 20964 15342]
3431,[22684 17077 10777  1135 16305 16306  1878 19940  2064 16510]
3432,[16498 16385 20700 22776  7355 20321  7975  6846 22409 18473]
3433,[12955 16317 15630  6261  2207 10393 16291 10870  7182  5048]
3434,[15601  5026 20208  3862  3865  1235  1897  4157 10393 19531]
3435,[17227  2662  5697  8817  7247 19765 14875  1018  7124 13104]
3436,[ 9824 16426 15997 22753 10119 13371 17220 20203 22614  7400]
3437,[ 7928 22684 22036 13635 21453 17317  3012 20835 13464 10770]
3438,[14943 19956  3728  5178 16855 22479 10623 10344  1853 22156]
3439,[20369   680  2136 12616   798 21466 11460 11788  9333  6663]
3440,[19811 11513 15081  7074  3654  7426 14179  9752  4512 10432]
3441,[13253 13149  1552 20108 21443  2310 16440 15524 19500 16053]
3442,[15081 16308 16767 13485 22146  3246 15941 16074 14769 20315]
3443,[ 4670 13383  4062 13865  3010  7627 15281 17226  6725 16403]
3444,[19080 21607  2826  3668  1669 16686  1279  1578 17821  4941]
3445,[ 8927 13585 10133  1941  4051 19667 12501 21069  4904   890]
3446,[ 9860 16030 20498  2733 23146  1567 13727   868  6422 21174]
3447,[ 9692  4671  1553 18997 10083  1874  2684  1662 16522  1738]
3448,[ 6462 16447 20053 15766 17844 15626 21641  4477 15870 10315]
3449,[18190   888  4480 19962  9814 16328  7721  6775 13727  6003]
3450,[17055 20925  1181  8536 21774 10408  7188  9378 22104 18366]
3451,[14323 13879 10393 16440 19867  8649 16289  2729  3860 13039]
3452,[ 2947 17059  1419  2907  4742  1016 17364  8464 21220  2936]
3453,[14790  3806  3851 10654 22111 19765 23165 20485 11345 10830]
3454,[22370 22667 15446  4481  1890 14021 22557  6210 14292 17378]
3455,[ 8833  6208 20203 16193 15342 20964 10119 19739 16426  5736]
3456,[17968 16815  2641  7689 10997 15019  6184 21609 17418  2487]
3457,[13798 10365  2764 15435 23047 14625  6134 19644 21489  6972]
3458,[17103 20860 17335 13585 11109 15937 14063  1683 10277 20701]
3459,[ 2795 22946 14727 10747  2053 15947 22338  1971 12994  4179]
3460,[20344  4858  9325 12059 12178 11426 17773 16654 10739  4518]
3461,[13253 15524 22049  9695  2310  8822 11313 16393  9141 16207]
3462,[16820  9469  6715  7400 20396  4032  5736 10388  8351 16247]
3463,[16329 11705 20715  9657 13446  4905  1293 12684 10245 20258]
3464,[18582 18123  8303  4915 16768 20816  9640  1200 23160 17862]
3465,[22355 10391 18705  5142  9020  9549 19871 12500 20709  7462]
3466,[11302 18365  4584  4547  2078  4359  4191 14225   627 19926]
3467,[16285 16757  7514 18060 16044 20970  7928 10071 16544 17245]
3468,[19500 16724  2339  9700  7179 16333  7514 16135  7928 16757]
3469,[ 8203 10486 18899 21037  9789  3744  5653 12285   910 17037]
3470,[16135 13713 19500 16339  7179 12991 13793 22036  3089 17335]
3471,[ 5020 18970 13607 11874  2695  1227 16775 23028  9404 21871]
3472,[ 4858  2233  9325  7768 10690  7780 11169  6704  6427  6359]
3473,[ 8708 10489 19064 13810  2025 13945  1702  5655 13577 12484]
3474,[ 7105 18460 18040  4366  3845  6210 11223  2956 15769 17727]
3475,[10622 13798  2680  1300 20171  7983 11539  2510  2508 16030]
3476,[15980 19727 13024 20787 18756  2563 18232  3751  1315  4681]
3477,[11402 17843 14967  6947 16858 19962  6643  2038 12218 14104]
3478,[13017 13623 14205  9209  7019 16581 20964 15930 16233 10119]
3479,[16724 19500 12285 13459   910  2820  7179  2329 18602 17037]
3480,[18367   875  1588  6021 20029  4569  6250 11515 16161  1664]
3481,[19047 16912  6210 16506 13007 16241  8343  4424  7180  8095]
3482,[16554 14298  7069 20762 17962 20698 14851 14065  9146 16168]
3483,[12679 12938  4864  7265  7473  2677 20665  6337  8258 13919]
3484,[14769  6315 21793 21833 22048 16074 18381 11513  9165 20315]
3485,[ 7504  1878 22148 17077  2238 15401  1135  1679 21573  1513]
3486,[16726  3135 18406 17289 13145 20561 21851  9922 18391 16801]
3487,[ 7426 20237 17962 10432 14298 20789 19679 11551 19780 13082]
3488,[ 3029 13955 12501 15342  8401 20964 16347  4051 15596 20203]
3489,[16321  4032 16705  9209  9469 16247  8783 16581 18995 16578]
3490,[ 4471 17505  4408 14331 16300 12232 20421  6046 11846 13867]
3491,[ 5003  9133  2257 19012  9321  5769  8900 13298  8197 17813]
3492,[ 4166  6849  3735 16399  9751 19826  9814 16110 15600 16268]
3493,[12150 18400 14315  2380 19246  1962 22944   640 19297  8840]
3494,[ 7824 16346 11001 15489 17965 11369 16578 17431 11461 13623]
3495,[16247 16399  4166 17965 22753  2707 22614  9824 14033  9209]
3496,[16207 13371 12789 18060 15342  1608  7207  6928 17335  9734]
3497,[13458  7242 15253 13828 20840  5783  9165 12468  8769  3712]
3498,[ 2907 22475  3203  2466 11863  3677  2684 14269  7213  4529]
3499,[ 2714 19532 22211 12178 17843  7069 13945 11008  9907 16766]
3500,[16207  7207 20964  1608 21453 15342 15632  8605 20203 17220]
3501,[17816  7143  9340  3535  3662  3545 12192 12073 18508 19996]
3502,[ 8487  4871  8786  7886  4833 16187 16319 19734 11857 15858]
3503,[ 2504  7991  8640 21440 13275  6629  1365 11195 14329  9604]
3504,[15794 14727  1971 16112 16273 13159 12492 22446 20713 10808]
3505,[13082  9752 22115  4579 10432   846 11551 18612 16168 11281]
3506,[ 5776  4959  1285 16227  3082 11740 14090  5565 19602  9518]
3507,[16693   766 19305 23021  1111 23163 19728 16690 13403 17306]
3508,[20760  4097 17675 20807  5648 20216 21061  9596 17885  4502]
3509,[19019 18470 16552 19198  3441 20192 20698 12718  1051 16554]
3510,[13436 14680  8145  2326  9483 10467 21012  1497 11809 10417]
3511,[ 7242 20286 15253 12468 13458  4960 13828 12697 20999 22051]
3512,[12674 13577  7247  9751 21803 19956 10790  8992  7602 13987]
3513,[20778 16521 13492  9597  7183 21606 16391 20889  5693  7060]
3514,[20879  6250 16768 13162  1664 19831  1212 21058 13057  9288]
3515,[ 6225 13810  3198 19565 16858 15388 13945 15739  2025 19198]
3516,[ 1576  1553  1662  7213  1927  2684 10438  6422 22428  5003]
3517,[10354  7068 11158  8228  8530  3649  1596 21581 15954  1755]
3518,[16860 20145 15281 10432  2735 19635 16076 20684 15874 15287]
3519,[18530 12162 15666 10646  6233 19297 16700 17777 19307  7575]
3520,[16315  4166 20237 15600 10937  5048 16074  6849  8341  5039]
3521,[18728 11259 14415  8085 11225  3931 10008  2439  4093 15335]
3522,[13134 16664 21979 20621  4654  3090 21713   594  6458 13435]
3523,[20158  9956 10989 16537 10293  2722  2427  1743 13585 10475]
3524,[ 2315 12851  3004   825  7661  4446 20057  2662  7201 11454]
3525,[21366  5456 22007  9395  2597 16683  7791  1286 17833 11503]
3526,[11158 20788 15954  1862  7966 11360 19953 13945 13577 16616]
3527,[  875 18367  2237 18764 10703 11982   597  2331  8249  2959]
3528,[ 2709 20879  2314  6250  2316 19735  2393  3412 19831 10408]
3529,[ 4757 10302  1371 16789 13217 15100  4213 10376  1547 21226]
3530,[11350 17042 18138 15251 21382  1081 14724  7851  5253  9903]
3531,[11161 12544  8900  2257 14937  3462 13426 18237  6698   909]
3532,[ 3728 11267  3375 13509 16021  3374 19324  8496 18040 16559]
3533,[ 3654 21654  7774 21182  8069  5873 21353 11988  5479 13060]
3534,[ 3217 15904 11507 10977 19327   846 21720  9752 10802 15816]
3535,[ 4972 11022  1583  2310  7362  2875   728 22196  8822 12890]
3536,[15823 14205 16233  7525 11768 12881 13156  6091  7019 11508]
3537,[14869 11281 20999  1746  3654  4579  3246 15081  5992 13458]
3538,[15205 21505  4492 18155  9944 11306  7722 15078 15069 13991]
3539,[15937 21454 15087 13585 15362 12747 15100 12483 20860  9514]
3540,[11519  1016 14644  2947 22391 19303 16312  3336 12188 14196]
3541,[ 7179 18040  1614 18760 16789 18398 12336 21069 10104  7180]
3542,[ 5487  9343  9406 17779 14651 12065 11456 20395 21384  5498]
3543,[20379 20505 10553 14315 20669 11302 20204  4584  4359 12656]
3544,[ 8249 10791  7252  8828 19103 10425 10834  7721 22946  4642]
3545,[ 5765  4573 19876 19859  7294 14579 13075  5399 14361  3118]
3546,[21031 12878 10937 12879 16074  8474 22413 18381 21793 20237]
3547,[20199 22571  9105 20314 22554 11359  8839 16192 11624 22367]
3548,[ 4508 12028 22028 12149 13375 19293 17140 15174  3631  9877]
3549,[19447 14875  4717 18430 13104  9751 21803 22479 13577  7602]
3550,[19447 15227  9828 22479 11874 18970  5844  9971 17273  9883]
3551,[ 6295 22792 12781 19633  3974  9320 10673  7552 20775  5826]
3552,[21017  9696 17869 15516 21571 12683  4241 16274 14128  9920]
3553,[14580 10766 10764  4913 10905  7124 14605 10698 15080 15976]
3554,[19111  1368 21324 10680 16252 21374  4922 10789 11467  6848]
3555,[19047 16912 10285 13007 21592 18603 11345 22104 10776 23093]
3556,[10301 18090 12439  3370  9664 18223 22780 20881  2687 19018]
3557,[ 1894 18567 14907  2335 10251 12695  7964 18926  9236 13609]
3558,[ 7143 16608  8377 18102 19609 15067 21308  7645 22496 10406]
3559,[14388 13873 19588 20700 11536 21312  9808  7038 12556  2578]
3560,[ 4609  9772 13414 17862 11629 14389  4924 12551 16851 10408]
3561,[17547  5052 23010 21180  3359  6229 11433 11780 17134 23162]
3562,[ 5839 21264 21217  1112 22841 19705  5236 22475 22788  4099]
3563,[12309 19260 17060 20537 21240  6882 20162 20714 21362 20048]
3564,[14291 19595 11314 20881 22722 11536 17016 10190 15521  7122]
3565,[ 3975 10847 19086  4482  9866 21654 22943  7670  5679 13060]
3566,[20941  7850 16994 23019 18387  8777 11684 17199 13152 12266]
3567,[13082 16168 17843  7069 19532 18612 13810 12218 19679 14298]
3568,[ 7628  9516 12806  3931 12159 20837 18102  2250  8527 16818]
3569,[18040  8481 16147  1614 18760   966  7810 11167  4670  7966]
3570,[12151 21366  8052 13924  8064  2936  3083 13396 22318  4986]
3571,[18209 13863 18400  8537  7941  8681 13637 22194  8498 14147]
3572,[ 3089 20645  4904 21069  2905 13713 16135  7179 16339  2956]
3573,[16241 20970  7554  4892  3439 16757  8683 13981 13007 16506]
3574,[ 4953  1640 10344 10125 14114 21281  5635  6326 21803 20145]
3575,[ 7829  5360  9020 13834 10886  8569 12301 18640 17396 22359]
3576,[ 7400 16044 18060  7635 10946 16820 16285  5736 17220 15342]
3577,[ 2699 14597 10270  8047 10727 19302 11363   825 10739  3055]
3578,[ 4969 16757 20970 16241 16506  7514 16285 14790 10391  8683]
3579,[ 8822  8987 22764 16053 19667 11454 16339  6326  9324  6942]
3580,[ 5882 18115 22211  2326  2714  9483 11008 16168 10147 17843]
3581,[ 7345 16850  8222  1387  2529  1301 18625  6854 16960 14223]
3582,[21264 21163  7564 22788 21164 21371 22796  5839 12036 23019]
3583,[15923  8197  4671  2329  7118  9133  9469 16467  4132  5736]
3584,[13859  7341  1331 12729  4110   597 18764 10909  3438 10522]
3585,[13082   846 18612 22115 11507 16883 10623 10425 10432 14330]
3586,[ 7274  7682  5930 18819 22725   958  9301  2137 17224 16126]
3587,[10504 16365 13207 16931 16829 20239  6532 12938 17178  8608]
3588,[14676 19103  3699  1110  2011 19249  7407 16908 12218   615]
3589,[20900 13706  7844  3850 13120  4224 11715 13992  3851 22873]
3590,[10391  8343 15942 20970 16241 12562 16506  1442  2705 16196]
3591,[ 1659 16720  1942 13155 21526 19925  2916  5475  6440  1930]
3592,[ 3014 19037  7594  9920  7954 22600  4594 10971 11385 23124]
3593,[16319  7668 20618 20032 15858 19456 16148  8716  4182 22055]
3594,[14466 20308 16249 17449  8718 11759  3376 12706 13030  4110]
3595,[22049  4649 15930 22026 14205  9141 16036  7885 15852 10520]
3596,[20999 14869  9731  3654  2799   846  7074 18327 14285  1746]
3597,[17988 15521  5031  1586 14441 18544  4093 11023 13625 11236]
3598,[ 4368  5367 11592 18562  9602 12207  7806  4789  7583 10106]
3599,[14946  8875  6109  9896  5399  6561 11260   856 11973 22308]
3600,[ 4717  7885 22356  3860  3838  8351 22479  5048 20890 16544]
3601,[16307 18109  5813  8650 16196  4037 11315 21869 21636 22519]
3602,[11656 16268 15904  8121 16883  3270 11507  6611 15049  6671]
3603,[16724  8987 13448 19500  3273 13459  1316  2552 16135 18997]
3604,[ 5267 22818  8488 12332 12988  4664 15611  7975  7425  2113]
3605,[18932  7439 21930 15944 11493  5453  7838  5375  3546  1096]
3606,[  728  3968  1436 15740 12327 16339 16053 14375 22351  1583]
3607,[22614  6715  1966   890  7400  9469  5736 21692 15342  9447]
3608,[14205 18425 15943 12955 22049 18313 11768 15823 16289 13879]
3609,[21309 19136  3609 19308 12117 19104 21348 21331  1096  7710]
3610,[13930 18555  2357  8741  6233 12656  9954 20505 15666 10646]
3611,[ 1864 12408 17714 10923 12507 13985  1051 14408  5132  1036]
3612,[19667 16339 21952 11022 22764 14928  3087  3089  4878  2905]
3613,[19383 15616 20645 19593  3087 18049  9820 18576  6942 21756]
3614,[18100 13859  9951  8081 17640 16768 16568 23160  7341 16851]
3615,[17220  7400  5736 18060 22614  7550 20203  9469  6715 20396]
3616,[18856  4543  3921  8544 16413  5180 21953 13911 19514 12821]
3617,[16883   615 16168 13082 10425  8546  8827 20050  6671  7407]
3618,[15254 18473 15401  4153  1549  4100 10172  6846 21019 12584]
3619,[ 9752  8993  7426 15081 11507 19327  7074 19811  5873  8795]
3620,[  846 10033 14943 13082 10839 12468 22115  6459  7074 22156]
3621,[10969 15511 21588 20665  1183 16003 16708 18113 22031 19002]
3622,[ 9325  2716  9336 12178 16685 16696 17714  9348  3613 11479]
3623,[ 2067   808 10272 18109   339 16120 16565  3110 17703  2382]
3624,[ 8218 19826  4032 16017  9469  6849 20396  6715 10120 16247]
3625,[ 2501 22292 23006 22113 16003 11182 22621 21181 12866 21114]
3626,[21541 11552 17922 20063 12087  4241  9129 22113  5040 15970]
3627,[14092  7451 15816 15947 11476 21862 15846  8615 14086  1777]
3628,[19565 16552 19693 20609 15904 20143  1506 11167  9146  5178]
3629,[ 4904  7732 20645 20057  8683 13717  7180  8496 14631  3375]
3630,[ 3203 17983 19066 21174 22118  4055 10481 17105  9110 11863]
3631,[19500 13509  7179  4904  7728 16534  2339 19316 18398  9710]
3632,[ 7617 23006 21181 10475 21114 11182 17869 14034 22459 22621]
3633,[ 5499 15406  9734  7490 15080 13104  5841 10762  7447  3606]
3634,[18566 23085  8743 22210  4092 12673 10301 18088  6878 21868]
3635,[ 7670  5480 19298  5484 21654 20391  9866 19098  5486  5479]
3636,[17777  8068 15666 12162 18530 19297 19307 16700  8037 19246]
3637,[ 7447  7490  5919  3606  7411  5841  7791 15080 12199  2597]
3638,[ 2193 10346 10987 14294  6945  5719  8835  3112 18375  5946]
3639,[  663  3453  7770  7885 14975  3860 15392 22026 15806 20102]
3640,[ 2151  4569 18367  3837 17466 16505 11523 11759  4631 19019]
3641,[ 2381  2722 10358  3986 19990 19989  7817  9514  7477 22482]
3642,[ 9380 21406 12075  5474 10696 12199 10692 10766 21326 10764]
3643,[ 7447  7490  5919  3606  5841 15080  7411  7791 12199  1286]
3644,[ 7447  7490  5841  5919  3606  5836  5520 12199 21406 10762]
3645,[ 7411  2662  5697   825  9734 19281 21047  9830  3082 21366]
3646,[ 2552  1316  1949 21111 18322  1565 16135 22452  8459 21952]
3647,[12454 10150 12199 18414  5836  1286 21366  3236  1486  2671]
3648,[ 2714  2716  9348  3695 13985  5882 11479 17783 17714  2701]
3649,[10466 13688 16905 16316  1925  4982 14282 16028  1718 14388]
3650,[17037 18926 22265 13822 20142  8134 20498 18887 18567  7247]
3651,[ 4424  4313 16802  7180  6210  8343  3965  2729  5808  4870]
3652,[ 7490  7447  5841  3606 15080  5919  5254  7411  7791  2597]
3653,[22722  8953 21363  8308 22713 21437 22102 22621 21184 20950]
3654,[ 1193 20187  5919 13104  5472 20835 14875  7247 17335  9734]
3655,[10905  7490 10764 12153 23028 12075 17628  9384  5499 10766]
3656,[10272  7439  3262  3072 22478 12304 18932  6829  5565 16095]
3657,[ 7411  7791  7490  5919  2662 15080 15214 19281  5254  5499]
3658,[ 7490  5919  7447  5841 12153 23028 17637 10091 15080 10905]
3659,[ 5919  1193 17637  7411 14130  5472  3606  7447 21047  7490]
3660,[11109 18664 10207 20597  9514 17103  2064 17059  6928  2381]
3661,[ 5254  7490  5919 15080  7411  3606  3533  5841  7447 11396]
3662,[ 5254  7490  5919 15080  7411  3606  3533  5841  7447 11396]
3663,[ 7411  7791  1193  5919  7490  2662 19281 15214  9734  5472]
3664,[13460 12936  8971 14812 11359  1216  9262 13033 14968  8540]
3665,[22614 11723 14033  9824 17245 18060  2406 16426  7740 16044]
3666,[11362 22085 10416 10176 21256 10802  8145  3705  6794 11988]
3667,[10504 16829 14005  6532 23118 13207  9478 22587 16931 16905]
3668,[ 7554  2236  4717  4157  7655 11656   309 21582  1859  3439]
3669,[22475  2907  2684 20611 18577 13116  3203 12677 17772 18156]
3670,[ 9734  5499  2662  7247 13104 10762  5697  7411 15245 16334]
3671,[18049 11022  2339  1565  2023  8459  1754 15616 19994   628]
3672,[11315 12730 21139 14559 11959 16307 23069 22519 21422 16196]
3673,[ 2722 10207 12483  9514   915  2147 13585 14526 12747  2381]
3674,[ 8351  9209 18313 16581 20756 14205 16233 16807 16544 16247]
3675,[  825 10270 21756 19180 10727 17772 11223  4149  1879 21384]
3676,[15930 15596  4972 22667 15852 10313 15997 16347  8662 20964]
3677,[19866 16031 15854  3074 12737 16089  8200 20625 20223 16395]
3678,[ 4695 16134  4963 13154  7942  3838  9732 12369  7033 13219]
3679,[15942  3029  5736  1509 16193  8833 20203 16347 12501 16295]
3680,[ 9684  1167  8574 23003  9662  1845  6315  9502  8758 10870]
3681,[ 7671 20055 12920  6216 20560  9074  8965 13410  8271  7541]
3682,[ 9338 19247 21426 20414  6539 17763 19293 17355 12149  5450]
3683,[ 9789  2907 11863  2684 16031 19866 20498 23146  3631  2936]
3684,[ 7617 19941  2608 20360 22817  1615 21966 22482 20932 16302]
3685,[13118  1749 19932 21851  8930 13145 11820 16801  9922 20561]
3686,[ 9789  2907 11863  2684 16031 19866 20498 23146  3631  2936]
3687,[ 7235 17750 14132  2122 21820  4399 20828  6896 16278 21265]
3688,[19192  6095 20414  2936 21607  3698 12339 17299  5993  9789]
3689,[ 4356  4282 10384  7447  3606 14196 18970  5020 19293 17047]
3690,[18926  2080 17750 17037 12694 21174  7120  2662 19349 21452]
3691,[ 7015 19990 19989 20360 15044  1615 14293 11304  6745 17152]
3692,[ 7125  3392 13828  7242 15253  3469  7174 19359  6181 21151]
3693,[16402 15632 20964 13623  6970  7472  4692 19369 16546 13017]
3694,[17256 16241 11532 12501  7514  6941 16757  6210   808 16010]
3695,[16942 21819  1724  2526  1679  2238 12741  2137  1586 10141]
3696,[ 2086  9055 11803  1135  3874  1875 13043  1256  1647  2077]
3697,[ 9087 13151 11314 20881 13311 22722  8688 23041 21748 20950]
3698,[16912 21592 18603 19047 17055  7188 20403 20925 10285 11312]
3699,[17302  4969  2236 13994 18576 10938 10071 20645 16261  3262]
3700,[ 8960 21999 13919  7265 15022  7310 15696 15962 12679 11195]
3701,[10229 19821  4401 17362  1680  6451  7235  7781 13217 14376]
3702,[ 5360 14973 10393 14323 22576 22356 10846 13611 15941  5688]
3703,[14130  4695 18887  3121  5661 13795  8715 12984 12101 21220]
3704,[10573   846 11507 13082 14064 10977 11988 15904 10945  9752]
3705,[  843 19667 20360 14928 13700 22189 22667 14326 22452  2608]
3706,[ 2122  8206 15319  8582 19241 14696  8230  6035 10762 20828]
3707,[ 1894 10402 17254 21731  1484 13169 14541  6042  1527  4733]
3708,[ 9353 14602 21423 15319  7124 14652 10696 13525 18065 19672]
3709,[ 3462 12544 11161  8900 19127 13426  5489  2257   909 22011]
3710,[18317 19184 10711  5597  5259 17771 14664  3201  1112 20759]
3711,[ 5048 12645 22609  7248  7525 19338  8649 20892  7885 14205]
3712,[10661 21348  6821  8824 10723 13654  3609 21389 14984  9531]
3713,[ 5480 19098 22115 14871 22117 22211  9352 19298 14997  7755]
3714,[15305 14986 21888  9992 22217 19843 12654   334 15079 15034]
3715,[ 3111 19839  4507 16001 22385 21035 13312 18308 12837  2398]
3716,[21957  9546  5177  5225 13996 20823 22984  8377  7832 12600]
3717,[ 5655  7966  9469 18040 13039  3198 13577 15923  8708  8987]
3718,[18582 21863  8476  7597 22194 16194  7450  9640 10646  2380]
3719,[16588 21453 13464 13563  7550 10770  9480  8197  2083 10388]
3720,[17547 18356 11433  3359 22939 17226  4163 21180 11252 23162]
3721,[ 2086  1564  1135 19940 16206 11803  1875 13043 15087  1374]
3722,[ 6695 12926 21691 16791  5600 13755  2417  6112 21058  2709]
3723,[ 4481  3089 16092 11459 14292 14928 11417  2621 16339   843]
3724,[ 3014  7995 19037  7594 15036 16806 18631 10333 14128 15476]
3725,[11488  2369 16544  5052  9732  8373 23014  7033 23158 18274]
3726,[15769 13800 16534  8584 22400 14559  9839 14105  7728 18221]
3727,[10439  4382  2613 10434 10440 10441 15950 23036 15919  3390]
3728,[22172  2137 10496 16458 16126 19595 18475  2348  6903 20699]
3729,[ 3728  3374 10193  7068  5048 16616  7602  5655 22996  8228]
3730,[19740 12890  1773 15621 13623  4216  3273 15824 19821  4399]
3731,[14712 14315 13045 20369  8840  4396  7603  4079 15454  7291]
3732,[17843 12218 16554  7407 13082   615 16168 20762  5412  5882]
3733,[14408  1575  4249 16188  1734  2476 11123  3789  6359  1036]
3734,[ 3438  2237  1181  3262 13158 11982  2705 16120  2382 15435]
3735,[ 6778  9978 15834  8350 17257  2950 12511  2526  1880 11668]
3736,[ 1507 11460 21582 16846  1505  1633   597  1203 20709  4569]
3737,[ 7015 11022 21952  3055 11863  1754 14196 19667  5031 17227]
3738,[19552  2503  5826 15034  2061 15451  5478 18932 18178  1944]
3739,[16241 16130  7554 13981 16506 10391 20970 11033  8683  3439]
3740,[13684  1897  7655 21949  7732 19710  2856 13810 21810  2236]
3741,[10358 17152 15044  9110  2619 19990  4055  7633 14591 12529]
3742,[18040 13577  1614 20609 13684 15739 11167 20143  7966 15388]
3743,[15941 12888  7885 14205 10846 19516 10393 15943 22576  3860]
3744,[ 4960 12010 10937  5048 18232 15941  9165  3873 15766 20237]
3745,[21685 18143 12879  4484 12468 13406 13060 10847  9904 11513]
3746,[19149 21069  1941 18210 17152 13700  8222  7247 12789  7477]
3747,[ 8218  7973 14033  6451 11369  4032  6849 16017 13240  3270]
3748,[17762 16366 22284  4315 10035 17410 22159 20269  8599  6094]
3749,[10763  3617 21406  8771  5474  2745 12180 16457 21326 19295]
3750,[19951  6119  9944  8519 12191 21505  5749  4890 22469  4492]
3751,[15830 11267 16705 22996 20418  1975 16522 20192  6849 16467]
3752,[11244  1201  5559  2061  3079  5288  5478  6173 21481  9830]
3753,[17748  3817  8617  4216  7973  9000  3374 21820 19953 13577]
3754,[ 5050 17802  4652 14132  8220  1274  2630  2019  1306  5421]
3755,[ 2678  7583 18852  3846 16894 18888 12550 22210 18069 21477]
3756,[ 4204 20379 10045  6312  4876  2345  4690 17231 12656  2174]
3757,[14368  4171 19531 11028 14045  5829 16480 15046 12914 21001]
3758,[ 7546 15388  8906 20143 17843  8391 14967 20609  7324  2714]
3759,[10263 12994  2053 18020 20713 14727  6883 10808 18278 12612]
3760,[ 5993 19497 22479 14132  9580 17750 15174  8134 19447 17826]
3761,[19765  8662 14790 16383 13955 15193 16347  1201  2519 22794]
3762,[12178 17783 19098  2714 17843  9348  5480 21394  2716 15388]
3763,[ 4737  3845 12734 17871  4544 20484  1690  1692  1879 12499]
3764,[19176 19144 17826  9339  6095 14688 10328 21337 19497 17025]
3765,[ 9621 16030 22269 12480 10622 16205  3082 10071 12729 23146]
3766,[16789  2335 14318 17333  4831 13614 18040  4213  5388 10302]
3767,[ 7973  8632  6225  6704  2233 11558 19747  9325  5132  6359]
3768,[13722  2103 16437  8343 15942 16241 17931 13149  4892 16544]
3769,[10777 15740 10996  4878 10989  1949 16489  2381 14159 16545]
3770,[13509 19500  7179 19316  7728  7180  8138 16724  4904 16639]
3771,[ 5412 18627  1507  1506  1691  5882 19019 22211 13686 10289]
3772,[ 7451 14933  1746  4477 19328  9979  3412 22506 10783 18972]
3773,[22939 17064 18838 23162 17927 10878 16720 15220  7045 19925]
3774,[ 5434 21327 14099  3616 11107  9974 18093 12163 20381 21818]
3775,[ 9992 22217 21734 21888 14996  5194   334 14986 19843 13692]
3776,[ 1285  3082 10699 15746  7635 13104  2313 18274  9799  4959]
3777,[15045  3359 22641 13274 10304 21180  7202 22298  8501 19147]
3778,[ 8459  9993  7022 22684  3012  1683  6424  1754 15087 16426]
3779,[22452  9902 23010  3089  8401 14928  7179 16135  4878 11425]
3780,[  624 19603  2011   875 18367  1994  3699  8827 13394  7710]
3781,[ 2709  1331 16791 19654   597 10186 19831  6250 12111 12926]
3782,[ 1893 22921  5362 19451 20327 13706 17897  6281 15055 17249]
3783,[13585 16930  8927 20360 10133 12483  4601  1247  4445 19989]
3784,[14627  5363 16797  8099  4964  9140  9663 20607  7580 20947]
3785,[20523 22117  5571  7069  1943 14680 10432 13082  7074  5567]
3786,[13951 22196 16789 20653 19518 17727 10302  3013  8203 10376]
3787,[18889 21932 18578  9297  3671 13430  5299 17796  4419  8935]
3788,[20977 13104 15392  9700 19447 15207 14292  7247 21952  8992]
3789,[10071  1941  5622 15616  9799  2077 18576 22036  4051  7928]
3790,[15919 14135 16266  1751 15950 13049  3833 11958 16345 16442]
3791,[ 5641 11964   922 12679  8131 10651 13919  8179  6532 20239]
3792,[19866 16031  3074 17362 12469  8286 10229  7626 21607 20625]
3793,[16462 16125 14179 20789 10193  7426 15830 11585 10033  9752]
3794,[ 4695 16134  4963 13154  7942  3838  9732  7033 12369 13219]
3795,[  624 17832  8274 13070 11775  9762  2331  9001 10243  2959]
3796,[13044 22722  8387 20881 22700 12479   840  7122 12806 10225]
3797,[10687 18603  6948 22781 20608 11259 14070 17641 21592  8007]
3798,[22293 21970  7218 10304 21703 20796  9627  4382 16806  3390]
3799,[ 3229 13256  4756 16028  1716   924 10221  2578 17056  9002]
3800,[16241 16757 20970  4870 16347 16544  7514 16285 12797  5736]
3801,[ 1069 17001 15174 17401 21876 12151  8047  6776 19602 18577]
3802,[11244  5478  6325 11006 19735  9582  4425 22258   640  5196]
3803,[11820 13145  1577 13118 16726  1748  9922 20561  8930 21851]
3804,[ 3080  9491 18069 14607 12233  1242 17722 14722 20201  1649]
3805,[16462 16553 14179  9752 10193 15904 16125 15601 20789 16075]
3806,[14183  1387 16312 15087 16586  5711 13044 11023 20876 13726]
3807,[11958 13049 15826  9810  2877  2881   307 16556 14067 18240]
3808,[18393 18109 15927 22450 22873 21907  2357 18932  6069 19331]
3809,[ 1943 14997 14943 16855 13910 13577 22117 22156  4166 19773]
3810,[13217  5050  2820 12166 10770  1274  1316 21052  6896  7950]
3811,[ 7928  7514 22036 13793 16757  9799 18060   892 16044  5622]
3812,[14851 15904 10977 16554  8218 13015  8791 15830  9146 16154]
3813,[ 9469  8987 16044  5736 16820  8197  9039 18060  7400 16334]
3814,[ 3545 15238 12162 15666  9340  2357 16700 18932 17806 19297]
3815,[16241  7514 16757 20970 16506  4870  6210  5736  4892 16371]
3816,[13467  7079 21287 15967 22018  3985 16001  6851  7183 18084]
3817,[12087  9550 22600 10983 22113  9686 17405 16252 20290 19830]
3818,[16757  5736 18060 20970 17220 16044 21683 18602 13793 16724]
3819,[ 8781 18217 22400 17378  6210  4481 18057 20308  8350  3845]
3820,[ 7247 11432 14541  4399  3074 17037 13968 18926  1941 17772]
3821,[ 4569 13877  3438  2151 18367  8828  2237 18627  1507  2346]
3822,[10620 20208 13007  3354 10668  5026  3862 18463 22355  6462]
3823,[16092 22452  9724 23013 16053  1949 14928 16135 14292  1960]
3824,[ 6607 16044 18210  7950 13994 18602  5622  7635 15746  9799]
3825,[17445  2853  1546  4069 11519  8051   332 10698  9377 16709]
3826,[ 1536  6185  1660 21731  6903 12719 13795 11699  4257  1606]
3827,[16130  8343 16506  8432 10391 11652  3859 19867  2729  7554]
3828,[ 4717 13810 13039  3375  5655  4157 18995 20970 18602  8617]
3829,[19032 11167 12734 20609  3837  1614 19693 17871 18040 22751]
3830,[18530 22944  1200  3729 10646  9640  7487  7978  7575 13636]
3831,[11787 21968 20319 20548  4840  7818 15408 18758 10929 19674]
3832,[20319 17974 18758  6652 17443  8989 19058 11787 12664 13881]
3833,[ 4569 18627  8827 13394  4860  7828 18367  9123 14004  7721]
3834,[14575 17166 21391 15245 14705 10766 14605 19281 22667 22071]
3835,[20621 13435 13115  9471 17422  5040  2198 12482 21053 16928]
3836,[12218 17843   615 19962   888  5412 16908 13082 20762 16552]
3837,[16168  4512 16554 13082 16883  8993 15904 16268 16552 10425]
3838,[ 1546  2692 17125  3040 18650  7232  1696 10358  2722  7080]
3839,[13435 17422 20621  2198 12482  7699 22673 21053  4101 13115]
3840,[ 3364  5298 17179 20039  9091 21218  8618 22958 17575 18126]
3841,[10118 10870  8992 19324  5048 12955 15930 15272  1594 14205]
3842,[15699  7061 17777 21338 14703 14672 23062  3545 22637  5218]
3843,[ 7928  9133 22588 15827 13969  8197 10855 12234  2083  1866]
3844,[20356 10739 13577  9814  4149  3735  2245 14575 10727   825]
3845,[19769 12695  9555 18657 21180 19287 21673 21690 21704 22298]
3846,[20895  1509 16705 21777  8822  1694  4132 13865 11454  2310]
3847,[ 7592  9611 17186  8409  7701 14006  4210 19271  6884 20124]
3848,[  332  5691 16876  2722  1760  1615  9956  1617 17122  1546]
3849,[17385 11025 11010 20196 20210  9734 19516  3004 15392 12566]
3850,[12974   624 21405 17832  9762 15664 10740  2011   803   875]
3851,[22667 13955  3029  3986 22482 16347 20651 11432  1608 19989]
3852,[12115  5450 15112  2939  9361  5993  6095  5841  5966  2936]
3853,[ 2701 20541  2714 17234  2716  4689 11479 18470 10217 10289]
3854,[ 9732  7033  1486 14090 12454  4695  4778 22052 17025  4986]
3855,[19500 18049 16339 18070   910 12991  5653 16135 10133 21454]
3856,[16392 17391  2167  1074 16695  1072 11118  5474 19898 21186]
3857,[18188 20129 19620  3438  4110  3837  3441 10153 17449  1506]
3858,[20360  8953 12792 18603 20202 14526  8138  6778 21060 14223]
3859,[ 4158 16506 16130 20970  7554 10391 13015 20756 18995 19867]
3860,[22801  9736  7734  5845 11447 10930 22746 13270 15051 21481]
3861,[22958  8504 16493  8637  4930  8551 11763 18858 13694 10653]
3862,[ 8341 16125 16462 14365 10937 13039  5048 15601 16553 10945]
3863,[ 1091  1528 10460 10450 10454 20669  5973 10045  9516 12570]
3864,[13948 19659 19675 13811 20050 19631 18166 19389 17914  4569]
3865,[22049 16393 16103 11313 15823 16517 13168  9695  1552 18313]
3866,[21390  9644  9828 14648 15579 17788  6974 14679  7073   334]
3867,[ 3438  2705 20308 20129 19620 10153  8088 18188  4110 16514]
3868,[ 9700 22452 16333 10777 18322 13793 13371  8459 16135 13448]
3869,[20269 17957 16366  3875  1998 18133 10951 11625 17762  7828]
3870,[ 1036  3789 17234  5132 14408 10217  1575 10923  1734 20541]
3871,[ 9020 11624  8521  5642 23083 17249 18597 17396  4821  9164]
3872,[ 7400  5736  9824 17317 18060  7550 17220 22614 22753 13532]
3873,[14575 16263  5573  2609 21261 19281  9751 17166  4445  7248]
3874,[ 9706 20841 20340  2393  3743  5051  2957 21813  9771 22758]
3875,[14712 10909 13111 16568  8081 14308  5453 18582 20322  7341]
3876,[ 1112 10016  1854  7160 21513 18538  3035 17264 14276  5456]
3877,[ 2201 11959  1201 22641 19552 22071  7248 21673 19765 21422]
3878,[ 9903  3428 15251 12064 22151 20736  3537 21957 16701  7727]
3879,[10151 13007 20879 10408  7188 17880 16241 11244  2314  1235]
3880,[17897 19358  7767   595  8729 19451  6948 14055 20327 12250]
3881,[18678  3457 20595 19374 17120 21868  2384 15494 13146 15343]
3882,[ 7928 16757 16285 18060 17317  5736 18684 17220  8197 17245]
3883,[ 7439 17944 18932  6069  3262  7988  2282 21794 18102 22478]
3884,[ 2314  6260  6210 18823  4424  3412  9156 22938 10153  2179]
3885,[ 4921 22091  9944 20431 23048 21497 22934 11103  4492 15069]
3886,[ 8351 16247 18995 20756  9469 18602  8617  4032  2707 16399]
3887,[ 8617 16372  1596 17076 20603 16517 13168 16393  1594  2707]
3888,[14148 20055  3914 10278  3865  3811 15487 16782 15043 10945]
3889,[17077  1878  2064 11358  1135  1875  4527 16588 16402 16510]
3890,[ 4524  3435 10049  3862 17083 11476 16579 21211  6250   309]
3891,[21458 18602 16139  6225 19198 13717 16110 15739  3441  3198]
3892,[ 3013 19198 18470 20698 11479  2701 10923 20541  1550  4669]
3893,[ 4527 12101 12576 12984  1661  3121 21220  1143  4884 17059]
3894,[ 3204 13146 21868  3457  2384 20595 12550  1362 17013  5447]
3895,[ 2709  1505  9935 13865 16030  2315 20143  4425 10896 21211]
3896,[ 3859  3851 10830  8618 10391 16506  9051 10668 20153  7554]
3897,[10699 19293 18970 14196 10500  5020 14121  1274  3668 22028]
3898,[17449  4110 18188 20484 16496  4737   597  1507 11759 17029]
3899,[13572 20789  7426 19679 13957 17962  2304  8218 15830 16522]
3900,[23036  9225 10803 11953 16225 11690 21970  4382 10304 22641]
3901,[ 8267  7964 17927 17064 18838 10990 21919 20377  7045 15188]
3902,[ 7180 16506  4904  6210  4737  4366 18398 20970 17291 13717]
3903,[11264 17974 16768  2316 20025 22944 19735 17640  9559  9932]
3904,[ 4836 19989 20485 14739 16775 11528  2695 13955 15342  4445]
3905,[  779  6563 12727 21868 12550  2467  2890 18341 17013 12207]
3906,[17291   910 22588 17296 17037 10855 12792  8197  8927  6941]
3907,[16207 16333 14428 23010  1814 20964  8401  8668 22452  1937]
3908,[17180 10147 22087 20542  5335  2512  3705 19298 14680 22097]
3909,[23144  6678 17859 15220 16043  6001  5447 23162 14849 13593]
3910,[16554  2025 16168  9146  2326  8599  1864 19679 19198  4669]
3911,[ 3152 12740  8618 15767 14881 17519 10909 16506 11033  7462]
3912,[16168 17843  2714 19962 12218 16296 20609 15388 13082 20143]
3913,[15656  6462  3865 15601 16553 16447  2729 15879 17844 15870]
3914,[ 1814 15596 20964  8401 16207 13017 13371  9695 19809  4649]
3915,[15319  1740 17362  3074  2030 11299  4941  1947  1605  9925]
3916,[ 2714 15388 19962  6607 11402  4480  9383  6003 14997  3700]
3917,[11463 15943 13253 16036  9695 22049  7019 11508 16393  6091]
3918,[20192 16552 19565 15904 19679 20609 11167 13810  2304  8218]
3919,[17064 19250 23162  2986 15302  2427 21459 17915 22113 10100]
3920,[ 7504 22148  1536 12719 17077  2238  1135 14158  8578  6432]
3921,[22820  3147 15888 22350  7381 15874 17360 18156  6651 21214]
3922,[10685  2856  1897  2236 21949 13684 17727 10623 11982 15893]
3923,[21359 13458 15253 13964 13828 21927  9165  6036  8769  7175]
3924,[20876  2510  6972  7558  2110  2764 15435 14296  1374  5031]
3925,[ 7708   825 19302 19210 21384  5855  8659 14114 10727  2667]
3926,[ 2529  3963 16120 15767  8584 10151  3110  7611  3439   808]
3927,[21035 12495 18956 16182 18623  9670 15587 18039 20284 13027]
3928,[12468 21927 13828 10361  7175 13406  5992  9904  6036  6615]
3929,[19941 16347 13955 12797 14790 16241 20485  3029 16383 20108]
3930,[ 5706 11466  7712 17401  7755 17750 18115 11809  7123 15663]
3931,[ 3837  5035 16505 19620 19693  5313  9433 20050 19019  4728]
3932,[ 8828 15893  8121  4860  9123  7828 11656 15049  6611 22523]
3933,[ 5439 16458 11353  7975 14465  6846  8411  2742  9032  2120]
3934,[13790 10911 14554  2405   991 15699 16082  3812  4012 19856]
3935,[10438  9388  1695 13986  9325  7780  6672  2245  1440 17763]
3936,[19655 19983  7043  4099 19528 13996 18087 18935  5374 22170]
3937,[ 9961 16795  2030  4519  4849  9953 22647  3225  8420 22798]
3938,[ 2393 22430  7487 21907  7480  2957  6343 20340 22496  1200]
3939,[ 8833  3212 13532  6715 16193  5907 18684   662 17367  7550]
3940,[11382  8324 14703 20056 13863  8989  3797  2431  8537 18582]
3941,[ 4200  8816 19004  6775 13727 12729  4132 15739 11740  4669]
3942,[12706  4631  8171 20897  3979 11759 14626 16224 13881 11274]
3943,[13120   983 14268  2919 11100  3212  1247 12945 17256 16113]
3944,[ 8522  8324 17516  8989 17116 10248  8476  9337 13637 18582]
3945,[21359 13458 13828 15253  9165 13964  7242 12468  8769 21927]
3946,[16625 20048 10235 18039  4971 18490 17060  3226  2452 19370]
3947,[16793  5469 18764 17719  1588  1012 11515  3615 14308  1019]
3948,[ 2501 10475 16458  2251 10990 17851  8362  1409 12666  1373]
3949,[17448 11516 18457  5197  5600  8043  1096 21348 19308 17516]
3950,[ 8027  7903 15107 11526  7727  9450 21338  3460 10960 11306]
3951,[ 2824 22667 12442 13631  7232  7633 11273 18760  4913 17152]
3952,[ 2714  2701 11479  2716  4689 17714 13985 17234  9907 17843]
3953,[ 9954 12696  2441 17270  2174 21907  4584 22450  4169 11489]
3954,[19032  6921 18230  1392 17442  4110  1573  4757 17466  1614]
3955,[ 6710 13471 10169 11274  1871   305  3080 19545 19318  7597]
3956,[20418  6422 15739  3198 21458  1567 10965 19958 21683 11442]
3957,[ 2680 11539 10622  1300  3353 21938  7983 23146 12472 13727]
3958,[20192 11734  4366 16552 19693 18188 13717  7732  3010  4737]
3959,[ 9657 19953 19740 14104 12166 12890  9469  1316 21683  6896]
3960,[ 5736 12501 16113  3029 16757 17220 16193 16295 16449 16347]
3961,[ 9907 18470  4669  1864 21458  6225  8599  1051 19198  8816]
3962,[ 1926  8202  2947 12339 18989 20876 14644 20333 17362 19293]
3963,[ 8299  6972  2764  7558  4940 18576  6672  6775  2508  6446]
3964,[21052 16334  7550  7400  8927  4071 13464 10770  9321 14063]
3965,[ 5874 13039  9322 13459  5048 22049 21111  7602 20790 18322]
3966,[ 4110  4737 12499 17449  3837 21458  9949 20484  1614  3441]
3967,[20360 11528 20202 16930 21060  2167  8771  8485  7015 20747]
3968,[12424  5177 20549 19378  9286  8681 12383 13654 15459  8189]
3969,[ 3240 11302 18203  4169  4191   586 17887 14315  5668 14358]
3970,[12706 16249  4631 11759 14466  8718  3376 20308 10898 17900]
3971,[ 9875  7144  7677 15476  7398 10931  9225  7587 12833 14921]
3972,[22507 16986  6503 16544 16376  3860 16020  1943 13018 20149]
3973,[ 4601 19242  8927 11358  2019  2313  9799 22588 10770 13635]
3974,[22764 21683  9700 11100  4132 20970 16347  1966 20522  3198]
3975,[ 1485  2680 10473  2257 17367  4200 11123  2764 14320  3789]
3976,[ 6260  2705  5026  3332 15068  9156 19831  1461 20709  6710]
3977,[13948 18764  1588 17719 17951  5196  7341  3435  8081  1812]
3978,[ 4482 15284 21927 10847  6615  4484  3975 16550  6036 14943]
3979,[ 9087 13151 11314 20881 13311 22722  8688 23041 21748 20950]
3980,[18546  5826  9883 15662 15073 13169  4213 19447 19222  8141]
3981,[ 7341 16161 20340 18764  2856 15910 21813  8718 10153 20816]
3982,[21582  7554 12718 21458 16110 18470  2573 18602 16328  2236]
3983,[ 8091 15587 22199 21760 15805 21460 15855 21461 21631 21726]
3984,[22616 10568 16608 21794  8768  5973   808  7089 13057  1091]
3985,[ 3654 21359 21927 12468 21355 13406 13828  6036 21358  7175]
3986,[22873 14790 19589 22506 19690 16223 12108 23165  3809  1201]
3987,[ 2963  6113 17381 22320 16931 15477 10651  8131 10025  2739]
3988,[22573 17031 12858  6922 11725 16938  9677 14013  9827 11475]
3989,[ 7903 20056 17262 11306  7251  9091  5298 20072 22431  4614]
3990,[19033 17253 17644 20017  9855 20512 13824 22449 20837  9236]
3991,[13458  6036 21359 13964  7175 12468 21927  4484  9165 21685]
3992,[20108  6117 15807 16113  1937 11463 23013 22452  2881  8822]
3993,[ 7821 17448  5690 18190  5197 22478 15073  3262  7622 14240]
3994,[ 4972  4132 16422  7885  7581  6258  6970 14961  4401  9657]
3995,[19162  2838  2824 13611 17307  4313 22519 16905 16307  5166]
3996,[12223 22792  8354 16900 19261 19068 17615 19455 21355 21560]
3997,[21957 13588   640 14553 21325 19136  9381  7160  9385 13996]
3998,[14130  8715 18198 17342 10500  2104  3211  9660 10207 12166]
3999,[21961  9555 17651  7329  6335  3370 16676  7293  4242 22477]
4000,[12468 13458  6036 21359  9165  7175 13964 21927 13828 15253]
4001,[ 8783 16578 16807 16268 16399 12874 10683  6849 10120 16247]
4002,[ 4565  3845 11223 10353  8088  7070 18574  8485  9447 18362]
4003,[10147 22211 18115 11501  3682  3695 16644  1864  9349  1013]
4004,[21288 10391 16321 12003  5142 16506 21026 14268 16113 11998]
4005,[13458  7242 15253 13828 20840 12697 12468  8769  9165  5783]
4006,[16807 17652 15600  8341 16372 15830 15870 18313 15489 16399]
4007,[13458 21359 13828 12468  6036 21927 13964  9165 15253  7175]
4008,[ 2163   809 22172 15362  6903  2526 15100  2137  1162 16312]
4009,[ 5769 13298 17813 10823  7070 14155 15695  6698 21777 13621]
4010,[10673  4213  6775  8141 13169 15073  9320 17319 20794  5409]
4011,[18322  8459  7207 16207  9700 13371 22452  1316 13793  8401]
4012,[14591 10104  4529  1043  2118 13749 16312   809 16876  2340]
4013,[21770 17630 14086  3914 16782 10839 10278 10825   846 18439]
4014,[14223 16814  3370 19870  6347 22780 14297  9685  6563 16458]
4015,[21606  9670 21035 20778  3165 19496 18956  3365 16001 22385]
4016,[ 1751 15950 23036 15919  2613 10439 14135 11690 12787 12405]
4017,[21685  4484 19811 11513 14767 13060 12879 15700 15081  8474]
4018,[13531  1130 16239 15319  1587  5661  4941 12078 11469 15966]
4019,[ 8131  2740  8847  5346 20479 19513  3416 11180 12464  4651]
4020,[ 5412 19019 10787 20751 17351  3837  2346 10494 18627 10217]
4021,[ 1175 19149  1658 13680 16507  1010 18446 20503  8219  6183]
4022,[10949 17575 11652 13033  1893 22921 11532 12551  6881  8618]
4023,[ 2696 22293  9574  6644 13652 10618 11194 12257 21703 23124]
4024,[ 8131 11195 20869  3045  2635 10164  2740 18223 15378  7938]
4025,[ 8791 17914 20050 15893  5313 11656 19019 15049  8121 19620]
4026,[12170  3765  4444 15062  1715  1948  1625  4950  2500  2084]
4027,[17034  7025 20568 15925 13593 22073 18158 15539 22721 11298]
4028,[13458  7242 15253 13828 20840  5783  9165 12468  8769  3712]
4029,[19047 21592 16912 18603 13007 10285 10830 16253  4550  3851]
4030,[16552 20609 19693 21458 19565 19019 17351 20143  1506 19032]
4031,[16249  8718  3376  7462 14466  5829 18823 20308 18057  8781]
4032,[17871 20308  3845  1614  4110  4737 13717 18362  1690 11223]
4033,[ 9393  3244 14676 19308 13064 20016 19249 19244 13686  3699]
4034,[20751  5035 17466 18641  3837 19032  5976 18230  9223 10021]
4035,[ 9810 20584 16905 10618  8729 13545  4195 14135 13849 20796]
4036,[ 9596 21150 17675 14317 11698 17885  1422  6859 20807 20760]
4037,[21069  7765  6778 16135 16876 14928 22172 19316 15362  7728]
4038,[ 2714  2716 17843 17783 22211 16908 19098  9348  5882 21394]
4039,[17220 16333 21453 13371 16207 17317 18060 16757 14428 16193]
4040,[10432 20393 10425 13082  6459 22117 22115  5480  9937  8069]
4041,[12754 20665  4067 17163  7473 11378 10963  6586  6943  6644]
4042,[ 8599 14065 18470  8816 17714  9907 19198 12718  1864  5412]
4043,[17068 13394  2346  2185 13686  3244 14676  9336 11516 12987]
4044,[19064  2236  8496 12924  2025 17302  9710 20645 19845  8708]
4045,[ 3375  9751 19867 16506 12566 20076 10252  9447 20970  3332]
4046,[ 1974 13026 13535 22554 20314  6331 16018  7770 15803 13076]
4047,[21226  3172  5421 11402  2038  5192 15227  6947  8134 14894]
4048,[12799  7243  3982 19447 23040 19222  6617 19873 15034  3358]
4049,[ 1373 13031  2137  7728 16871 20516 20985 22172 19345  6778]
4050,[ 6778  8350  1743 18574  2152 13031 18217  6744  7951  2608]
4051,[ 9482 15614 10457 13912 18839 10442 10443 10462 10451 10453]
4052,[16223 11225 16383  1832 13017  3212 13120 13955 16775  4892]
4053,[14680 22133  3952  6626  9352  5495 19103 20393 14283  4315]
4054,[18115 10147  3683  5496   708 10343  5567 20546 12178 19154]
4055,[16161  2732 11515  2393 13859 20340 14240 11629 19673   875]
4056,[ 2607 17965 15998 16315 15600  4158 14205 16399  2707  4166]
4057,[ 7247  4213 18902  9751 19447 14875  6775 15073 12566 16989]
4058,[ 2400  6944  6839 18069  1202  1556 20292  8400  8972 19555]
4059,[ 3244 16696  7721 11516  5193 17822  5429 16908 12070  2717]
4060,[10431  7975  9808  1616 22416 16316  1586  4982 14223 21966]
4061,[19019  8791  3837 16552  9433 19198 16505  1506  5412 20050]
4062,[18973 17915 12620 17134 14741  8373  1425 11488 10979  1022]
4063,[15893 11656 15904 12663 14967 20050 22706 15049 19565 12718]
4064,[ 4537  8218 10120  4032 16017 19958 20396  9469 20418 12718]
4065,[13155  1690  2705 19644  8088 14625 15435 10400 22478 15881]
4066,[ 1615  9110  1617  1760 12483  1579  2147 20597 22391 13749]
4067,[12212 19562  9030  7517  8092 17973 14187  9735 10553  3738]
4068,[ 8090  3837  2304  1392 19032  7712 11558 22336  1571 20653]
4069,[16720  2986 16681  1659 10126 17064 11125  1043 23162 17927]
4070,[ 6259  4942  3209  2117 14439  6229  7819  4472 15027 13155]
4071,[  846 12468  3386 20999 10945 16855 19556  5247  5992 14194]
4072,[16295 10204 16402 15632 16564 16546 16449 16193  8490 18444]
4073,[11507 19327 21720  8795 10573  6357  5945  5935  4339  6671]
4074,[19811 18143 20237 16460 12010  5039  6671 16315 15081  6503]
4075,[ 3973 17240  5009 17320 13696  3764 16118  6555  6907 17646]
4076,[10166  1331 13859  7341 18366  7273 16253  1038 17055 22104]
4077,[ 9479 11274 13471  1212 10243 22549 21189  1461  1198 15454]
4078,[ 8351  5736 16581  9469 16757 17220 13017  8197  4032 16193]
4079,[ 8131  9505  1872 20950 21748  7038 23151 22713  2635 22626]
4080,[ 3865 11310 16315 15656 14051 10110  5938  9904 12223 14064]
4081,[ 4592 20876  7558  3631  9789  5930  1680 17105 10376 18695]
4082,[ 4524 18825 14325 15451  1336  4967  2275 17083  9424  2117]
4083,[ 6281  8779 20900  3851  5510  4012  2433  7034 13290 12000]
4084,[ 1710 14765  7235 18133  8452 22543 16076  2326  6279  7456]
4085,[20418  9469 16467 15923  8351 15531  8987 16139 20396 16705]
4086,[19019  9433 14851  8791  5412  5928 20698  3837 16552 16090]
4087,[13885 20595 17120 15611 14891  9308 20862 14863  7025 17034]
4088,[22320 11552 10025  6365  7378 20290  9390  9550  9686  6005]
4089,[ 2799 17133 17630  6310 10278  1859  9706  4348 16855 15451]
4090,[ 7633  7599  4913 17152 14023 18629  6440 14591  6745 16586]
4091,[ 4717  7554  7655  3439  1859 11656  4157  2236  5810 20970]
4092,[ 6335 18103  8953  4565 22472 20360 13490  6440 20092  2745]
4093,[21774 20925 17055  2709 10478 20879  3120 19831 17860 19948]
4094,[ 7550 14063 17317  7400 12234 13635 10388 16564 16820 19739]
4095,[15587 16182  8091  7573 19734 12731  7236  3969 15622  6851]
4096,[16319 19456 20032  7668  8716 22055 16148 15858 20618 10672]
4097,[ 6643  5495 17068 13394  2185  5451 14676 12061  9352 19962]
4098,[19673  2417 13057 11759  1980 11629  7341 12706 13030 16791]
4099,[13057  2441 19451 19545 19224  4233 20669  7034  4924 15927]
4100,[ 2185  2346 14004 17068 18627 13394  4689 18230  2151  9433]
4101,[ 1285  3082  9799 20835  4969 18089 13104 10699 15746 16930]
4102,[ 2346 19962 16908  2185 10289  1550 17234  4689  2701 17068]
4103,[ 3332 11741 18597 23083  4391 19620  4471  9997  4670 17396]
4104,[ 3244 19288  9393 16908  5429 12070 20016 15667  2717 19962]
4105,[ 3851 13992  6281  4582  3850  4690 20204  7034 13706 20900]
4106,[ 7400  7550 17317  5736 16564 14063 16193 13532  6715  7928]
4107,[22478  5690  3262 12397  6775 17448  5197 11516 18190  3072]
4108,[19667 11022  8987 12991  7928 22764 16820  2023  8459 16135]
4109,[20709  8508  1505  6250  1507  4379  9164  4477 18188  1990]
4110,[ 8833  4051 15342 16193 16551  5907 19739 12501  6208 20203]
4111,[ 4717  5048 21803 12566  7602  6725  9751 16518 13555 13039]
4112,[15214 14701 10727  5472 20918  2104  5259  2176 11363 12031]
4113,[21685 13060 18143 11513 19811  4484 12879 15081  5873 10139]
4114,[ 6446  2705 11442 15435 23047 13158 14296  1181 12729  2764]
4115,[14064 13526 10033 19029 15656  4078   846  2942  2917 10839]
4116,[19940 22756  1135 16510 13635 17077 11358 20701  1878 17292]
4117,[ 5496   708  3604  6539 19247  5846 16685 17773 19036  4959]
4118,[11092 10945 11507 14092 19027 19327 18463 11476  6671  3865]
4119,[18089  8941 21052  1306 16792  1695  4884 17169  1730 18385]
4120,[18387  2947  1911  1016 12543  1419 21214  5047 22773  8717]
4121,[16168 14298 19679  4512 16554 17962  7069 18470  9146 12718]
4122,[ 4892  2369  8833 16193 16757  4836  7514 15980 16295 20203]
4123,[ 8476 22194 18582 19996  8037 13914  2380 17270 13567 20061]
4124,[ 1096  5196 22761 11516  3546 22170  5560 12060 21339 20070]
4125,[22211  7407  9348  5882 19098 12218 11008  1110 14676 19288]
4126,[12792  8350 16639 16534 17378  3845 16912  6210  6778  4904]
4127,[12117  1260 17394 19136 16421  9058 13073  5864 19856 21242]
4128,[ 7635 19740 16285  9751  1254 18602 14104 16110  9469  1966]
4129,[ 9263  8240  7265  8131  5641  8608 11964 22600 13919  2740]
4130,[ 1009 23028  7247  2609  5020 21009 20356 17166  1966 13383]
4131,[16554 10467  2129  1864  8599 18115 22211  4315 16099 14680]
4132,[15904 15830 13015 11267 20192 13810  4157  8617 15531  2707]
4133,[16413  8648 17129 18856 19514  3921  8544 22504 19676 19354]
4134,[ 8138 18603  7514 15616 16912 14526   930 17256 12747  2339]
4135,[16564  7550 14063 16206 20701 16551  4051  8197  5736 16193]
4136,[ 5178 22706  3386 14943  5247 15904 10623 14330  3728  4381]
4137,[20844 16677  9960 17068 17803 19130  9383 17516 11516 12060]
4138,[19739  5907  7550  4059 10388 18060 17245 13371 20203  4445]
4139,[ 4563  4689  9336 17928 17714 22284 16908 16524 18642  2185]
4140,[ 6003 13727 17928  4669  6693 16685 18115 19863  7983 22284]
4141,[11467 13845 22667  7817 10223 16429 11780 13274 21673 17859]
4142,[23162 19590 22939 17064 17915  6255 16476 20932 17547  1930]
4143,[12480 10622 17931 16223 16030  8752 16205 21060  2544 20051]
4144,[20970 16506 18995 13879  8351 13039 16544 20076  3010 20756]
4145,[15284  7074  5486  5873  7774 18606  7670  5571 20391  4482]
4146,[ 3850  2161 11259 14415  4967  8007 22111 14734  8125 11225]
4147,[ 2936  4741 17364 19080  5008 22120 16792 18664 18372  2939]
4148,[ 1814 20964 18148  8662 16207 16991  7207 17122  8051 15596]
4149,[ 7124  4149 19672 21952 11600  7247  2871 18494 21803  1970]
4150,[10977 14851 19019  9146  8993 15904 16552  5313 10802  8791]
4151,[19867 16130 13879 16371 16289  9209  3838 16506  8351  8343]
4152,[20841  4675  4349 13869 10049 10574  4179 10808 22800 17630]
4153,[17257 12535  4481 21443 12523 11463 16371  2881 16639 10529]
4154,[13986  3198 18695  2680  4200 12472 12484 20596  6537 22764]
4155,[22753 14205 16247  4166 16399 10119  2707 15823  8783  1594]
4156,[19153  2623 13555 10695 15724 13383 14561 21513  7073 14763]
4157,[17055 10151 10916 20925 10400 15720 20403 11284 18057  3117]
4158,[16372 14205 13879 16393 16289 12874 22049  9209  2707 18313]
4159,[10894  8271  7331  8967 20288 14742  4595 17174 20560  7392]
4160,[ 4527 11358 17059  1875  1878  4601 16588  4445 11041  1661]
4161,[11367  1242 17731 19726 21173 22660  7645 14801  9647 14216]
4162,[13948 21211  3435   615 16168 11476  7407 19227  5196  2011]
4163,[19497  5415  5573 20606  3428 10673 22475  7598 13135  8141]
4164,[ 9799  7928 18733  4969  9133 22588 16044   892 13635  2019]
4165,[ 6903  1162 12166  1301 22196  8222  1761  2030  8631 12285]
4166,[ 7602 19956 14875 21803 13577  7247  4149  6689 13684 17341]
4167,[ 2236  2025 19064 12924 21582 10938  3082  8599 14967  4969]
4168,[ 2956  8481  7180 18040  4366 18760 22667  4036  5655  3375]
4169,[15695  4688  1332 16705 19834 16403  4671  1607  4537  6698]
4170,[ 7734 12851 16263  4905  2315  9708 19532  8973 10633 16986]
4171,[ 8651 20358 18555 13834  3144 16480 13097 17087 13862  5323]
4172,[ 2011  5851 10747 19103 19185  3618 10704  5570 17180  3699]
4173,[10881 13678  2425 14722 17730 12988 21210  8968  1979 20553]
4174,[18823  2314  3412 20879 10151 19451  8683 13007 10408 12250]
4175,[ 7928  7514 13793 22036  9799  1683 16757 12308 20701 13585]
4176,[ 5493 17401 16542  6951  5597 17470 11809 13427  5449  3679]
4177,[10393 16315 10937 15766 12874 15626 17844 16317 15656 13879]
4178,[11585   651  4763 10487  5185  5178 16147 10193 15904 20789]
4179,[18627  4860  4569 22159 22211 13686  2346 10787 13394  7828]
4180,[17445  2947  1016  1171   789  5047   786 16312 10204  8717]
4181,[15667 17928 10494  3244 19185  9393 12029 21143  3700 10426]
4182,[12718 16168 19198 20129 20698  4779  3435  9146 16552 18470]
4183,[ 3812 16078 14174 13790 15352  2405  6281  6118 11283 14215]
4184,[21582 10965  7554 12729  4669 13154  1633 16496 10391 21458]
4185,[ 2339  9683 19994 19500 14375  6139  1565   910 13062  7179]
4186,[ 7074 15700  5950  4315 19780  8579  8069 22792 21387 21900]
4187,[19352  7598 20223  2733  8816 16031  2326 13727  5222 12059]
4188,[18695 15739  4071  3198 12484 10739  2245 10486  6607 21037]
4189,[13955 15596 16347  8662  1814 20964 13017 22667  8822  4313]
4190,[ 7710  8827  3699 16883 19103   615 14004  2011 19227 13394]
4191,[18470 11442 19198  1051  4689 12729 17234  2346 20541 20829]
4192,[  864 15854  1908 13937  9146  4779 12718  3270  4512 16860]
4193,[13890 19299  1495  8769 14580  3649 14652 14599  3469  4960]
4194,[ 2406  2083 17296 13969 20142  3874 16227 12234 13532 12425]
4195,[ 2819  1776 12357 17038 14055 22948 22763 10101 15352  2433]
4196,[16899  4195 12272  2877   307 16132 21966 13849  6336 13802]
4197,[ 2236  6947  2025  2038  3172  1752  8591  5421 11402 16328]
4198,[17234  2701 21394  2716  3695  5132  2476  3123 10217 17714]
4199,[ 9695 20790 22049 11508 13550  7525 16103 16291 11313 16393]
4200,[12425 13635 11358  1875 17059 13043  3874 19242  4601  1878]
4201,[21685 11513  4484 13060 12286  2194 10139 12879 14769 19811]
4202,[16440 13743  8822  2875 15531 16021  2310 13722  4972  6210]
4203,[ 1661 10293 12188 12098 11519 19989 14293  4884  1016 14183]
4204,[ 3865  4349 19027  4408  4386 16553 15656 20841 19029 16462]
4205,[ 7158 15112 14160  4906 20963 13607  4322 17188 22595  6829]
4206,[ 8649 18886 13879  6771  7525 11263 10393  6456  3860 14323]
4207,[18214   808 13158 21582  8683  3439  7554 14193  5622 12367]
4208,[ 8663 19012 10252  7070 17350  5031 16425 16898  2340  1009]
4209,[19864  2680  9388  4200 13986  9766 18653 19036 19842 11539]
4210,[ 9822  2928 10382  9510  6999 15034  6259 21561  9320 15356]
4211,[18020 13791  4580 10886 16421 17974 13948 16441  6801 18705]
4212,[ 7401  7381 14607 12357 16190  4565 14544  6335  7578 19162]
4213,[ 5367  4368  6367 14358 22995  8540 21723 18203  9602  2862]
4214,[10673  5409 23028  5841 12153  8141 15080 14023 14878 18970]
4215,[ 3222  1171  1661  2671 14293 20597  1737  4527  1579 17059]
4216,[16139 18602 14967  3198 21458 20970  6225  9751 16724  9469]
4217,[ 8185  3211 21454  4592   765  2381  5653 21137  9110 19349]
4218,[14967 18040 15388 13577  9657  7950  6607 15739 15073  5810]
4219,[ 4313 22519 11252 17547  2881 16307 23069 15571  3029  6526]
4220,[ 5882 18115 10217 20541 22284  7755 10147  9348 16696  2717]
4221,[20651 10618  6530 18240  8518 10304  4575 19930  7218 18010]
4222,[22348 20696  9566 18085 22219 14910 19818 20209 14148 19495]
4223,[ 9447 15446  7247 18576  2335 20645  4213  1941 16989 20057]
4224,[16017  4669 19198 21458 16524  4537 11740  6225 16110  8218]
4225,[ 9997  3332  7462  5829 16506 13867 10391  8718  8171  6881]
4226,[ 7257 20757 10285 18603 20403 21592 16253  6291 15165 16899]
4227,[11158  5874 13039 15954 12816 13459  9141 22049  7966 19324]
4228,[13644  6139 13158  6921  4110 18230 16261  4904 21458 17268]
4229,[ 5836  1661  4050  1227  6745  8000  1435  9734 19283 21009]
4230,[  846 11507 21720  2942 11988  8795 10573  6611  9752 22276]
4231,[19192  3698 15176 12115 13079  4211  2289 17383  5999 12984]
4232,[ 8632 17351 16188  2701  9967  6422 18695  2233 12349 11558]
4233,[19962 21143  6003  3700 19098 19288 16908 12218  5429 15667]
4234,[12936 20634 13992 20302  4233 13660 17575  7669  6716 22921]
4235,[ 5196 13948 18705  4315 19659 13791  8121 19675 15049 10166]
4236,[16564  7550  8197 13532  9133 12234 16820 17317 22588 21453]
4237,[13955 20964  8459  8662  1814  1608  8051 17227 15342 16207]
4238,[17628 17647 19342 18968 14739 11724 17152 20354  5409 12277]
4239,[22104 17055  2314 19831 20879 13162 19451 11312 16253  1526]
4240,[ 4892 16206 21630   925 20485 16285 19739 10071  2077 10946]
4241,[19876 13774 10136  4964  6109 14946 12386  9663 22219 17636]
4242,[16083 10931 12372  7995  9225  9633 11467 15627 16225  9478]
4243,[ 2025 16855 14997 13810 22156  2236  5252 13684 19064  8591]
4244,[19328  3412 11323 11734 20709 10885 11812  6250  9164  4477]
4245,[ 4831 11982 11539 15435 11442 13798  8375  3353 21916 13951]
4246,[ 5826 21690 23002 10078 13169  9320  3727  5134 21811 13051]
4247,[10481  8185  2947 10843 16239 12478  1735 17983 16312  1729]
4248,[ 6288 10494  5132  2716 10787  2736  3613  3695 12737  9348]
4249,[ 2862  6367  5367 21723 22995  5902 11491  8540 13398  9602]
4250,[17968 16815  2641  7689 10997 15019  6184 21609 17418  2487]
4251,[17772  1435 19080 21168 17341  1009  1966 11360 10270 15792]
4252,[ 8632 18179 15388 16188 11558 14149  7546  6359  6704 10701]
4253,[15342 20203   890  4051  7550 16193  5736 20964 12945  3029]
4254,[ 1349 12600 23062  7143 22637  2964  8377  6631 14976 18171]
4255,[23160 14389 13033 12250 13162 11788  4049 16568 16452 16224]
4256,[ 6260 21774  1871 12551 19831  2314 16851 10408 20880  6710]
4257,[ 9907 18470  4669  8599  1051  1752 21458 19198  2630  6225]
4258,[13155  2503  5475 11494 19281 21009  9734 12076 19149 12180]
4259,[ 2386 21161 22219 15242 10363 19641 18087 12047 14704  9864]
4260,[ 2011 10186  3699 19103   615  7710 10747 19227  2856 14240]
4261,[19765 16383 20485 16457 22794  4892  4059 16544  1201 18051]
4262,[ 2439 14340  9892 16775 23158  9804 11225  6813 10294 13029]
4263,[ 3952 17843 12218  4642 19098  4860 11402 16908 22211 18642]
4264,[ 7628 10400  3095 10301 15927 12159 19831 22616  6433 13057]
4265,[16383 19765 20485 16544  4892 22794 11052  8649  6208 20149]
4266,[13605 12862  8400  6512 20493  9311 16933 15403 10419  7849]
4267,[ 9030  2136  4615  6517 17003  8533   791  7517  7344 10858]
4268,[ 1300  2510  9693  2680   809  5930  4648  1680  1374 20876]
4269,[ 2862  6367 21723  5367 11491  8540 12656 22995  5902 18203]
4270,[16792  4200 13464 13994 22588  5461 11740 10699  2245  8074]
4271,[20900 13706  3851 22873 20153  4550  4224  3850  3859  4248]
4272,[ 2618 15064 12884 22980 15055  9491  7034  8892  6285 10821]
4273,[19765 16457 20485 16383  1201  4892 14790 22794  4836  7957]
4274,[10315 10257  6720 12230 12495 19961 15146 21576  7797 15987]
4275,[19162  4313 23069  5355  2824  7401  2838 11315  3965 16905]
4276,[19831  8779 16851  2314 20676 20879  4924 20025 21774  3120]
4277,[13104 14875 19447  1274 15227 14104 13822 18430  5472 16986]
4278,[17968 16815  2641  7689 10997 15019  6184 21609 17418  2487]
4279,[11809 19602 22575 20344  5451  4563 11426 16188  2716 18318]
4280,[ 8556  1096  5453 18100 12304 14976 19673  7471 19735 20040]
4281,[19765 20485  4059  1968 14790  4892   925 15746 19739 10252]
4282,[22543 16395 21452  3074  2735  1640 12187 15954 19163 17750]
4283,[ 5655  3375 20970  2956  8987 18602 11267 15531 15739  9751]
4284,[18387 22820 20725 22350  3335 12028  2624 21784 14372  3074]
4285,[ 8591 18430 14875 14997 16855  2236  6947  2025 19447 15227]
4286,[20374  4419 19294 19120  8189 21335  5554 16645 21309  6889]
4287,[10764 10905 10766 17728  7124  7490 21406  7080  5499 13400]
4288,[ 5736 13532  8197  7550 18684 10120 16564  7400  8833 11740]
4289,[ 8361  7450 11237 13460  7296  3812 23147 14031  6118 20781]
4290,[14875 18430 19447  2236  8591 14997 13684  7247  7243  5689]
4291,[ 2870  3124 18155 21505 15205 15069 20994 14359  9897 17262]
4292,[ 5039  3864  7279 10937 14323 15941  3861 16074 15870  3860]
4293,[ 7411 16263 15080 21261  5697  9830  7791  9395  7564 19281]
4294,[ 9840  1373  9505  2742 22292 15970  2501  9664 16458 17730]
4295,[15446  6440  2840 15220  7819 16720 17927 13490 22292  6335]
4296,[19655 12084  3428 21387 21261  3636 17788 13380 14648  9828]
4297,[ 8599 17843  2025  2236  2714 19962 14967 13810 12218  6225]
4298,[ 9256 16225  8247  9633 21970  9478 16389 10931  7995 21008]
4299,[ 5361  9032 19377 20426 11439  4241 20874 21790  4306 16873]
4300,[ 3392 18825  3079 21151  2061  4960  5478 12654  8769 15451]
4301,[ 8683  5142  4569  7554 15049 10391 16506 20709 23160 20970]
4302,[ 9952  9808 20377 20905 10142  6823 18473  1872 11371  1616]
4303,[20418 16705 15531 10965 16467 14467 16321  8987   728 13743]
4304,[ 1082  7983 13956 14822 19864  1485  2907 17763  3683  3756]
4305,[10016  1285  5865 16986 16685  6003  9751  9358  4959  3082]
4306,[16125 10945 10937 16074  8341 14179 16315 19811 16399  5048]
4307,[14466   958 10236  4952 20127 18603 22449   980 10875 17010]
4308,[ 9110  2619 10358 10133 16876  1729  4878   765 12483 19349]
4309,[ 3948 21585  7512  4548 10714 18212  6061  9631  7507 17778]
4310,[14718  9491 14607 21173 12233 13084 10322  9738 15172 19550]
4311,[15889 20550  9956 10475  2679 21966  1613  7617 16733 14067]
4312,[16553 16462 16021 17844 16125  8228 15601 16518 16447  2729]
4313,[ 4737 18738 13717  4110 21458 12499  1567 20484 17291  4904]
4314,[ 5247 14194  3386 18646  3411 18327 16550  5679 19556   846]
4315,[13726 14160  2762  8524 16759  7158  8905   786  7607  2715]
4316,[ 3152 14881  9317 10909 17792  2856 11258  7461 19903  6195]
4317,[13043  1135 17077 13635 11358  3874 22756 20701  1878 19940]
4318,[ 2386 21161 14985 10363 18087 12047 19641 17565  7990  6719]
4319,[ 4675  4887 22946  2795 14086 12960 17937 14768 10278 18476]
4320,[21581  1970  5541  2519 14764  2639 19241  2551  7581  1592]
4321,[ 6955 22544  3765  3343 18201  8799  8253 10165 16046  1196]
4322,[ 3095 21308  1750 15927 16120  9516  4279  3672 15420 12794]
4323,[15165 17231  7783   993 12664 10859 17086 22450 22873  8593]
4324,[ 8459  8817 14023 19548 12991 12789 22794 17227  4059 20187]
4325,[13155 15073 22370 15881  6775 10353 10252 18182  4213 22478]
4326,[ 9000  6672  3270 10739 13910  8617 21803 19079 19953  5470]
4327,[ 4649 15980  2369  8351 10946 22356 15852 15930   359 16544]
4328,[21572 18543 10436  9129 17056  6045  1697 20290 22113 15970]
4329,[11459  1542 15362  6903 14223  2163 10402 13062 12939 16126]
4330,[15739  6279  4669  9814  4800 18902 20145  6672 16076  4446]
4331,[23013 14257 16393 22049   843 18760  6261 11463  5874  8481]
4332,[ 5851 22087 14676  3618 19308  2011 22211 19249 19103  9393]
4333,[17880 10776  3858 16241 12304 10391  1442  4524  8618 11955]
4334,[21961 17186  6335  5411 17651  7293  9555  7819  9647 20124]
4335,[16449 16347 19667 16769 11100  5736 20108 17931  8197 16467]
4336,[23080  5362 16529   785 21907 22430 18555  6696  8162 17149]
4337,[ 9469  4132  7400  8197 16820 16564  6715 12234  7550  7118]
4338,[ 2346  5412  3837  3244 10289 18627  8827 10217 17466  2185]
4339,[ 2714 22211 19532 12178  1864 11008 10633  2326  2716  5882]
4340,[12153 10905 10764  5474 23028  5332 13377 19285  9384 12199]
4341,[13149  2103 16440 13253 16437  9209 16103 16347  8822 20108]
4342,[10507 16480  8192 17920  5899 21001 17087 19161 10653  8875]
4343,[16241 10391  3859 10776  7554  3439 20970 16506 13981 16205]
4344,[16113  7942 16010 15942 12590 10510 14268 17256  5510 18194]
4345,[11551 13082 16168 15904 14298  7426 10425 22115 19679 17962]
4346,[ 1523 19644  6446 18576  5930  1924  6972 19012 15435  8375]
4347,[10739 17772 15388 13577 10690  6537 17341  6326  8880 13945]
4348,[15490  9762 10858 13786 14308  2136  5469 13210 17573 16112]
4349,[ 1990 21579 20025  1442 11006 21058  1012 15920  8779  2224]
4350,[14376 22028 21226  6246  3631 16095 10528  6607 13465  4213]
4351,[10937 16447  5048  8649 10393 20053 15656 14323 14205 16315]
4352,[ 9384 21300 21381 16702  1088 17827  5474  2503 21370 10766]
4353,[12483  9110  7015  4878 10133 10207 18049  3203 21952  9514]
4354,[21630  4445 11358 16206 16551  3212 22551  7550 19739 22756]
4355,[ 1506  5035 19019  4727 19693 16552 19028  5313  3837 10977]
4356,[ 8373 15644  5052 11488 22519 17134 16307 16295 13953  7816]
4357,[21452 19241  9339 17820 16395  9862 19865 17776 17025 12601]
4358,[ 1416 11362 10416 18578 20016 12612  7252 15816 17334  5851]
4359,[15771 22551 11358  4051 16930 22756  4445  4093  1661 20701]
4360,[20486  6435 20883  2137 21483  9664 22645 20881 14223  9685]
4361,[18470  8599  9907 19198  1051  4669  5872  1864 14065  8816]
4362,[10160 18194 13864 18491  4315  6749  3801 19983  3401  8376]
4363,[19991  7628 20881 10301 21746  6796 16899 10881  8953 11418]
4364,[19027 11476  4675 20713  5942 10993   846 14330 14457  4179]
4365,[13118  8930  1749  1577 11820 12975 12475 19932  9922 21851]
4366,[ 1680  4132 17362 12890  1607  7985 22433  7781  1129 18156]
4367,[12706  8171 14626 11673  9549  9467  4631   593  1955 12552]
4368,[17547 11433 17859  3359  2824 21180  4402 11780 16991 19552]
4369,[10186 10747  9992  2011 17051 13210 14561  5959  6343 22538]
4370,[10979  1002 12333 19975 22409 12743  1446  6123   740  1599]
4371,[ 3851 10830  8432  3850  3859 17519 20153 17880 11033 10668]
4372,[16294 11582 14162 19597 12343 20861  4052  7342  9379  6924]
4373,[16766  9325  8816  1332  2245  9907 18695  7780  1334 12059]
4374,[12879 18381 11513 21793 21685 21359  9904 16074 10937 21031]
4375,[ 7120 13298 10622 13830 14155 13311  5769 17813 11314  2466]
4376,[ 5493 14680  8023  5597  8545 12084 12061 17770 14677 16691]
4377,[12945 10119 13017 16193 20203 10388 16581  5907 20964 20149]
4378,[12936  7722 14031  9602 21710 19605 12772  6233  4199 20362]
4379,[ 3699 19103 19227 14004  8827 13394 10703 16908 11516 19962]
4380,[11652  3859  1893 10391  3851 12250 10776 17880 13007 13981]
4381,[ 9133  8197 22588 13635  7550 13532  8927 18733 12234  9321]
4382,[ 7587  5334 15172 21399 17519  4279 18555 17787  8162 12192]
4383,[12137 11503  7411  9395 21366 22007 21337 14688  4177 16683]
4384,[12484  6225 21458  4669  1702  4013   868  7973  9907 13717]
4385,[18217  3104 18057  8350 22449 22725  6336 15027   980 16871]
4386,[13755  6112 21058 16568 20322 17078 13111 13791  8081 20897]
4387,[14789  2139 17878 21073 18167  4349  2964 10574 12283  6734]
4388,[14677  8023 14680 12112  5493  5597 12084 13432  8545 17770]
4389,[22217 16883 14457 16397  9123  5938 13076  4349   316 16421]
4390,[15780 18710 16707 19353  2372  8799 16046 16892 12509 13645]
4391,[ 4157  6982  5938  1897  7554 15893  3375 15601  8683 15879]
4392,[18603 16912  3120  8406 16120 17370  3110 17302 11532 16565]
4393,[ 5571  7670 12065 21654 21255  8071  9866  5486  5479  4775]
4394,[ 4717  8649 16315  2707  4166  5048  6725  4157 14205  5039]
4395,[ 9922 18391 19932 17289 13145 21851  3017  1749 16726  7659]
4396,[18094  3262 18100 21930  9378  3120 22761 10786 12304 15435]
4397,[ 8993 13937  9752 13820 21720  9316  8795 19327  8577  5945]
4398,[14709  2618 15055 12884 10821 22980 20327 22076 20845  9491]
4399,[ 4772  4196 17862 19451 19545 13057  3080 10151 17151 11016]
4400,[ 7728  1569 22172  6778  9839 22452 13700 19316 16639  7837]
4401,[ 3079  4348 17133  3392 14869  7125 16767 22071  2403 11281]
4402,[15852 15571 12253 16295  4399 13024 17220  1941 19383 16069]
4403,[ 4800  7973  3270  8218  6794 14851 16017 16154 13240 14298]
4404,[ 4728 10802 10977  4727 19019 16090  3217 20986  8791  9433]
4405,[18760 18040  7180 13459  7179  1614 22196 11425  7966 16802]
4406,[19327  3947 22918 10783 14092  4379  5935 14064  2942 11092]
4407,[11393 16046 16707  4243  1676  2358 23153  1006  1358   984]
4408,[13371  8197 12789 13017  9039  9469 12234 18060  9209  5736]
4409,[10845 19354 19677  6766 19676 21216 21148 14587 21241 19514]
4410,[11101  2696 20813  9719 13463  4946 13032  4594  9574  6458]
4411,[22115 18612 13082 22156 16855 22117 14330 13684 14943 17630]
4412,[ 4775 10834 22115 18606 13082   905 22085 10791 16984 10425]
4413,[ 1662 12734  1440 16162  6422 16188  9693  6747 13986  1567]
4414,[12546 12650  9366  5717  6062 21026 20715  2102  9896 10815]
4415,[13810 19064  2025  2236  9814 13684  4157 12851  8708 16986]
4416,[ 5653 19672 20356  2176  7247  6326  7224   765 10762  4149]
4417,[ 1592 15976  1755 14764 17385  9324  7581 14326  3269 14159]
4418,[16941  6933  7805 17282  5580  6517  2136  8840  6061  4168]
4419,[16553 16462 16125 15904  8228 15601 11585 13526 11267 22996]
4420,[21793  9165  2194 21685 15844  2559 22413 15081 12010 10937]
4421,[20206 15402 15034  1200 19157 14976  1349  9992 19843  7143]
4422,[22137  9901 10424 20804 16563 11253 22135 14936   986 19626]
4423,[ 4195  3793 13849 16556  7293  2745 23069  8518 20989  6335]
4424,[21173  9482 10184 13699  7676 17731  6220  5355  9491  4260]
4425,[11223 14056 18362 10353  7105  9935 19004  2709  2314  7070]
4426,[ 5736  6715  9469 20396 16820 16544 16347  7400 16581 17220]
4427,[ 1198  4360 15454 16224 18571 13600   791 20897 14581   681]
4428,[ 7514 16757  4892  7928 17245  8833 16206 16193  1683 13120]
4429,[18602 21458  3198 22764 15739 20418  6225 16139 21683 20970]
4430,[16930  1941  7015  3209 20202  6440 13490  6972 13585 16425]
4431,[  931 10105 16850 19668 13019 17257 15834 16458  9003 20486]
4432,[ 4986 13018 15080  5841 12153  1286 21366  7411 14688 13400]
4433,[ 3456 15179 22118 11363  1440 19525  2176 20356 19124 21326]
4434,[15175  5247  5992  6635  8038 16643  7147 14535 14378 20617]
4435,[ 6250 17974   597 11323  1461 22686  2709  2393  2547   620]
4436,[16031 19866  9325 12737 20223  9388 20625 16766  1334 10343]
4437,[17190  3120 19831  1924 17209   339  6824 13158  8556 21876]
4438,[ 4400 10365 12832 21489 13727  5872 23146  6446 15695  6693]
4439,[10204  7837 16295  5729 10293 20964  2064 15632 16402  1814]
4440,[ 1495  3533  7449  5497  8769  4776 15080 14696 10183  5559]
4441,[19161 12535 23071 13611  4332 12863 11463  1940  2207 16266]
4442,[ 7670 21654 20391  5486  6742 21256 15700  7774 21182  5483]
4443,[15208 23083  2284  3360 17443  8989  3075  7089 13290  9020]
4444,[12991   892 20835 18997 21052  7928 10770 13464   628  2820]
4445,[21443  2881 17257 16371  2099 16333 22452  6117 16069 13253]
4446,[ 9766 15388 19036  8816 16188 16076  2714  2716  1550 18642]
4447,[21422  5407 18657 14667  2739  2560 14646 21736 17651 17767]
4448,[13371 16426 14063 15342 16193 16510 16551  1608 20964 16564]
4449,[ 3850  4054 23101  2161 17106 14612  2720 17467  7583 15948]
4450,[ 1592  2695 18824  2609 22644 19516  1435  7080  2519 19241]
4451,[14575  7248  9751  5573 17166 19765  2201  8141  6775 16263]
4452,[20778  5693 16228 21287 12509 11625 10257 10865 16971 18646]
4453,[18610 14752  5047  2186 19250  2396 12448  8387 14828  7122]
4454,[16880  9686  2204  7378 12087  1560 14190  4241 19037 11552]
4455,[16168  7407 13910 12218 19962 11456  7069 10425  9146 16296]
4456,[10685  8088 20751 17792 19620  8718 20308  2237 11167  1614]
4457,[16249  3376 14466  8718 20308  7462  6710 18057  5829 17862]
4458,[ 9751  7740 15073 22028  1254 14104  6607 16285  7635 11740]
4459,[15988 22442 21448 15940 21901  8204 20586 21805 15863 15846]
4460,[ 1545  1440 18695 10739 13986  4200 22118 12677 19525  9388]
4461,[ 4737 12499 20484 12734  9935 18507 11312  4366 12729 18576]
4462,[17651 14200  7817  4429 11424  9392  6230 13274  1074 21422]
4463,[17190  2067  8085  3120 15335  1924  2577  8007 20900  4582]
4464,[16206 12000  2511  3212 10071 20900  2529  7514 21630 13120]
4465,[14205  6715  4649 15930  7248 22049  8783  8351  5736 20396]
4466,[16277 21273  6329  6878 20379 18088 15047  5715  2678   670]
4467,[10923 22284 20541  8599 19643 16810   674  2717 17928 18115]
4468,[ 8197  9133  5736  9799  7550  8927  7928 17245 20701 22588]
4469,[11167  1614 18040  8088 19693 19565  8391 19032 21458 22751]
4470,[20108  8987 12797  5736 16449  2310 16347 15531 16757  8822]
4471,[ 3654  1746 14602 10432 14943 10125  7073  6459 21281 10344]
4472,[13443 15454 10243 18571   681  1198  7499  4360 20669  7344]
4473,[12789 20142  3211  4601 14130 18664 10207 17059 12991  4975]
4474,[11244 22506  1859  2116 19765   309 16205  2275  1201  4425]
4475,[17928  9223  7512 15667 19566  9358 12446 19134 21143  6643]
4476,[13621  2007 13151  6925  8953 12159 11283 19535 20202  8085]
4477,[15179 22318 12454  1440  3451  8941  2826 21375  1695 16686]
4478,[22614  9469  7400   890 16110  5736 18733 16044 11740 18060]
4479,[17782  7407  5480 19098 17843  7069 19780 22211 11008 12218]
4480,[19845 12747 15746 22036  7514 17302  7243  8117 18465  4969]
4481,[19241  7787 15693 17820 19080 18824 17025 19497  5574  3074]
4482,[20762 19198 16524 20698 11479 18470 17843 12718 14065  6225]
4483,[11033 17519 10653 19680 15767 21218  5813  2099 16480 17066]
4484,[ 7145  1579 11519 18360 22391  8368  1536 21871 10277  1729]
4485,[ 4315 19452 19631 19659 19983 16883  6669 19675 15794  9123]
4486,[20964 12945 13017  3029 16193 15596  5736 15632  4649 16207]
4487,[16118  3764  2029  1006 13696 23059  4829  1358  6920  5395]
4488,[20308 16249 17871  8088 18188 19620  4366  1871 11759  8095]
4489,[ 5765 14800 13075 11631  4691 10974 19876 15992  7294 22219]
4490,[ 9555  6335  7819 21961 16676 21422  7329 20989 11780  1527]
4491,[ 7928 17317 18060 22684 16044 13464 10770 14063 21453 10946]
4492,[ 2830 22656  9053 20436  4338  4677 14123 19583 12584  2494]
4493,[10880 19088 21790  4700 22989  1979  4306 22090 16873 19193]
4494,[ 2729   728  2956 16440 14467 13879  4870 16347  9700 15531]
4495,[ 8641 18387  4068  2027 22332  8594 21312 22808 14127 20906]
4496,[ 2007  7070  5769 13621 19081  1008 21489 12108 17813  1990]
4497,[ 2717  1036 10923  3244 10289 14408 10217 16696 12070 19244]
4498,[ 8641 20950 23041 22626 22713 22102 21748 21836 21437 22808]
4499,[ 2508  6775  2510 20171  6972 21174 20901  5930  4831 21364]
4500,[ 8906 11402  5429 19962 16696 10217 16908 21143 17351  3952]
4501,[21606  6443 20675 13667 18956  8305  3165 20778  9299  6571]
4502,[20816 18367 16161   875 14312  3438 11515  2237  2393 18764]
4503,[ 8267 10126 22939 22099  1942 10878 14849 11125 19590  6591]
4504,[ 9341  9531 22637  1200 21854  6207 12600 12135 14715 20029]
4505,[12987 12446 22159  3678   303 21284  2717 10021  5560  6626]
4506,[  359  4649 11387  5312 15930 18028 22026  6991 16036  7885]
4507,[14408  5132  1036 11479 10217  2476 17234 10494  1013  2701]
4508,[13919 15696  7265 12679  6337  2677 15962   290  8560 21999]
4509,[ 7426 19811 16460 13572  1862 20789  6849 17962 21765 14179]
4510,[14680 19154 21387 12034 10160 13380 11501  2941 12084  4315]
4511,[20337 13627 20242 13467 21287 16001 15928 14022 13312 20675]
4512,[13253 15943  1814 11508 15596  9695 19809  7525 11463  9072]
4513,[16648 19143 12063 22052  9023 15355 15051  5215 15176 10694]
4514,[11519  1546 16876  3986  2722  7015 16709 10692  7633  1696]
4515,[10673 21009 10465  5409 20606 13155  7329  9555  9404 15930]
4516,[20516  1569  6778 15834 22172  9839 12511  2950 17257 13653]
4517,[13098  4481  9902 10875 18625 16534 20127  6854  8584  7179]
4518,[20050 16552 20192  4670 19693 17727 11656 12718  7627  4779]
4519,[ 9752 15601 16553 10945 15904 11551 16462 13082 16125 22996]
4520,[19831 10365 19535  2786  3065 12111 11015  1924  4924 13621]
4521,[12098   789 21476 12479 22477  8524   787   788 14644  9404]
4522,[ 8826 11788 12274 20369 21930  3876  9960   798 23047 16890]
4523,[ 4741 20142  4884 19283 19349 17364 12789 12188 16792 18664]
4524,[ 1786 16709 19989 16510  7015 21977  1608 17152  2110  5031]
4525,[13082 18612 22115 16883   615 17180  7407 16168 11507  4860]
4526,[19989 19990 21977 23006  6440 21114  5031 10293  7816  8953]
4527,[ 1167 21423  1605 12078 15319  5574 14764 20804 22644  2030]
4528,[21017 15516  9696  9550 12087 21571  5040 21541 17405  4241]
4529,[16588 13969 11358  4601 22588  9480  2083 12234 13635  8197]
4530,[20990  3695 21394 17783 21304  3700 16696 16644  5429  9349]
4531,[22452  1960  4878 14428 23010 16135 16876 19316  8401 13700]
4532,[17871 20609 19693  1691 20143  1614 19620 12734  1506  8088]
4533,[ 7710 18578 21932 20016 22159 13064 17180 12061 22087 23022]
4534,[11761  2502  2421  1643  2633  4101 13010 21843   896  1698]
4535,[ 5668 12656 10646  6233 15666 15238 16700  4169 19246  3535]
4536,[22449 13824  7274 18217  1242 22725   980 20041 10184  4436]
4537,[20541 18641 10217 16696  2717  4842 10923 17234  1036 12029]
4538,[18381 16427 16346 14446  3235 12878 16517 10354  1596 10139]
4539,[ 5412 19019 10494 14065 20698 20762 16554 19198  1506 20541]
4540,[11318 23150 22362 17149 20435 12664 23149  8690  2287 14559]
4541,[ 5665 22722 12709  8308  8953  3672 21243 21748 13625 21503]
4542,[21813  3681 20952  5600 19101 10740  2959 17758 13374 19603]
4543,[ 4601 13635 19242 10770 11358  2313 22588 12425 13464 21052]
4544,[17363 20261  9767  5671 13586 23033 14922 14073  8989 12463]
4545,[21670 12431 16984 13410 13411  8733 15285 14086  4745 12920]
4546,[14764  3074  1536 19241 14159  1435  7124 21731  3453 15319]
4547,[ 9337 14976 17816 17961  5453  3262 23062  7439 17516 18932]
4548,[19036 19864  9766 18653  9388  9325 16031  9368 16188 15039]
4549,[ 3457 16043 17044 20595 14849  7025 17034 13885  5447  1942]
4550,[ 7248 14575  5048 20606  9751  5573  1966 13987 17166 19497]
4551,[ 7144 18692  2322 20935 17339 21008 22042  8674  2923  9924]
4552,[14376 16217  6911 18013  1392  6776 20034  2764  1485  3013]
4553,[19500  7179 16135  2339  1565 20108 16339  9902 11022 18049]
4554,[ 6607 13994 10071 19548 15739  4940  8299  9751  3198  2236]
4555,[18578  2483  7710 20016 22087 17049  1497  1416 22412 12612]
4556,[20143 13717 18188  4110  1507 10153  1331 21458  2709 12729]
4557,[19135 12075 12153 12063 23028  1495 15080  9353  7167  5455]
4558,[ 8560 10174  9890 17091  6211   988  8957  2402 21979  5244]
4559,[ 7774 22115 12960  5873   846 14064 13082  7074  5679 15081]
4560,[17772 10696  3055 21404 10270 19080 16334 13525  1663 15792]
4561,[17240 13696  3764  4829  6920  1006  3973  5395  1187 23059]
4562,[19355 14722 21436 16974  3370 20097 13610 22393 22210 12439]
4563,[10699  1274 13563 11723  7635  4059 20835 12234 10770  2313]
4564,[ 5665 12709 22332 13311  9087 20906 21748  2027 22626  8308]
4565,[13585  4445  4878 10133 22482 20360 16930 17103 15937  2147]
4566,[18087 21932 15700  5556  5951 12594 11642  4315  7598 22133]
4567,[ 2717  1036 14408 21284 20829 12408 11169 17045  5872 17293]
4568,[17121 16319 22055  1869  8206 20958 20229  2642  8716 20618]
4569,[12468 11513  8474  6615 22156 22422 14943 13060  1943 21685]
4570,[13653 22460 13846 13445 19626 16876   332  6569  1687  2881]
4571,[ 6427  1874 19747 12484  1573  7546  1051  1702  2233   868]
4572,[12995 20314 22554  8839 13021  8742  9070 20316 20434 21732]
4573,[ 9480 18926 18198 17037 14090  4601 12984 20142 17059 20498]
4574,[ 3209  6335  9555 21977  7819 21961 19287  3617 13044  6440]
4575,[14033 16017 14298 17962  7973 15915 11369  3270 22614  8218]
4576,[10704  2011  3618 22211  7407  8827 19103  3699   615 19308]
4577,[12484  7973  6689  3198 20788 18040  7224  6225 18142  8708]
4578,[11820 12975 13118 21851  1749  2009  1144 17372  8930 15501]
4579,[ 1016  1387  8578 12719 16312  1586  1536 21731  2238  1425]
4580,[20237 13550  5048 21803  4166 20603 16079  9141  1594  8630]
4581,[18603   930  7700 14526 21592 20272   840 11532  2161  4967]
4582,[20192 16552 15904 19019 19565 19198 16168 20129  3441 18470]
4583,[17291  6446 18000  3117 16851 18214 20484 10622 19831 21774]
4584,[20571 17083 17880 12301 22873 18393  4477 16175 20074  2116]
4585,[ 8992 19447  2210 14875  7635 15379 13104 22479  7247  5472]
4586,[16223 13955 16449 16347 16820 17931   662 13017 12501 20142]
4587,[12924  7602 11417 14875  5697 18926 22644  2662 19447  5573]
4588,[14599 15080  9382 21326  3533  5477 12204 12199 14602 12066]
4589,[16261 22269 12924 17302  2339  4904 17291 17037  4969 13994]
4590,[ 2714  9907  2233  2716 10787 19532  2701  2476 21394  3695]
4591,[ 1716 12754 18026  9755 20636   924 17056  2421  6644  9002]
4592,[ 3701 19136  5196  5959 21331 19104 17758  7710  5770 15079]
4593,[ 8343  5813 16113 16196  6260 16307  6210  1208  9332 15737]
4594,[22258 12645  5850 12190 17528  3873 22705 16457 16656 10846]
4595,[10101 13621 22472 11418  1871 18000 11715 19451 10687  2314]
4596,[ 1967  1969  1859  7655 22430  3862  3079  8933 15379 15451]
4597,[10150  4741 18664  4527  1548 15966  6226  1717  3874  1767]
4598,[18999  1374 13956 11029 18653  9388 20414 19864  3756  1761]
4599,[13563 10770 21453 13635 12789 11358 13464 12234 14063 20142]
4600,[  846 20523 13082 22117  7670  3654  7074 14943 22115 21654]
4601,[16449 16564 14231 20108 11022 16295 19667 13532  2077 16347]
4602,[ 2154 10343  2699 20523 22117 19210 10270 16263 10739 10744]
4603,[ 3700  5495 22211 16908 17068 12218 14676  9336 19962 19288]
4604,[18555 13930 21218  8741  2357 22431 15108 15034  9954  4876]
4605,[14293  8594 18838  8641 21748 20377 21312  8464 21848  7045]
4606,[11109 21453 20835 18664 14063  6928 17335 17103 20701 12789]
4607,[ 2620  5738  4214  1365  4187  7038   358 16933  7478 13275]
4608,[ 1303 14386  1523 22580  6911 21065 21226 12922 14376 13704]
4609,[15930 19953  3385 15852  6725 21803   966  3735  9141  1594]
4610,[ 2608  6778 10133 10989 13585 18475 20158  8350 16639 16135]
4611,[10278 21073  6834 21734 14972 15266 22051 20055 21770  6734]
4612,[16017  9469  8197  8218  9321  6715 20396 16139 16110 11740]
4613,[  925 13981  4550 19845 16253  4969 10938  4967  3850 22990]
4614,[11022  8987 22764  8459 19667 16339 12991 18049 16135 19500]
4615,[10808  4179  4821 13869 16161 14396  1897 20340 11515 22538]
4616,[ 7525 14205 16233 13550  5048  7019  4166 15823  8605 22049]
4617,[ 8286 19322 17826 16745  6246  4963  6675 14132  9383 19945]
4618,[21359 13458 13828 13964 12468  9165 15253 21927  6036  7175]
4619,[10504 11856  8608 12938 19513 16829  7991 16365  8131  2598]
4620,[ 8051  7080  1435  5499 15392 10905   663 12153  7124 17227]
4621,[  579 20327 12783  3152  6652 10482   974 13804 19674  7783]
4622,[14869 11281 15081  3654  4579  1746 20999  3246  3914 13458]
4623,[19667 17931 16347 11022 20108  7105 15616 18460  8822 16449]
4624,[  691  1242 16818  4196 21334 15027  2141  4876  2345 15064]
4625,[ 3022 15402 14768  3997  8742 12995  5404 11526 17841  9070]
4626,[ 3837  8375 17351  9433  3244  5035 10289 20751  5976 16217]
4627,[12199 17819  5836  5520 12098  6000 10692 13305 19898  3068]
4628,[ 6250 11264  4477 17974  2393 15076  2316 20879 17149 12664]
4629,[17792 20970  3375 18602  7554 14193  6195 16506 11656 16139]
4630,[ 9587  7701  6884  7450  8409  6438 20961  9598 14006  4210]
4631,[16544 16208 16285 11740  5736  8833  5907 16757 10946  8351]
4632,[13158 18166 10923  2382  6645  5976 18013 10238  9949  3058]
4633,[ 2963 15704  1595  2853  4203 11057 17246 15044 12148 14293]
4634,[ 7522 17178 20431 19356  6513 22989 10880  2598 11439  7801]
4635,[13810 11551 15904 13082 16554 16552 10623 16168 18612 14298]
4636,[10071 11528  8086  7514  1683 20701 18720  3012 16205  8817]
4637,[11263  7770  9163  3982 19312  1022  3963  6259 17412 14325]
4638,[11402 21143 18642 16908 19962  5429 17928 10217  3700  2185]
4639,[19132 10651 17248 11492 21649 16364 20799 17874  9421  7827]
4640,[21966 20881 20219 21178 10475 22780 20601 11536  1617 20640]
4641,[21850 13567  2141 17270 22497  9954 15440 15064 17138 19926]
4642,[ 4664 19838 11964 11985  2740  9931 13126 23000 11344 22600]
4643,[18217  8781 18057  8350 16639 22400  8895 20308 17378 11418]
4644,[19712  8717 19595  1579  9660  7366   786   789 20876 15100]
4645,[16550 14186 11319 10957 20345 10315  8837 10847 19581 16143]
4646,[20057  3082 17335 22764  4969 21876   892  9799 10938 19064]
4647,[14194 15661  6310 16855  3386   698 21265   673   863 21810]
4648,[16554 17843 12218  5412 22211 16168 19962  2346 16908  7407]
4649,[19962  1550 16296 17843 12218 19198 15388 15739 20609  2236]
4650,[ 9686 12087  2460  5040   746 17405 13963  9550 12464  2635]
4651,[10003 18567 19012 14734 22551 17131   925  2067 19705 22700]
4652,[ 6526 22519  6452 16991 21636 14067   307  4402  3419  1132]
4653,[ 1962  4079 14315  2162 10243 18365  3546  8840  4191 21367]
4654,[18733 21458  1941 18738  9133  9799  8927  8197  1567  4669]
4655,[ 4119  6704  8632 21692  9325  4528  8203 21037  1334 19131]
4656,[14828 12866 20881  2501 12464  2761 12666 21746  8258 17922]
4657,[22764 12484 13994 21756  5653 20645  3198 17037 19064  6537]
4658,[16588 12234  7550 10119 16564 20142 11358 13563 12590 13532]
4659,[22087  5483 18578 13378 20542 17796 21260 22085 14552 13413]
4660,[12719   915 21573 16733  7837 18384 16458 10989 10293  1513]
4661,[20964  1814 15342  4649  9700 15852 16295  7207 20203 18210]
4662,[ 9714 20892 12955 16291 15943  6456 13550 10118  7182 16341]
4663,[20876 17342  6745  3211 14183  2508 14196  9660   344 12479]
4664,[13813 22053 15036   642 17799  7059 16429 15476 11188 13831]
4665,[21348  6684 17758  3701  6559 19101 10723  8824 17777 14601]
4666,[10236 16572 14466  6751 14368 10875  7012 21781 10918 14356]
4667,[ 2014  2598  8293 11522 14019 23101  7991  9994 19117 15205]
4668,[17302 21582 16261 10938 20925  7554 16912  8117  2339 12924]
4669,[10293  9110 14591 12479 19990 19989  2722  1247 12483 12648]
4670,[ 9907  8599  6830 14967  2714 19532 12851 15915 16766  1864]
4671,[14851 16554  6830 20698  8993 16168 14298 13957  4512 12718]
4672,[ 2696 18631  9719 19002 13032  7954  3014  7594 13463 10971]
4673,[10828  3747 11994  3338  4573  5399  7843  3740  3118 19829]
4674,[15616  1683 10071 19667  8138  2147  5622 20360 10133  7928]
4675,[11467 21180  2824 14021 19162 13274 11315 20824  3209  3359]
4676,[ 8419 15826 18246  8663 11144  6172 13425 20503  2196  4917]
4677,[ 2053 19843  8824   334 22538  6821 19562  3615  4179  9531]
4678,[ 8605 16207  9695  9141  3269  7207 11508  2639 15997  8630]
4679,[12468  7242 20840 13828 13458 12697 15253 20999  5992 21981]
4680,[12684  9723  4313  4950 12797  2310 22068 15704  2080  3147]
4681,[14739 11724  1227 15357 17227 14741 13607 16709 17273  6000]
4682,[10763 19081  7070  5769 17813  8688 11314 13298 20202  3672]
4683,[19012  7015 16930  4601  1661 22551 19242  8299 18089 22265]
4684,[ 6462  3865  4745 20053 10278 23094 22093  3914 15487 14972]
4685,[ 7248  8605 15997  9751  1966  6208  7661  2609 12945 15342]
4686,[ 2543  3984 17121  4182  9048 22055  6713  5033 20032 16634]
4687,[ 7677 15172 21173  5407 14801 14718  7587  9954 17731  5866]
4688,[ 9325 21037 13986  2684 13116 16766 20344  6704  4071  2716]
4689,[ 6991  4313  7985 14326  7627 15571  2824  6876 17226 16989]
4690,[ 1696 11519  1786  1546 21977 16709 17152  7015  1608 18148]
4691,[ 1683 12308  8138 13955 14526 20108 19667 10207 13371 13635]
4692,[ 7732  3441  2236 18040 18230  8683 11982 22973 10153  1614]
4693,[10118 10354  7068  5874 20603 16518  1596  5655 15651  6725]
4694,[ 6359  6704  2701  8632 11479  1874  6427  2716  6422  9907]
4695,[13154 19740  1866 17965  2083  9039  6330  9480 16227 11282]
4696,[22370 13155  7663 19765 10259 21422 11959 15446  2916  2503]
4697,[17646 18531  3764  1397  1358  3338 15573  4829  2358  2029]
4698,[ 8799 10669 16438  1298  4868  1241 11959  4501 23153  8663]
4699,[10633  2714 19532 12178 16296 22211  2716 15388 11501 17793]
4700,[17152 15769 14023  5573 19133 10465  4913  9404 14541 15773]
4701,[20308 18823  1871  6710  2314 19948 20879 10408 12485 21774]
4702,[16241  4870 19047  6210 13007  7180  2729  6771 16757 10830]
4703,[ 5855  8059 19210 12137  5498  9343 19081 20395 19087  9406]
4704,[17391 16695 21638  1088  7059 16646 10025 21374 15028 22320]
4705,[15189 12060  9383 19945 13465  9975  7475 15056 19983 11516]
4706,[ 7074  5873 10432 15700 10425 13082 19780 14680 22117 21654]
4707,[17313  2340  2238 15155 11023  2602 16312 12479  1724 10468]
4708,[18602  2025 16139 14967 16724 16044  2329   892  6225 18060]
4709,[20932  3793 22519  6678  1930 23144 16556  1132 12460 20741]
4710,[ 6601  8432  5829 16034 13867  7462 15782 20208  8618  3152]
4711,[ 2025 18602  4158 11158  8617  7973 22507 14967   892  1975]
4712,[ 6695  6801 15229  1664 12706 17951  8533  2417  8914  2151]
4713,[ 5711 17445  2722 15442 14591  8387   332  6440  7329 13044]
4714,[ 7939  2635  3416 18610  3044 12543  7038  4193 18223 11057]
4715,[13017  7022  8459 16546 13371 12789 20964  5729  2064 16333]
4716,[13298 17813 19081 13924  5769  8900  2544  3462 11062   909]
4717,[13458 15253  7242 13828  8769  5822  4960  3469  5783 12697]
4718,[ 3654 12468  6036 21927  4484 13458 13828  6615 15081  5992]
4719,[12984 18824 12694 17296 19497  8757 22475 11245  7942  5415]
4720,[16890   573 21150 12936   798  4547 11391 14403 10460   902]
4721,[16695 17391 21422  6230 21374  5332 21638 13274 16457 21673]
4722,[16422  4695 12369  9732 12234 17245  7033  8817 16134 13371]
4723,[ 4644   983  4606  1466 22319  9366  9389  6675 17430  4503]
4724,[13432 17770 17761  5436 19298  8023 22679 18317  5597 12165]
4725,[16506 15767 14466  7462 12740  3376 10151  6195 16249  7341]
4726,[17291  6941 15616 12792  8197 17931 10855 22588 19667  1436]
4727,[21359  7175  6036 21927 12468 13964 13458  4484  9165  6615]
4728,[ 1247 12501 20360 19667  4051  7550  8927  1941 15616  5031]
4729,[12483  9514  2381 10207  4601 13585 16930 12789 10358  8927]
4730,[22117  7407 22211 13082 16168  5882 10425 19288 12218 16908]
4731,[ 6941 17245  8197  7514 16285 12562 13969   892  7928  9133]
4732,[12318 16315 15870 15830 17652 15308  8617  4158 16372  2707]
4733,[ 3340 14197 17361 18643 22209  1170  6682  5898  3741   902]
4734,[  991  4947  5999 17542 17383 15176 12984  5793 11259 11408]
4735,[17445 22722  8387  5711  5523  2296 21950  1043 22621  2186]
4736,[12975 11820  1144  1749 13118  2009  1577  8930 17372 15501]
4737,[17968 16815  2641  7689 10997 15019  6184 21609 17418  2487]
4738,[13154  8351 10965 18602  1866  8617   892  4032 17245 17965]
4739,[ 7248 16544 20203  6715 15997  5736  6208 22614  7400 15342]
4740,[16371 21443  9700 11425  4481  9902 22452  8401 18625  7180]
4741,[ 5736 17220 18060  7400 16757 13793 16044   890  8927 20970]
4742,[13060 10847 13908  4482  6615  4484 16158  3975 12468 21927]
4743,[20606 19497 17166 21513  7124  5573 15080 23028  2403 14705]
4744,[ 2608  6778  8350 13031 16639  9956 22482  2881  1760 12511]
4745,[14997  1943  9751 16855 13577 18190 13684 13555  3429  9814]
4746,[ 7768  1305  5003  6427  1927  7780 13986  4648  2233  2257]
4747,[17317 10388 10770 13563 11723  7400 13464  7928 14033  9133]
4748,[22719 11100 18214 16769 14231 10622  2919 17291 19518  3916]
4749,[20733  2250  9313  6620 18102 12806 17013 17904 17198 16818]
4750,[12468 13458  5992 20840  6615 13828  3654  7242 10033 14943]
4751,[ 2329  2339 16724 18214 10965 12499  1702 13062  6941 12285]
4752,[22958 19271 17186  8449 17212 21173   742 20206 13109 22034]
4753,[12234  8817  3012 17245  1143  7022  4695  3838  1018 22831]
4754,[21588 10506 21062  6530  9574  4575 16432 18477 10436 10421]
4755,[21474 14643  9335 10259 10651 21526 10991 14347 18446  2196]
4756,[13991 17467  8302  5308 17106 23101  4921 10093 19640  2241]
4757,[16263  3665 14696  5436 19079  9830 12137 16916 10744 12244]
4758,[13038   859 12492 17078 15910  9549 16793 21813  7341  3979]
4759,[10231  1019  2053 16793  7252 11752 22434 22946  7043 15947]
4760,[ 9320 19769  7723 12833  5409  9555 17647 19342 18968 19196]
4761,[ 7288 13460 18019  6061 13786 12936 23163  7164 20394  7805]
4762,[ 9165 21793  9867  4960 21031 14769  2559 12302 21355 12116]
4763,[ 2705  3435 16208 12729  4537  3437  3438 21211 16110 16769]
4764,[22958 19271 17186  8449 17212 21173   742 20206 13109 22034]
4765,[16193  7550  8197  3212  4051  5736 16564 12501 16588 17317]
4766,[14197 17361 10136 14946 22308  3340 22306  6682 22209  5898]
4767,[  742  9705 16083 13051 10991 21474  6212  7723 13109 21139]
4768,[ 8844   334 15034 15079 22217  6974 14894  9781 15305  5194]
4769,[ 7242 13458 15253 13828 12468  4960 20999 21981 12697  5992]
4770,[22958 19271 17186  8449 17212 21173   742 20206 13109 22034]
4771,[10432 15667  4641 14680 10425  7073 19079 21758 21387  3146]
4772,[14327  4179  3430 14768  4246  9992  3743  2053 20952  3653]
4773,[ 6655 13459 18760 22196 15651  1316 21069  7224  6537  7966]
4774,[ 4480 19185 21143 15667  3700 10703  9336 19962  5431 16696]
4775,[16076 11564 15804  1990 15795 21828 13877 15287 19633  1008]
4776,[22958 19271 17186  8449 17212 21173   742 20206 13109 22034]
4777,[20796  1359 22494  4922 10259 10618  7482 11467 13274 18240]
4778,[ 9325  2233  6359  6427 13985  2716 20344  5132 16188  7768]
4779,[13007 19047 16912 19451 12250  2314  6210 18823 17880 16241]
4780,[16044 18060  8817 17245 16285  7928  7635  9039 20977 15746]
4781,[19705  3262  5839  6115 15165 13401 18870 18862  7284  7304]
4782,[22958 19271 17186  8449 17212 21173   742 20206 13109 22034]
4783,[ 1022 15683  4967 17519  3850 20272 15767 13992  6639  2161]
4784,[21474 14643  9335 10259 10651 21526 10991 14347 18446  2196]
4785,[17245 16227 12590 10120  9824 16206 13532 16285 19739  5804]
4786,[ 4928 18887 17364 16014  4695 19192 17025 18372 21220 14090]
4787,[23094 10620  3862 22093   785  1235 16034 16447  4349  5026]
4788,[10623 18612 14997 17843  2236 19962 12218 13082 13910 15388]
4789,[11391 20733  1644 20512  9424  4690 22496 17644  9025  7538]
4790,[ 7951 13031  1617 14091 18596  3040 15044  1760 21178 21966]
4791,[21458  6225 15739 12484  4669  3198 13717  9967  4013  2329]
4792,[14741   344 15980 11488  5836  4282  5020  5841 18970 13563]
4793,[ 7950  4013  7247  6537  7966 19548  6942  4071  6326 14104]
4794,[21950  5523 11182 15442  3040 23006  7617 22722 21977 22621]
4795,[17422 21979 13435  4654 20621  7699 21713 22673  5040 20862]
4796,[22958 19271 17186  8449 17212 21173   742 20206 13109 22034]
4797,[ 7628 12806  2687  2250  1264 20881 22700  3931 12159  2724]
4798,[10853  2237  7273 12485  7274 11982 10408   599 22449 13450]
4799,[10937 15870 16074 16315 12879 12318 16125 21031 15600 16372]
4800,[ 2830  5700  2502  4001  1698  1389   896 17992 19583 15290]
4801,[19451 19545  9772  7037  4924 17055 17887 20326 11629 20676]
4802,[  742  7801 21173 22034 16083 13109 17212  6212  8449  7723]
4803,[17125  6230  1227 12126  4069  2692 11519 17445   332 14752]
4804,[ 6237 16217 14765  4468  9146 19693 10353  8200 18190 19019]
4805,[16017  8218 19198  1051  4537 12718 18470  4669 19958 16524]
4806,[ 6279  4905   728 18902 19163  3074  8880  7199  1740  8530]
4807,[ 8816 18040 15739  7966  3198 21692  4071  9469 16705  6225]
4808,[22958 19271 17186  8449 17212 21173   742 20206 13109 22034]
4809,[19962 16908  6626 17843 12218  5495  2346  2185 22211  3952]
4810,[ 9483 19098 10787 22211 17783  2326 13082 12218 17180  9348]
4811,[22958 19271 17186  8449 17212 21173   742 20206 13109 22034]
4812,[  742 16083 14347 21474  6212 21147  9633  7801  6867 12822]
4813,[  742  9705 16083 13051 10991 21474  6212  7723 13109 21139]
4814,[ 7015 10989 10133 20158  1754  2722 20701  5031 16510 15362]
4815,[13375  2104  5472  5254 17802  1580  9377 19293  5844 10711]
4816,[21058 10166 17078 16568 13030 13859  2151  4049  7341 18367]
4817,[10945 12468  3914 20999 17630 13828  5992 14869 10033 22156]
4818,[ 8708  1702 10489 19064 12484  3198 13743  2329 22764 15923]
4819,[16726  1748 12475  1577 12975  8930 11820 18391  9922  1749]
4820,[20990 15663  5496  9368 12349  9358  2185 16696  9336  1069]
4821,[15777  4335  8504 14306 18858 19137 17168 22309  2547 11638]
4822,[19383  1941  2905  6942 13968  7985 18629  3020 19667  6689]
4823,[ 2185 13686 19244 10289  2346 22284 11643 14676 17714  9365]
4824,[10343  9325 12059 20625 16031  2699  2245 12349  8906 21037]
4825,[ 9146  2573  4642 11656 10428 12718 19019  8828 10425   888]
4826,[ 3428  2403 20606 19497  5573 10905  9778  7248 12153  2519]
4827,[20143  2236 20129 21211 11982 13684 12341  4779 21458  3435]
4828,[  742  7801 21173 22034 16083 13109 17212  6212  8449  7723]
4829,[11740 20149  1965  1966  3192  6715  6208  8833 19739  7550]
4830,[17445  3040  5523 21950 16880  7232  7951 15442 14034 19250]
4831,[ 5523 13044 15442  2722 14591  4529  8387  5471  7633  2840]
4832,[22958 19271 17186  8449 17212 21173   742 20206 13109 22034]
4833,[12420  6641 11298  2938 20282  9308 17120 22721 10370 15925]
4834,[20108  4892 13017 16757  2103 13955 16449 16347 16295 16193]
4835,[20149 19497  4978  7248 17296  6208  2609  4059 16263  4445]
4836,[16544 20149 18274 23014  8833  3212  5907  4986  7550 13563]
4837,[10680 15476  9510 11467  9225  6653 12833  1368 20679 16389]
4838,[16168  4512 12851  9907 19532  2714  8599 16020  6830 16296]
4839,[ 2606  1599 10897  6563  1484  4910  2986  3459  1380 19965]
4840,[17651 16274  4373  9392 21961 17767 14128 17825 16794  7819]
4841,[  742  7801 21173 22034 16083 13109 17212  6212  8449  7723]
4842,[13563 10770 12789 17059 20142  4445 13464 19242 21453 10388]
4843,[ 1162 20127 19500 10133 19316 16339 16135 13713  7179 21454]
4844,[ 6612  5729  6526 20601  6140  7837 14067  8693  2348 17122]
4845,[15029 19735  8068 15443 21348  3546 19101 20040  3701 10713]
4846,[21950  5523 15442 21977 11182 16676 20989 22722  1529  2840]
4847,[ 3441  7973 19565  9967  6225 14967 21458 18230 11167 19032]
4848,[18158 22721 22099  6591 20568  2938 11298 15925 17034  7025]
4849,[16207 17220 12816 21453 16135 16238 18060 13371 13793 16724]
4850,[19834  6698  7984 11161  5722 18763  8816 18272 15695 12832]
4851,[22958 19271 17186  8449 17212 21173   742 20206 13109 22034]
4852,[ 1201 11263 19765 15193 20485 16383 11724 15357 16457  2369]
4853,[ 7983  3677  2257  5769 17813  8900 22575 13298 21489  5003]
4854,[22958 19271 17186  8449 17212 21173   742 20206 13109 22034]
4855,[20715 12684 20258 12797 16329 15942  1965  9209 16347 16449]
4856,[ 3262  2405  7439  8085  8263 12159  2577  2282 18932 21710]
4857,[ 7525  8605 15596 15997  8662 20892  9695 15823 20964 16383]
4858,[19545 15064 13730  7388  4772 20327 13057  4359 17862  7597]
4859,[ 6854  8222  9902 18210 19316 13793  9700  7345 16333 23010]
4860,[15342 20203 16347 10252 12566  1966 13955   890  5031 10313]
4861,[14677 12112  5597  5493 14680  8023 12084 16692 17770  8545]
4862,[11119 21526 19925  8777 13155 11494 17859  8267 22939 19111]
4863,[17973  7439  6517 15944  9262 14307 17961  6061  7164  1096]
4864,[ 1773  4592  7235 14127  1009  6991  1966 21731 16061 20333]
4865,[20603 21803 17341  3649 10874  9141 19672 11158 10270 11360]
4866,[ 7578  7232 17254 20985 11273  4733   960 16871 15044  7951]
4867,[16449 16295 13017 16564 16347 18720  1683  8459 13955  8490]
4868,[ 2161  7700 12550 20272 10990 17013  8362  1556 21273 21868]
4869,[19739 16206 16551 14063  2313  7550  8833 22756 15342 11358]
4870,[12218   615  7407 16296 15667 16756 22211 17843 19227 16908]
4871,[ 7677  5407 15172 21308 11367 12073 16698  6233 18342  3670]
4872,[13207  9810 13545 12938 20741 15837  9132 16905 18847  9002]
4873,[ 2714 17068  8599  2346 16908 18627  9336 22211  9358  4689]
4874,[17362  1009  1254  7123 21690  5192 10674 22820 20333  1894]
4875,[13621 11236  7628 12159 11283 10628  6925  1939 11715 20608]
4876,[12792 20360 17291  7105 17931  7201 18460 20202 15616 16030]
4877,[16807 20149 16399 19826  6715 18434 16315  8829 16247  6208]
4878,[ 8752  7201  7070 16347  8299  5697 13800 21404 13955 16769]
4879,[21363 21184 21836 21736 19925 21437 22102 21139 20989 21374]
4880,[17965 15827 14033  4032  9133 11461  2406  2083  8197  9039]
4881,[14368 14045 11673   593 17116  3797  1955 10085 21189  9549]
4882,[20063 12717 17100 20621  7196 11101   746 21053 13963 13134]
4883,[11539 21938  2680 16030 11442  4648  4200 11123  1300 14320]
4884,[14072 10846  1965 20051 19633  8141 22296 18109 11955  7942]
4885,[18664  2064  4527 15966 10207 17077 16588 11358 12719 12576]
4886,[20316 13021 11993 20314 22554 16112  6883 20199  8839 13546]
4887,[ 4157  7554 13810  3375  2236  4717 13684  2025  1859  8683]
4888,[14092 15879 11734  5026  2917 15893 16553 15904  4366 12663]
4889,[16581 20149  3212 13864  8351 16757 17296 10855 20396 20527]
4890,[ 8560 11795  8214 16972 13628  3422 21873  8411 13275   922]
4891,[ 9904  3865 13526  4078 10945 21770 16782 15656   846 12468]
4892,[15271 12179 10106 22373 14359 20629  8472 13398  7806  4476]
4893,[ 1968  3082  8817 12369 13104 17245  7635  1018  4059   925]
4894,[20344  2716 16766  9325  8816 11426  9907  2714 19532 17773]
4895,[18089 11358 20701 17335  9799 13635 14063 22756  2313 11528]
4896,[14063  6928 20701 22684 16510 21453 22756 17103 10989 13635]
4897,[19308 14676  8827  5495 19185  9393 22211 21143 16644 19103]
4898,[19740 16705  3273 18602  3817  4216  9469 16724  1500  1975]
4899,[ 4692   662 13017  8490 16449 16307  1509 16295 16193  4132]
4900,[ 5810  2329  4717 14967 15531  7950 12797 11656  3374 19953]
4901,[13563 14063 10770  4445 20142 12789  4601 17059 13464 11358]
4902,[ 7447  2167  8000  5520  7490 17637 20351 17628 12199  5836]
4903,[16899 16639  8350  1247 22817  2608 20360 12792 19991  7617]
4904,[20669 13057  7388 15318  3942  4547 13443  5376  7291  6285]
4905,[ 1724 21819  1802  1445  2602 18046  6432 17313  2238 22148]
4906,[21803  1167 18322  1316  5874 19953 13459 19324  7247  7124]
4907,[ 7514 17245 21288  9518 17256 12562 22990  4892 11532 16227]
4908,[20360  7105 21060  7201 11020 21404  8752 19667  7015  8299]
4909,[22430  2316 22506 13007  6696 12124 21907   785  4477 20340]
4910,[20080  1866  1825 18997  5050 13647   784 10770  2083  9480]
4911,[20964  3029  7585 15632 15596 16295 16307 19369  3986 15342]
4912,[ 4689 11479 14065 17234 16908 12218 17843 21394 17714  3613]
4913,[10923 17714  1036 14065 17234  2717 20541  4689  3789 14408]
4914,[11751  6924 17820 14914 13486  5776  7598  4207  1827 14132]
4915,[16989  7247  9447  3375 18210 18602 13644 15746  9751  6607]
4916,[13986 17169 20596  1585  6326 18695  1545  8880  1440  7118]
4917,[15062  5630 20488  6362  9481 20798 19852 13926  5013 14340]
4918,[19588 19919 20493 15047 17995 16369 12716  7148 18852  7646]
4919,[17628 20088 11162 22595 20351 16775 11488  5841 14739 23028]
4920,[19690 12108 19353  6109 22506  4477  2116 16486 13090 16196]
4921,[15354  6335 22292  8471 21636 22459 21634 21051 14591  6229]
4922,[19867  2707 14205 12874 16289 13879 18313 16372 10393 11387]
4923,[ 5040  7738  2113  3175  4113  2810 21530 14998  6421  9471]
4924,[15401 21019 18473 20905  4917  1549  7504 10142  1616 21636]
4925,[17806  8971  2862 12608 12350  8377  4810 10412 18056 18591]
4926,[16789 13217 14318 22196 18142  7179 18684 18398 13968 15362]
4927,[11820 13118  1749 17372  2009 15501 19901 12975 16801 21851]
4928,[17064 23162 23055  6255 15302  1659 15442 18158 12248 21702]
4929,[14730  4093 19553 12104 18465  8000 14196  1143 22551  1661]
4930,[16498 16978  7975 20321  4664 20700  4193  4153 23041  1872]
4931,[ 5992  6459 22156 14943  5252 10344 14997  4468 16855  3978]
4932,[13098 16789  4904 18040 16534  1614 18230  6139  6655 20127]
4933,[20609 16154 21458 20653  9967 19962 15388 19198 15739 18230]
4934,[10977  5313 15904 16552  4727 19019  4728 19693 19565  5035]
4935,[  742  7801 21173 22034 16083 13109 17212  6212  8449  7723]
4936,[ 1227  3402 17915 14752 14739 23162  7329  4373 12333  8362]
4937,[ 7504 17077  1878 22148 10017  1875 11041  4527  2064  3874]
4938,[16295 20964  5052  5729  3029 16193 15632  1814  6526 16307]
4939,[16524  2021  4537 18642 16017  4689 17234  4200 11479  1051]
4940,[14997 16986 14875  2236  6947 15227 16855 19447  5865  7655]
4941,[ 5976 11775 10026 11258   859  2856 10909 21691 22159 10021]
4942,[ 3469 15239  1495 19299  8769  3392 19279  7241  4960  8070]
4943,[ 2447  5642 15782  3075  8432  4754 13290 14368 17249 11652]
4944,[16518 20790  5874  6261  8481 13039  8228 14257  7182 16440]
4945,[ 4982 13688  7355  9132 20817 16498 15770  3846 16028 20741]
4946,[16154  7973 13945  4763 13810 20788  5178  7546 20609 15388]
4947,[21530 19018  9604 11118 21440   921  1912  7991  8131 12332]
4948,[10119 16233  9732  7033 15406  7207 16544  8630 12798 13623]
4949,[17995 17746  7849  6247 20493 19702 13605  9659  8603 21496]
4950,[17378  2363 13700 12797 11459  9902 16639 17066 16802  7728]
4951,[ 3068 14605 10358 10331 15245  7080  2692 15252 10764  8051]
4952,[18446  3070 16898 13425  4320  8419 19149  1014 12148  8042]
4953,[18760  1966  2536 15651  3453  1254  6715 17152  9751  9469]
4954,[ 7462  5829  3332  8618  3376 10049  9997  8718 13867 16506]
4955,[ 4149 19672  7490 10270 17726 19133  5499  7124 11363  9734]
4956,[16399 15600 10937  1594 14205 16079  1596  8341 12645 16315]
4957,[15442 13044 22722  8953 22292   840  3095 23055 21950 22621]
4958,[17813 13298  5769  7213 11314  3677 21777  5003  7070 10473]
4959,[11418  8751 16960  5034 10101  2244 16850 20700  5001  3255]
4960,[19080 17772 10690 17763  9388 16792 17341 12130  5470 10343]
4961,[19535  3065  2007  2786 14933  1857 12111 20324 13621  1017]
4962,[ 3546 21930  9378 14024  3262  2417  5453 21367  9838  7575]
4963,[13041 21245 11231  6014  9546 19378 14904 12424  8519  5659]
4964,[18309 13075 20566 12426 11631  7294 14731 18687  7463  6585]
4965,[ 9320  7770 23002  9822 18968 19342 17647  4431  5409  6259]
4966,[16193 20203  7550 16510 16551 16426 15342 16206 22756 14063]
4967,[10153  4110 17449 20129 21458  3438 12729  8683  2314 18188]
4968,[ 1536  7145  1587 18444 16239  9993 10424  8631 10204 12478]
4969,[ 2030 21731  3074  5662  8758 20333 15655  1840 15319  9657]
4970,[17169  1695 10438 21052 22120  7118  2700  4884  1767 16792]
4971,[ 7975  1872 19250  1616  1023  1513 23041 21181 21966 14293]
4972,[10937 15656 16315 12697  5938 16125 10393 21620 16005  4157]
4973,[ 7118 13968  3055  6326  6942  8880  1941  3020 18432  7966]
4974,[ 1234 17106 18426  2244  1380  6563 14843 14734 12727  2890]
4975,[10285 16899  4248 21592 19941  1935  2167 19047 18603 17931]
4976,[ 8042 21363  1359  6796  9335  4203 21836 18240  8419  5833]
4977,[13945 13572  1334 19532 16522  7973  9907  9469  8816  6225]
4978,[10493 16345 16570 16266 10435 13141  4917 10142  1937  1593]
4979,[ 4391 19027 18705  6357 21862  7441 16273  9164 20713 18597]
4980,[21689 17381  6113  9903  7378 10164  8131 10333 11195  8100]
4981,[ 9549 16224  1790 10085 14581 14279 20897  3979 12463 16382]
4982,[14875 18430  7247 19447  4213  2236  5697 17319 15227  8591]
4983,[18402 13475 19192 20606  5415 15316 17299 13729 20943  8079]
4984,[17066 22960 18109 18328  8082  3402  3982 19680  7434 18088]
4985,[18088 17859  2916 19925 10259 10680  6678 10842 10789 16043]
4986,[15600 16372 15823 12798 13168 16247  2707 18313  1596  1594]
4987,[ 1560  2692 15477 17391 22320  1074 20290 11086  3040  6230]
4988,[21437 21363 21186 21374 19250 22102 21184 22713 21298 21836]
4989,[20906  1638  4055 14591  7293 22808 17246  7837  5729 11774]
4990,[12576 13969  1143  1348  9820   892  9480 12101  4969  3874]
4991,[ 1746 14869 11281  3246  3411  3712 20684 22146 11113  3589]
4992,[17615 14201 13316 20945  3856 13535 16018 15803  1974  2472]
4993,[ 7188 20324  7201 10859 10285  9647  8771  2745 23093 19295]
4994,[11378  1557  9132  3422 10963 14005 20700 11254 11017 18473]
4995,[ 2176 21137  8185 13968  1578   765  1730 22118 12336 10438]
4996,[10071  2529 13994  7514 15746 10946  5622  5907  7928 18576]
4997,[18433  8617 16807 16399 12710  9603 16412  8397 16247 15600]
4998,[14063 17317 21453  7550 16564  7928  7400 16135 12789 13793]
4999,[13704 18819 16947 10238 10004 10918  1181  9601 16803  1523]
5000,[ 7928  9799 22764   892  4969 16139 16044 22588 12991 17037]
5001,[ 8618  3858  8432 17880   785 13007 20208 10391  5026  3862]
5002,[13140 11508  6091  9072 15943 12955 16266 15796 18425 16317]
5003,[ 4892  8649  6771  2729 14790 18886 20485  3859 16544 16383]
5004,[16371  8343 16113 13879 13253  7180 16069  4870 21443  6117]
5005,[ 5600  2943 18457 17206 16568  8840 10713 12135 17832 21348]
5006,[ 4477  3079 11244 22430 21211  3435  2116  6771 18463  1859]
5007,[10071  2077  5622  7514 20701  9799  4969 17245  1683 22036]
5008,[14875 16986  7602  4776 14997 18430 19447 13555  9751 16855]
5009,[ 8914  5600 18457  6438  5453 23062  5196  5864  6684 13374]
5010,[ 4132  1509 10473 10468  9055 13532   662  1684  1600  8197]
5011,[16510 12789 22756 13371 19242  2695 15342 20701 16426  6928]
5012,[15388 17843  2714 16296  1550  2236 12218 10739 15739  9907]
5013,[  711  6176 20787  7234 16346  3873 20890  3395 16329 12874]
5014,[19250 23162  3040 15252  7378  6230 21147  5523  6001 17927]
5015,[ 7329  9555  6258  7633 17152  6335 16586 21180 14591 22820]
5016,[ 3192  4059 19548 15342 20203  1608  2695  6208 19739  2609]
5017,[22478 14024  7575 21930 15435  8840 10786  3262  8826  2282]
5018,[ 1009  7581 11010  3453  1608   344 10996 19283  8490 16422]
5019,[19962 20129 21211  9814  7622  3435 12218 16296 15739  5690]
5020,[13948  3435 21211 13877 18764  2705  8828  2237 10522 16328]
5021,[19571 12694  5236 17750 19705  1466  2289 19655  6675 21853]
5022,[ 7167  3533  5477 12116 15080 19115 14599  8060 17775  9338]
5023,[20242 10865 19021 13792 16001 20337 22520 14022  9670 20675]
5024,[10923 17714  1864 14408 12507 10494  1036  1013  1575  5412]
5025,[ 2245 10739  6672  3198 11740  1285 15739 19602 10690 16685]
5026,[10989  4878 16135 17103  8459  1696  7756 10133 15937 14063]
5027,[ 7158  4322 15226  6813 11162 14741 10294 15176  4554 22653]
5028,[ 4200 11740  3631  5461  7558 19036  9388 19864 21630 11723]
5029,[21299 17778   708 12084  7512 19247 18317  1146  8008 14412]
5030,[15904 19019 10977 20192 13015 12718 13810  9146  2573 20986]
5031,[10248  4609 14105 16974  7701 10687 19947 17270 17575  2405]
5032,[13039 18995 13743 16440 16103 16705  7180 16393 16021 13253]
5033,[ 6539  1685  5461  9358 16941  2941 17068 16542 14412  4959]
5034,[20149 13017  8833 12945  7550  6208 10388  4059 16193  3212]
5035,[15904 15601  4157 14330 22115 10945 13082 10977 15656  4078]
5036,[ 6960  2431 17116  6312 14187  7480  7255 22723 11382  9091]
5037,[ 2870  7801 17532  8137  4459 16862 13287 18138 22469  9944]
5038,[15700  8579  7074 20391 11362  7670 23022  5335 10834  9895]
5039,[18317  9895 19247 15717 14412  1112 22321 17514 17264 21337]
5040,[10777 16402  2064  7472 22452 16207 13623 22684 13017 13371]
5041,[16544 16347  5736 16757 16193 16820 16285 16208  8833 11100]
5042,[15335  1526 11302 20826  2441 17209 21723   627 11491 17198]
5043,[19281  9404 14575 18051  2609  2508  5573 19012 11025  7247]
5044,[ 9110 12483 13574  2583  1754  1730  1729 17983 10133 22391]
5045,[ 8987 16044  5655  7756  7400 16820  9751  3089 18060 19548]
5046,[21323  5814  2024 23071 13806  9225 23036 20113 21804 20591]
5047,[20192 19693  1691  1506 19019 13015  4728 12499  4737 18188]
5048,[18143 20587 12861 21685 11310  3864  2559 15870  2564 21560]
5049,[ 9824 22753 14033 10510 22614 10119 13623  9039 12590  4032]
5050,[13727  8900  4200  2684  7983  3462  4669 20498  2257 12544]
5051,[ 3055  7756 19349 11022  3087 21952  1608  2662  1696  8459]
5052,[ 4967  5420 15683  2161  9804  1022  3151 22990  5334  9011]
5053,[ 1853  1854  5844 14104 20193  9971 10761  8591 15227 13375]
5054,[20990 21394 12029 21304 16696  3613 17293 11169  3695  3123]
5055,[ 7973  4669  2630  6225 12285  1392  9967  6704  4757 18899]
5056,[ 1270 10165 13425  3810 11144 22830  5566 12644 13501 12159]
5057,[ 1552  1548  1583 14268  3132 17440  1438  2999 16339 13509]
5058,[12850  3805  5942  8935 13523 14457 17839 11232 11621  7017]
5059,[19876 14579  9450  4964 14361  3460 10136 13913 17387 14337]
5060,[21161  2386 19208 14704 10368 15789  2321 15242 12047  8360]
5061,[ 6829 20623 13169  8860 16989  3631  4213 13951 20297 17310]
5062,[ 5520 22052 17059  5836 16775  7447  1435 21871  2695  1661]
5063,[ 9240  6176 16603 21787 20488 10784 12216 19448 15250 20375]
5064,[17864 22113 17120 15188 15611 21459 14863 20595 20862 14849]
5065,[22115 13082 18612   846 10623 14943 22117  5178 15904  6459]
5066,[ 8560 19022  9509  9739  6781  2402 15022 20059   922 10963]
5067,[14997 13577 13684 16855  8992 18190 21344  3728 13910 22479]
5068,[ 9164  9020  9549 12995 21732 18758  9333  8531  8092 17249]
5069,[17449  6921 14466 20925 10236  5976  4110 16261  1181  6139]
5070,[18246  5031 10252  8663 12501 17350  9055  4051  6972  8873]
5071,[ 2699 10343 19302 13986 12059 20344 19210  9325 21375  2667]
5072,[14063 13563 16193  7207 16551 21453 16510 15342 20964 22756]
5073,[20237 16074 16315 18143 12010  7279 10937 12468 21031 19811]
5074,[10622  5769  7070 17813  2508 20171  3677 21777 13621 16030]
5075,[19605 17198  8267 21303 10628 20826 12159  3931  5558  2014]
5076,[  711  6176  7942 16010 12775 20787  7824 18554 16227  9732]
5077,[  875 21348 19603  3699   624  5196  7710 10713 19227 17832]
5078,[16908 13394 12218 22211  9336 14676  9348 17068  2185  5882]
5079,[ 1435 21871 10762  3668  2609  9367  1279  7791  5836 12199]
5080,[17394 18166 21348  2448  8840 20070 18456 19603 20668  6021]
5081,[20701 19548  3192 22551 16930  4445   890  2313 16510 16551]
5082,[22284  6094  1036 10365 12106   900  2717 20016  3244 10147]
5083,[ 8324  8162  6438  8989  9735  9730  6281 13057  5453  7341]
5084,[19004 13402 18051  2508  9742 19765 11040 13800 10252 22506]
5085,[ 1975 18602 19565 16724  3273 15923 18995 20418 20192 18997]
5086,[20561 13145 14982 16801 10286  9922  3017  6922  9929 12858]
5087,[13470  4427 11038 21843 13628 15290  2689  2633 11761  3422]
5088,[22756 20701 16510 19940 10989 12648 22036  4051 17077 14063]
5089,[20668 10263  2053 21898 15577 22359  4318 20713 10808 21840]
5090,[16225 10304  1183 12460  4575 19002 13032  7218  3390 10490]
5091,[17335 13585 17988  4051 20701  1941 13793  4836 18210   890]
5092,[11358  2313 19940 13635 19242 22756 20701 16510  1135 17059]
5093,[ 4110 21458  3438 12729 18188 13859 19198  2151 20129  3441]
5094,[20664  7885 10393 22609 10937  5048 12874 14205 14323  5039]
5095,[17220 16238 16207 22452 11425 14428 16069 15923 16333 16724]
5096,[ 2695 12789 19548  4445  8927   890  4601 15342 20142 19242]
5097,[22616 10151 18057  8663   808  6210  5973  1528 19451  4987]
5098,[13862 22093  6734 21073  2139  8964 20841 10597  4349  6982]
5099,[ 9279  3415 14144 22834  9778  4185 14559 12108  7548 19147]
5100,[13435 15696  6586  2628 20621  3090 13470 12557 15022   594]
5101,[14190 15442  5523 22477  1043  3173 21950  2635 13749 19018]
5102,[ 3072  5690 17448 22478  9383  4990 11516 18932 18008  3262]
5103,[10365 21489 13401 16791 15721 11123 10035  1994 20016 19104]
5104,[13555  4776  5826 12781  1030 13929  5844 15227 14996 19153]
5105,[20142 10770 12789 11358 12234 22588  9789  4601 13969 17059]
5106,[17871 19693 19620  4670 20143 20609 12734  9935  8088 11734]
5107,[16207 16333 14428 17220 13371  8401  7207 20964  1814 13793]
5108,[ 2346 19198 18470 20541  5412 17234  2185 14065 20762  8599]
5109,[ 2174 17213 18004  7388  4359  4169 19545  4915  7597  1482]
5110,[19830 14128 15516  3014 17114 16274  9920 21017 10969 19684]
5111,[19556 18646  3386 19641 20257   846 20999  5247 16826  3411]
5112,[15695 17813  2257  5003  5769 13298 12480  1332  3800  2544]
5113,[ 1206 10236  2052  6080 11673  8522  5976  5230 21923  6803]
5114,[11463 12535  2824  6117 16437 13611  1937 16036 16802  3965]
5115,[ 1857 10896  2709 19831 19004 11312 14056 18507 18362 20324]
5116,[17445  3040  9121 20550  3122 17125 13749  6744 16880  3222]
5117,[18070 17037 16135 18926 14541  5653   765 13585 12991  2147]
5118,[18577 18974  1069 18729 17763  1926 12131  1423  4757 13116]
5119,[ 8303 22944 18123 10553 19673 17973  9640 20029 10646 11170]
5120,[17157 10294 13372   849 18356  7521  1701 22949 15980 10076]
5121,[14457 11507 14051 22946  4675 13082 16883 10573 20713 10977]
5122,[11479 17234  2701  2714  2716  4689 10217 13985  2476  3695]
5123,[ 5178 10344 13082  3978 18612 19679 16858 10623 17843 13810]
5124,[19989 16510 10293  3986  2381 20701  2695 22756 10996  7080]
5125,[20964  1814 15596 16546 13017  8662  1608 10313 13955  3986]
5126,[20153  2103  4892 13017  3850  2369 20485  4224  3851 12797]
5127,[22391 12479  4529 11314  2340 11023  7015 20360 12098  1016]
5128,[ 4969 10938 12924  7243 22036 12789 15746 16205  9799  9751]
5129,[23071 21981  2207 12863 22641  1940 10118 13078 16317 16266]
5130,[ 9432 14858 16241 15798 10664  4870 12701 20053  8714 10285]
5131,[22115 18612 13082 10791 10834 22117  4775   615 18606  4675]
5132,[10839 22918 10573 10781 10802  2942 10791 11988 10977   846]
5133,[17990 13590  6259 11593 15125  5826  6666  3359 15630 19342]
5134,[ 7713 21833  2286  2940 13072 22048 14769 19758 20211 21764]
5135,[ 6933 22689 15056 12213 10356  2763  9059  7805 11807  4194]
5136,[  888  5412 16908  7721 10217 19962 12218 20541  2346 18627]
5137,[19673 19113  2393  8840 21907 19224 11264 20070  8068  8367]
5138,[12975  3017  7659 21851  1749 11820 15506 12305 10472 19932]
5139,[17445  2594 22037  1132 14034  3044 15252 14465  9840 13034]
5140,[ 9302  5987 20775  2593  7489  9130 22984 13996  5530 18137]
5141,[16564  7550 16426 17317  7928 13532 18684 17245 13464 14063]
5142,[20880  2382 19831  2314 21774  2705 16851 10408 17055 11629]
5143,[10529  2824  9839 17257 19162  6526  1132 11745 17122 16556]
5144,[ 7885 16233 15930  3807  8539 10520 22026 15806 14205  9209]
5145,[ 4969  9799   892  7928 13994 15746 22269  3082 10071 10938]
5146,[16506  4158 16130 19867 16315 13879 20756 15308 16021 16289]
5147,[15356 15357 19281 18970 19447 10673 11874  5993  5841  9828]
5148,[ 5930  3117 12694  2080  8757  5228 21214 15334  6972  3760]
5149,[10622  3437 21938  6446  2680  4200 14320  8299  2077 11442]
5150,[19951  7827  9944  7722  2014 10911 15078 12417 20056 18155]
5151,[ 4045 19552  6229  5573 10870 22667  6259 13611  4913 10673]
5152,[11863 18492  2961  1600  8490  1374 18189 14231  6363  2919]
5153,[18546 17727  4213  9883 19447  8992 15073 18430  5826 13169]
5154,[ 2707 16289 16372 15908 16315  3270  5039 16399 14205 15656]
5155,[10147 12060 17762 16076  1854 22211  6672  9383  6003  1013]
5156,[ 1967 18109  1488 17519 10776  4524 18393 16241 10151 17880]
5157,[15442  5523  5471 23162 15539 23055  4373  8000  6001  2560]
5158,[11656 14330 22800 16168  7828 15049  9123 22523 16883   615]
5159,[ 7183 16521 18894 11530  7079  4729  5884 20269  5645 16391]
5160,[ 1930  6255 19250 23144 19711 20932  9002 23162 17064 14849]
5161,[16207 14428 16371  8668 16333  3029 12945 13955 13879 16036]
5162,[ 7490 23028  7447 15080 12153  5841  5573  5254 14878 11396]
5163,[19739 16551 16206 22756  7550  8833 14063  4059  4445 15342]
5164,[17813  2257  5769 13298  5003 12480 15695  2544  1576 11161]
5165,[16103 16518 16341 20790 16440 16393 11313  7068 13039 16517]
5166,[ 8584  6042  5808  9902  8117  4313 17519  4870  5355  9163]
5167,[11015  5722 14320  4400 21489  2257 17813 16769  1924  6446]
5168,[ 4109 20684 12005 13453 15766  4580 10315 21862 12521  4650]
5169,[14972 15058 15286  5323  3392 17087 13658 13834 12917 15487]
5170,[13082  3947 10977 19327 16883 10993  2942 10623 11507  9752]
5171,[ 9613 20613 16748  6371 22219 20018  8207  8386  4560  5765]
5172,[19977 20895 20609 11223 18460 10353 18040  3916  9935  4972]
5173,[ 3728 17748  9000  4800  5178 22276  4763  3374 16154  7973]
5174,[ 9931 12796 20059 11344 17570  2626 19838  8859 23000 10103]
5175,[ 4110 20484  4737 18738  1924 15995 17449  4904 17291 21458]
5176,[ 7015  8953 11100 12501  5031  4093  2340 20360 15362  6972]
5177,[21950 11182 21184 22292 22621 23006 22102 20989 12087 21186]
5178,[ 4978 17059  4445 17296 22551  9404 19242  3192  4601  4527]
5179,[ 3029 12501 13955 16193 16295  1247  4051 16347 16757 13017]
5180,[22099 22721  6591 18158  7846 20568  2938  6641 23144 20282]
5181,[ 7202 14144  1595  5448  4163 19978 16121 10844  2681 10296]
5182,[ 5489  9334 18763  3455  5488  5222 22997 18272 19127 14531]
5183,[10343 17748  2245  1854 10690  4858 12946  9937 11751 19579]
5184,[ 6643  6947  5451  9358 17843  2714 19962  9336 18115 20366]
5185,[20145  1332 19679 11454  9935  4446  1055 18695 20596  7069]
5186,[18492  1600 12480  8490 22719 10473 10468  7015 17313 11863]
5187,[22830 17874 10687 10651  3259  5308 20700 17248 17641 23101]
5188,[ 4461 17515  3383  7808 11286  9334  5222 22997 12882  5488]
5189,[21426 17775  2939  9338  4986 18859  3606 19176  5456 21513]
5190,[ 6778 14223 16960  7728 17378 16534 10105  2363 18217  2526]
5191,[ 7068 15600 13039  7525 18425 12874 16372 14205  1594 22049]
5192,[ 4166 16247  9141 16399  8783  3735 22614  6725 22753  9469]
5193,[ 4675  5942  5751  4179 22946 19843 10808  8966 10747 16822]
5194,[13116 22575 20344 13986  2684  1305 23146  7768  1576  7983]
5195,[16273 12492 13811 18705  7441  5142 20713 22359  9549 10808]
5196,[ 2709 20324 11223  7201 11312 18362  7188 14056 17871  2314]
5197,[ 2104  1274  4399 17364  6309 12789 10699  1660  7247 20142]
5198,[ 3332 10151 18764  8768   808 14193  9997 22616 10653 17066]
5199,[17193  3212 10473 13924 13969  4051 12501 12576 17367  9055]
5200,[ 1730 18360  1729  8185 22391 11109  1669 16686 10500  2826]
5201,[12543  7939  1016 18387  2947 21214 12984  7163  8641 17246]
5202,[22117  3429  5480  7069 14943 12851 19532  2714  4693 11008]
5203,[ 8026 21360 10086 11288 11186 12114 10183 12127  5195 12063]
5204,[ 2619 10358 14605  3870  9377  5573 12529 19349 17152 17227]
5205,[12066 12204  9353  7490  5841 13400  3533  7447 17819 15080]
5206,[14090 20898  4695  3082  9732  4177  1968  7033  1486  4986]
5207,[14676 12218 16908 22211 16296  1110  5429  9348 17783 19288]
5208,[ 2714 22211 18115 12178  4858 19532 10633  9907  9325  7768]
5209,[ 5918 10412  6617 14031 10346 14110 19738  8562 12388 22747]
5210,[12505  2257 11736 14937 13052 11015  1305 15695  7586  5003]
5211,[16372 12874 15600  2707  7525 16399 14205 13039 13879 18313]
5212,[14602  8530  6315  7822  2940  6316  1740 19672  3385 11363]
5213,[ 2695 12789 20142  4836 17059  4445  9514  7080 14739 19548]
5214,[10430   924 20665  1557  1716 10421  6586 17056  2622  8258]
5215,[19673  9762  1955 22496  2959 21813  2393  4915  2732  5469]
5216,[22024  2402  2457 17015  3003 19201 16777  1344  5669 10244]
5217,[19080  2936 13375 19293 21426 17821  3335 12028 13584 12149]
5218,[ 2736 20546 22211 18115 12178  2716 11169 11426  9325  4518]
5219,[18879 10005 18476 22789 13413 14567 17937 21840  4675 10834]
5220,[ 5826 12695 23021 18546  7243 21704 19222 18657 10743 12636]
5221,[20056 14735 20060  8681  6233  6904 22691 14703 15699  2380]
5222,[10529 12535 14472 17122  2824  9839   843  4481  1132 16092]
5223,[13974 11259 17198  9516  1526  2994  2400 15335 20826  4054]
5224,[13401  2709 12111  1857 11935  1442  1331  1990 19654 16205]
5225,[ 9067 23080 17519  3862  8162  3851 22430  4550 23149  5362]
5226,[12499  4737  4669   868 20484 12729  1567  4110 18507  6422]
5227,[15739  3198  1567  4940  4669 12484   868 21458  6607 13717]
5228,[13937  9752  8993 13957  7426  4512 13082 11507 21720   846]
5229,[21143 19185 17928  5429 15667  3700 16696 20990 12029  9393]
5230,[21765  9483 22097 21654  2326  1864 19579  6794 21255 13937]
5231,[10148 20369 11759 11775  7012 13443  8533 15454 17900  4360]
5232,[ 1305  7768 13986 20344  7780 22575 13116  2684  1576  2233]
5233,[ 6561 22111 10687  3851 16486 15055  6948 13706  2241  7767]
5234,[ 7808 11286 22997 17515 19629  5222 13055 14531 18763 11867]
5235,[ 6367 21723 22995  2862 11491  5367  1216  9602  8702 14358]
5236,[12475  1577 16726 18391 12975  1748  8930  1749 12305  8456]
5237,[16806  7995  5695  3014  6918  7594 17303 19037 10304 18631]
5238,[ 9483  1864  2326 10343 22097 10467 17753  9907 10633 14408]
5239,[19283  5836 16686  8185  7796  2176 18148  3211  1435 10762]
5240,[ 2716 10289  2714  2701 19244  4249 16756 17714 16908 14065]
5241,[ 9739 11795 21865 17690 11195 19614  6337 14329 21999  4664]
5242,[10977  4727 16552  4728 19019  1506  5313  8791 15904   651]
5243,[ 2257 12505 14937 11161 11736  5722 13052 12832  6698 21149]
5244,[22721  6591 20568 17034  7025 11298 17120 15925 18158 14849]
5245,[11169  5132  1036  2717 17234 17293 21394  2736 14408  3613]
5246,[18123 18582  6118  9640  7471 18100  8303 22784 16529 20040]
5247,[16792 17763 20414 13116 17131 15174 19080 21607  8074 13375]
5248,[ 7105 18460  9935 16030 20596 11223 11454  1692  3916 16769]
5249,[ 5826 17348  9253 19222 19157 15662 10479 21810 14870 16855]
5250,[20189 23053 11064 10911  1986  4921 11797 15078 21787 12417]
5251,[10289 18507  9860 12734 16791  2346  9433  2185 12499 16030]
5252,[21394 21304  2701  2714 10690 12178  2716 22211  3695  3613]
5253,[ 1583  1548 14375  6193 18389 20540  2812  1600  6941  6226]
5254,[ 2714  2716 11643 19244 22211  7069 19532 17782 12178 15721]
5255,[ 7207 16233 13017 10520 15930 20606 10119 15998  7248 14205]
5256,[12636 22298 13616  7723  9822  1890 17547  3402  6259  8082]
5257,[10343  2245  1854 10690  4858 12130 20193 12120 17748  2699]
5258,[14769 15971  3654  1902 21685 15081 11513 13060 19208 19086]
5259,[ 8088 14439 22370 21949  6259 13155  9447 14021 15446 18040]
5260,[ 1916 21466 19822   791 15454 16224  4915  3797  1790 14308]
5261,[17391 10025 11424  7059 14200  1359 11118 16695 14128 22320]
5262,[14158  1661 12648 10293  2671 19940  1683 16510  4884 10204]
5263,[20881  6796  7628 10301  7991  2598  2014  2100  6863  2687]
5264,[15904  3728  5178 10623 22276 22706  3374 11656 14967  9146]
5265,[14769 15724 14245 20348 16074 21793  6583 20315 14926 14763]
5266,[10522 22761  2331 16791  2726  9730 11629  1181 22054 20961]
5267,[19198 16554 20698  6225 16858 20762 16552 18470  8218 12718]
5268,[12112 14677  8023  9867 17775 17770 22679 12084 21426 12137]
5269,[11161  6698 18272 12544 14937  5489  5551  7984  2257  9334]
5270,[10472 17289 12305 18391  3017  9835 16971 21851 17022  3135]
5271,[16639 22667  8485 13011  2824 19162 15446  4036 16802  2905]
5272,[22820 22350 18387 11034 22353 21214 20794  2947 17199  3074]
5273,[ 2701  2716  5460  4249 22575  2476  2714 16188 16296  1571]
5274,[ 6250 13162 23160 20879 20816 12551  2314  9772 16768  3412]
5275,[10425 22946 13082   615 10418 16883 10747  7407  8828 17180]
5276,[ 4429 10190 17767  4373 19018 21440 17825  9392 13606  7991]
5277,[15087  1661  8368  1536  1773  1700  1227  3453 21731 20522]
5278,[22721  6591 20568 17034  7025 11298 17120 15925 18158 14849]
5279,[ 3402 22960  4476 21065   682 15108  9163  2117  2890 21273]
5280,[ 2007 19535  4425  2709 15165 11464 22873 17086 13621 10859]
5281,[10147  3705 22211  9483  9349 19298  1864 17753 21012  2326]
5282,[ 9002 21181 10431  4917  4792 22416 11252 10475 13849  3155]
5283,[21803 17273  3649 15930 15357  3453 13987  1594 21281   663]
5284,[22637 14986 15034 19843 15402  6631 15079  9531   653  9706]
5285,[ 1943  5484  5486  7073 12244  5480  5482 14943  5436 22117]
5286,[12112 14677 17775 22801  5456  9867 16703 12795  9865  5482]
5287,[18087  4315  9241 19983 18020  6671 19659 13948 19452 19631]
5288,[16930 22551  4445 11358 16425 20701  4601  4093  3192  8927]
5289,[ 5412 20698 16554 19019  8791 10494 17914 20762  1506 14065]
5290,[ 6689 20677  1702  7810  6942 10275 20788  1552 18995  1500]
5291,[  691  5566  9335  1359  1658  6172  5558 10259 13425 16716]
5292,[21907  9559  7575  9378 17086  3262 10786 22450  6069  5453]
5293,[14997 22156 16855 16986 13684 22117  1943 14943  8591 13555]
5294,[23055  1659  3459 19018 12248  4373 15539  1912  1362 12448]
5295,[ 9388  8074  2684  9321 19842  1374 16792  9325 20498 16031]
5296,[19064 14875  5697 13104 22764  8708  7602 21803  7661  7247]
5297,[18733  9133  9055 16425 13635  1564  1767  8197  1256 22588]
5298,[13375  2936 19080 19293  1279 12028 12130 10695  2551  5020]
5299,[15823 15632  7246  7019 12798  7472  7207 10119  9695 16292]
5300,[ 4132  7787 18372 21607 11461 22120 15827  3451 19080 11360]
5301,[19811 11513 21685 15809  2194 16075 10773 14179 16202 16074]
5302,[14466 18057  4904 16496 22400 16249  4544 20308 18398 15616]
5303,[22115 14330 13082   846  5696  5679 18612  5247 17630 22156]
5304,[12754  6943  6586  8436 17422  8859 21713  4654  7699 16313]
5305,[10770 13464 21052 20142 12234  4445 13563  2019 11740 21630]
5306,[22113 15252 16733 19250 21459  2427 17064  2986 21966 15044]
5307,[ 8816 19532 13727  2733 16524 16168 14065 17714  4512  4779]
5308,[15342 20964  7550 16193 20203 16510  1608 14063 16551 13371]
5309,[ 4972  4132 16705  9469 20258 16247 16422  1509  2310 20895]
5310,[ 9141 16569 16233 19740  8351 22507  4166 19953 16289 16247]
5311,[ 1509 15942  8490 12945 16437 16449 13017 13120 19941  4692]
5312,[10229  1680  8286  6309 14376 17362  7123 19866  6246 20625]
5313,[ 4601 12483 17059 12789 12991 11109 19242  9514 20835 20142]
5314,[22792 19455 15361 12781 13758 14533  9828 14454  3401 20197]
5315,[17169  1702 16334 16522 18997  4013  4671  6942 13945  7973]
5316,[19641 22489  7011 14539 14567 11107 18093  8731 22789 14400]
5317,[21581 21423  2017 20102  7787 19865   663  1279  2551 19241]
5318,[22946 10834   846 13082 10425 10839 10791 11507 21182 22115]
5319,[20551  9623 18679 20781  9378  3989  4049  4359  4690  9337]
5320,[20756  8351 13149 16321 16581  4158 12231  4032 18995 18313]
5321,[16196 11959  5813 10151  6991  1629 14559 16113 18109 22616]
5322,[18824 16824  2610  4177  3146  9055 14231 10468 13924  6941]
5323,[13039 16440 16518 13879 16103 16553 20664 18995  4717 15600]
5324,[ 6849  7426 22996 15904  9814 10432 20789 11551 10193  3374]
5325,[22801  9865  5485 11503 11447 12112  5482  5845 12137 19085]
5326,[10251  4942  8757  9138 16947  9945 18567 10224  7309 18426]
5327,[10858  6889 15490  3979  4615 16793 21335  1019  1971 12106]
5328,[ 9325 11501 17773 12178 16685 20193  7755 12059 17753  2716]
5329,[ 6796 20881 21746 12439  7991 18223 22818  2687  6280  8612]
5330,[18760  2905 19349 15651 16347 18902  8927 21952  9751 21069]
5331,[13584 19080 13375  2936 12028 21426 19293 10695 10343  1854]
5332,[ 3462 19127  8900  5551 12544  5489  3455  5488  9334 18272]
5333,[ 1536  1135 18684 17077  4884  1564  2238  1875 22684  1878]
5334,[ 3851 17519  9067  3850 13706 10830  5362  7767 20153 19451]
5335,[18492  1600 12480 10473 18389 22719  6363  2919 17313  7213]
5336,[18340  8000 15302  1171 19053  2986  8387  5047   787 16392]
5337,[10293 19989 20993 10277 16510  2381 11358 12648 16551 10989]
5338,[ 3055 14063 19349 21453 16564  7118 16820  4884 20142  7550]
5339,[22721  6591 20568 17034  7025 11298 17120 15925 18158 14849]
5340,[14273 21404  2609  3192  7015  2544  8299 10763  7070  2110]
5341,[10229  8286  1680  6309 14376 12121  7123 17362 20625 19866]
5342,[ 5411 11424 13831  9555 12833 17651  7723 18968 19342 17647]
5343,[16110 18602  8218  9469 20396 21683 16017 14033  4032 16858]
5344,[13743  4366 18214 16705 21683  8176 10965 22196 12797  2339]
5345,[ 9316  2371 13820 11867 10487 19041 16831 19834  8993 17515]
5346,[ 5655  9469 11313 13039 20396  3735 16139  8822  6849  6715]
5347,[10431 10430 10466 10421 14716 13688  4888 11376 13560 10474]
5348,[ 4424  2729  6210 16021  1235  4870  8343 20215 16440 13039]
5349,[13644  6921 17268 17442 10685 11982  6607 19032 18230 13260]
5350,[ 8375  4400 16217  4648  6446  6776  9693  6911 17886 15818]
5351,[ 6365 11552 20290 17114  9686 13463  5040 12257  7378   290]
5352,[14273  3192 21404  3087  2544  1684  7015  2110  8299 17970]
5353,[20898  8452  8752 10622  1826  9742  2544 13830 14273  2519]
5354,[ 5451  5493 12061  4563 13686  2185 22284 17068  2346 13394]
5355,[ 8131 20950  2635 23151 11490 11195  9505 22713 14251  1912]
5356,[ 8832  6719 22746  3392  5408  3079  9979 17867 22705 15971]
5357,[ 1536 10150 19940 22391  4884 14158  1729 17077  1135  1661]
5358,[23124  9719 16045  6644  9574 15511 22293 20813  9627 13032]
5359,[16542 12681  5449 17778  5590 21389  3679  1082  7805 17282]
5360,[13924  3035 12151 13830 20898  4356  5456 21426  8085 20051]
5361,[17396 19763 13912  6883 11624 18597 16421  9164 20319  4391]
5362,[  808 15927 19224 11788 19831 18764 12304  3120 15856 10616]
5363,[ 4924 19831 13057 19224  3120 19545 20676  8556  2417 20025]
5364,[13458 13964 13828 15253 14245  8769  7449 21359  6036  7242]
5365,[ 3049 14814  8617 16247 17748  4158 15854 12490 15489 13168]
5366,[ 8218 12718 16154  6849 16522  8617  9469 20418 16705  3817]
5367,[ 3845 12792  4904 17291  4737  7188  7105 20484 15616 16639]
5368,[14844 12179 18673 12794  2753 16226  2014 20292 21850  4700]
5369,[22391  3335  1587 21581  9407 10692  1639 21976  1826 10996]
5370,[16135  4878 10133 14928 12816 16339 10989 12483 22452  3020]
5371,[ 3856 17615 21560  9474  8731  6887  3237 14201 13404 15365]
5372,[13964  6036 12229 21355  5714 21359 21358 15791 14677  5666]
5373,[22265 14907  2624 12104  7840 14130 17342 18465 18567 18970]
5374,[ 5600 13401  2709  2417  9058 11935  9582 15076  1857  5196]
5375,[21359  5666  7271 12861 21355 21358 13964 21927  9865 15253]
5376,[ 3874  4527 13043 13969  1135  1647  2065 11041  2383  1878]
5377,[16307 18356  2244  4402 17915 12620  8125 16476 18246   307]
5378,[ 3631 19012  7558  4200 15073 19548  6607  2508 13994 17763]
5379,[ 7235  9689 12562  4231  8617  4519  1395  8539 10078  9657]
5380,[10343  2245 17748 19579  1854 21765 10690  4858 12946  9937]
5381,[ 9903 15251 22151 18138 17042 19117 22153 14724 15028 14921]
5382,[  981 22034  8128 17063 18077 12365   740  7578 19595 12543]
5383,[16930  4445 22551  3192 16510  2695 20701 15771   890 11358]
5384,[ 8299  6972 20171  4940 10400 13798  2705 11442  3353  4831]
5385,[17077 10989  1878 20701 19940 10293 10277 16510 11358 22756]
5386,[ 4349  9074  6216 12920 19027  7541 15365  3743 15285  6834]
5387,[16317 16341  7182  2207  6091  6261 18425 20790 16291 12955]
5388,[10783 11564 13869  3947 20572 20257 14092 12301 13829  5026]
5389,[19383 20747 12336  1941  7212  4528   881  9692  1717   765]
5390,[ 3401  7598 15941 19348 15766  8973 19633 16460 10110 21387]
5391,[ 1576  7213  1656 17105 13629  4884  1669  1695 18360 21052]
5392,[21512  9353 22007 21261  2551 21513 16683 10086  1944  7577]
5393,[ 7976  9132  4982 16132 11745 12787 14465 20601  3419   307]
5394,[18763 19629 14531 10707  5222 22997 11286  7808  5489 15695]
5395,[10343 12946  1827 13060 17748 11751  1854  2245 17820 21765]
5396,[ 1614 20192 19565 11167 19032 20653 22751 19693 13015  6547]
5397,[17974 13057  6250 21058 20025 15068 13791  9932 20879 12664]
5398,[ 9320  6938  3727  5826 23021  9822 12202  5409  7770 22026]
5399,[20308 16249 19948 17846  8718 17449 10408 11629  2314 12485]
5400,[10654 20606 12546  5783 19497 17095  2403 12063 19268 21151]
5401,[20606 13311  5729  4055 14076 19809 17246 15773  8259  1638]
5402,[ 1234 17106 14843 18426 17453  6023  9637 12727  2244  8315]
5403,[ 1505  1507  4537 19834  6698  8218 15695  5722 12718 10683]
5404,[ 3609  5590 20040 16542 16691  5449 21389 12061 17394 17865]
5405,[22520 20778  3165  2398  9670  7060  4326 16001  8305 17067]
5406,[16618 21173  5692  6335  5781  5184 16083  5228 18221 22034]
5407,[15068 16034 16196  9164  3075  1461  7566 12551  5026 17880]
5408,[ 2943   624 16791 18457  1664 14308 17832  2151 14912 18367]
5409,[ 9091 22958 17249 16480 17087 12995 20434 17878 10470 10412]
5410,[13584 10343 19080 10695 19176 13375  1854 21426 17826 21513]
5411,[ 2014  7991  5665  8041 22498 20881 12159 12417  9829  2598]
5412,[ 1082 14561  3417 16542  3679 19293  9388 17763 16654  5470]
5413,[17248 16829 20799 17210  5308 10651  4526 23101  2241 23145]
5414,[19620 19693  5035 11167  8088 20751 16552  1506 19028 20609]
5415,[ 4502 10772 20760 16714  3446 15236  7643  9222  4097 21228]
5416,[ 1143 18691  3874 16407  1486 10150  1875 11041 12101 19708]
5417,[ 9356  2678 14722 13730 21875 18069 10357  6948 20608 22210]
5418,[ 3093 21918  5376  1482  6111 15467 11629  1206  1260  7978]
5419,[18470  2346  4689  1550 19962  2701 19198  5460 21458 10289]
5420,[ 9103 17105 14644  5836  4611 16686 22391  8368 18629  3211]
5421,[10855  1875 13969 11803  3874  9133  9055 12576 11041 22588]
5422,[18847 20665  3826  2677  8258  7473 20741 19002 10618 10971]
5423,[ 1419  8464  1737  4527 11041  4884  1016  1802 15316  2715]
5424,[22068 13140 16570 19165  1937 11508  4950  1293 19369 16563]
5425,[ 8401 23010 16295 16333  8459 22452  5052  3029 13700 13955]
5426,[10343  1854  2245  4858 10690 12149 12130 12120 17748 20193]
5427,[21344  8591 14997  5826 20366  4213  4016 18190 19447 19222]
5428,[ 7070  5769 19081  6698 21777  7983 17813 15695  3462 11161]
5429,[ 7355 12365 16572  4982 16355 10011 18077 16267 18665 20700]
5430,[ 7400  7550  5736  5907  4051 16193 11740 10388 16820  8833]
5431,[10880  4700 23085 20732 13146  2506 22373  4306 14359  1979]
5432,[13590 20206  6259 17186 14325 19271  7587 22430  7770  5500]
5433,[ 9935 20143  1691 20609 16756  1692 10353  1506 11456  9814]
5434,[18109  5813 16307 15942 17304 11532  1208 16355 15924 13120]
5435,[ 9751  3735  4166 16285 20149 16544  9469 11740  6715  1966]
5436,[13865  2875 20895 16467 15942  3010 11734  1505 10683 16403]
5437,[16709 17152 17628  1786  2519  1519 17227  1608 20088 11023]
5438,[ 3916 18460  3353 13798  2705  1690  8299  1692  3437  7188]
5439,[12047 22219 21161 18935  7990 22746 10368 15971  7580 19641]
5440,[12308 16135 16207 10989 22452 13585 13793 20860  1960 17103]
5441,[19383 20837  7274 20925 22400  2382 16534  2605 18057 15521]
5442,[11631 20218 15992 10974 21787 14800 18554 18309  7463  6176]
5443,[ 4582 10478  7783 17860 17190 19831 13057 17231  3950  1526]
5444,[16462 16553 10193 15830 20789 16125  8228 22996 14179 17844]
5445,[10343  1854  2245 19176 19080 17826 17820 12130  5470 16792]
5446,[13043  3874  1875 13635 11358  1135  1878 19242 12425 15771]
5447,[ 3392 10678  3914 15147  3856 15487  4348  9405 12917  7125]
5448,[ 9907 19602  1285 20829 22269  2714  2233  1864  9621 11169]
5449,[ 2956 18760  5655 22667 13039 13459  3375  9751  9322  7602]
5450,[12974   615 14240  4860  2011 12341 19962  8828  7828 16161]
5451,[12572  1361  8466  6988 12007  1913  7649 10385  4233  6364]
5452,[11631 18309 20218 13075 20566 12426 15992 14800  7294  7463]
5453,[  846  7426 13082 19811  9752 10945 11513 14179 14943 20789]
5454,[10343  1854 17826 17820 12130 19080 19176 10690 12149  4858]
5455,[ 8091 15587 15622 12230 11857 16143  4871  8487 12731 16187]
5456,[ 2207 23071 16266 15630 16317 16388 19516  4333 11463 21798]
5457,[ 6626 14997  9644  9352  5495 16855 10332 10834  5484 14871]
5458,[13120  7514 15616 10071 16912  1247 16757  4093 12501 18603]
5459,[17410 11643 11501 19244  5882  1864 17714 15721 22211  2326]
5460,[ 1600 10696 14273  2544 11863  8052 21763  2519 15792 10468]
5461,[22616  8663   808 18764 18627 10252 10400 10151   309  2237]
5462,[ 8138 11528 20757  2147 21592  2167 15616  9799  4969 10071]
5463,[ 7891  3974 10229  4401  6911  4681 14318 14376 18194   864]
5464,[ 2700 11863  9055  4884  1600 20876 16792  6363  2715  8052]
5465,[ 8401 16207 19667 14428  3029 22452 11425  4878  2608 16639]
5466,[20713 19027  4339 21898 21719  3805  4391 14086 13411  9835]
5467,[ 4858 10690 10343 13945 13910  9907 10633  2245  9325 12178]
5468,[ 7406 11676 17398  2473 21713 21053  6644 20621  9331 21170]
5469,[20876 18577 17105 13968  6363  2715 12583 19383 21174  4884]
5470,[ 1714 17949  4772  7188 18217  7274 19451 11418  1871 17055]
5471,[ 7167 14705 15080 10727 15214 16263  3083 12116 14696  5497]
5472,[ 2084 16422  1866  1926  8631   308  9518  2406  2083  2551]
5473,[ 7575 22450 10786  9838  3262  1581 18100  1488 18932 21930]
5474,[ 5311  9663 20206  5363 23083  4691 15286 14946  6777  3144]
5475,[20448  2139  3743 22627  6734  2393  9706 17560  9074  4349]
5476,[ 7598  3429  6036 16395 19980  1943 19497  5992 20356  2154]
5477,[18602  2329  6225 20418 20970 16139 16724  8987  8683 15739]
5478,[10071  2077 16206 16347 16551 21630  1683 18576 15616 19739]
5479,[22111  9067 18603  7957 11225  3850 21592  4967  8953  8085]
5480,[17549 13240 19855  1136  4800  8145 16089 20986 22276 11310]
5481,[15904 10977 22996 13015 10945 13082 16553  9752 15601  9146]
5482,[16285 12234  7740  7635 17245  7131 10388  1274 18060 13371]
5483,[ 1814 20964 14928  4878 19809 13955 10313 17152 13017 17227]
5484,[21868 12550 17013  2384  3204 13146 21477   779 12248 17825]
5485,[ 8582 17025  2122 20540  6035 20828  9603 17724 16278 12848]
5486,[14428 16207 13371  8401 16333 22452 23010 17103  1683  7207]
5487,[19644 16789  5930 21065 14907  2335 17333 16947  4213 10302]
5488,[ 9814  7627 20129 13684  4670 10353 10153 21211 15281  3375]
5489,[21339 19655 19659 19631 10016  1008  7439 15261 18870  3995]
5490,[15207  9883  4832 12636 16989  7247 14536 22687 17273 13155]
5491,[16757 13793 16193 18060 17220 13371 17317 16333  7514  3012]
5492,[18603  7628 20757  3931  8125 15521 20881 21592 18292  2251]
5493,[21458 20970 19198 15739 13717 20129  9814 16139  4669 18602]
5494,[  332 15044 16312  1132  2722  2381 16876 15252 19930 19626]
5495,[13039  9751  8605  5048 14575 16544 22667  7248 19765  5655]
5496,[ 3110 17703 10853 16565 14024  1303 17575   808 18334 12630]
5497,[ 8895 16639  6778 12792 18574  3845  8350 19667  2608 20360]
5498,[16200  4893 16148 13148  6720  8182  5830 20032  5693 12230]
5499,[10937 15870 16125 20237 16460 16315  5685 18143  5048  8341]
5500,[14200  6290  7817 13274 10223 11467 16429  2152  7601  3209]
5501,[17466 16505 18641 19019  7324 19032 20751  3837   888  6547]
5502,[13021 12995 21732 14768  8092  9105 18640  5404  9070 11624]
5503,[ 1181 10003 13158  3120  2382  1727  1523  7515  1322 22269]
5504,[15125 21734 14789 21986 21073  9988 22977 14996 13862 14406]
5505,[17869 20290  1359 10025 15477 16899 14128  6365 11182  2877]
5506,[19353 14946  9896 11973  3460  9506 16167  8032 18710  7104]
5507,[11488 15644 17134  8373 20351  2369  5052 10293 19989 13955]
5508,[11442  3353 18470 12729 15739  4669  8816 21458  4689 19198]
5509,[20597 14183 10207  1754  3211 10500 19940 10989 15937  1579]
5510,[21453 22684 13448 16207 17220  7207 22452 16333 15524 17317]
5511,[16040 21579 15863 21805 15920 22571  1777 12992 22367 11006]
5512,[16912 18603 18057 21592 16899  8350 18217 16639 11418 22400]
5513,[16724 18602  2339 10965 20970  2329 21683  4737 20418 18398]
5514,[19978 16498  2881 16132  4163  5308 16073  9962  7478 16495]
5515,[10343  2245 17820 19080  4858  1854  5470 10690 17772  6309]
5516,[ 5736  7400  7550 16193  4051 15342 17317 14063 17220 16820]
5517,[ 2101 22012  2084  1293 22196  2030 13891 22647  6330 21504]
5518,[ 4579  4688   651 20789  9752  3246 13820  8993  1055 16403]
5519,[20751  5035 19620  8718 21813 19028 10685  8088 16249  6547]
5520,[21654 15700 13060  7670  2833 19579 21765 21182  5873  3975]
5521,[ 8350 17257 17122 22172 16639 16850  6778  7837  1132 15834]
5522,[ 9300  3244 12106  1994  7460  1036  7624 12987  6828 20016]
5523,[10940 23008 17314  8162  7587  2790 21338  9534 13913  9875]
5524,[15281 15739 20498 21601  4905  4669 17037  6279  2605 17750]
5525,[ 4544 17449 16514  6651 20308 13614  7274 10949 17333  2705]
5526,[ 8218  4669 12718 19198  8816 16110 16017 16139 18470  6225]
5527,[ 9967  1547 10486 18602 12285  2329  6225 19032  4757  2630]
5528,[21299 17770 17768 12084  9297  8008 12165 21932 15719 12831]
5529,[16724 16139 18602 20970  7928  8197 16757  9469 16044 16820]
5530,[10343 12946 17748  2245 17820  8659  4858  1854  1827 10690]
5531,[15225  1763 21673 13590  9875 22050 21704 12833  2503 22298]
5532,[ 1661 18465  4527 19242 17059  4884 15771  4601  1875  1579]
5533,[10937 16372 16289  2707 16518 14205 13879 16315 15908 13039]
5534,[ 1662  1927  1874 12499 19518  9935 12734  1633   868 16030]
5535,[21497 22091 11797  6773  4921  9737 11671 16926  4748 16776]
5536,[ 4904 16724 15616  1941  2339  4737 20645 18738 16261 20057]
5537,[  874 15250 13077  9709 14561 21402 15180 13588  7234 10790]
5538,[ 2140  2129 11530 18213 14851  6576 17914  5928  4728 13894]
5539,[ 4960 15239  1495 19153  2403  3392  3860  1973  5048 13987]
5540,[14298 17962 15915 13572  7426 16554 16858  4512  7069 19679]
5541,[16441 16579  3435  6250 16421 18020 21813  4874  5453  5196]
5542,[19962   615 12218 17843 16908 16168  9336  7622 11516 10425]
5543,[21803 14875  5689  7602 16855 19447  4717 19956 22479 14104]
5544,[ 2025 22156 13910 13945 10633 14997  2236 13577 15388 22117]
5545,[10858 17951  4615  8081  6663  7471 14308  1324  2136  6828]
5546,[21719 21720  8579 21354  8795 15700  4339 21654  8577  5945]
5547,[ 9658  8935 21260  5483 13411 18578 10825 18504 18476 16984]
5548,[10474 12822 10881 17178  4888  6678 20817  9840 14607  4922]
5549,[ 1940 22641 11971 23071  1751 16083 17990  4332  4333 12622]
5550,[16207 22684 12308 22452 14428  4878 10777 16135 21453  7207]
5551,[ 3435 21211  4477  4379  4779 13948  7622  3438  9814 11656]
5552,[ 4481 15446 18625 14021 17378 14439 16639 19162 22667  4565]
5553,[18733 19602  6607  4013  3785  6003  9321  2021  4071 12484]
5554,[ 6715 12234  7400 16564 10388  9469  5736 13532 16820 10119]
5555,[15600 18995  4158  2707 14205 16315 16372 18425 18313 22507]
5556,[ 2025  7554  7655 11891 21582  2236 15904 15893 16397  8683]
5557,[16372 18995  2707 19867 22507 16289 13879 22049  4158 14205]
5558,[ 9799 22588  7928  8197  9133 11358 21052  8927 20701 18733]
5559,[15944  8840 17394 13654  2448 21389 18932  7978  1260 20070]
5560,[16316  1716 10492 10506 21019 18240  1549 16028  9002 16537]
5561,[ 5194 16693  5838  5199  3620 17800   710  3702  1111 17795]
5562,[ 8781 10949 17544  9156 12551  6881  8618  6260 20709 15046]
5563,[ 1485  2680  2764 19036  3677  7558 18695 21916 19525 13986]
5564,[10343  2245 17748  1854 10690  4858 12946 19579 12120  9937]
5565,[16467 20418  5736 16820  9469 15923  7400 16347  8987 17220]
5566,[ 6823  2606  4057  2955  7063  8707 21312 20905 16978 22645]
5567,[ 1392  4110 16810  1874  6776 21267  7324 17466 22336  6921]
5568,[ 4571 11539 11123 22011 16217  4400 11442  4480  4249  1485]
5569,[ 7525 14205 16341 12874 15823 18313 16372  6091 20892  6456]
5570,[ 4349 22627  4391  4745 18597 19027 21670 17560  7441 10574]
5571,[ 6689 20788  1702  7966  6326  6942 13459  3020  7224 13577]
5572,[15587  6851 12495 16903 19839 16182 16954  3111 13667  9597]
5573,[20144  2144 17395 20862  6579 14863  7807  2761 22113 16003]
5574,[16014  8052  2519  4356 10696 13830 19241 12101   344 14273]
5575,[16552  9814 20192 15904 20050 19019 11656 21211 19565 16168]
5576,[ 6829 17273  4788  8141  3635  1944  5020 18970 14878  1968]
5577,[ 7033  9732 19192 16500 16134  4177 19497 14975 10654  3807]
5578,[15600 16399 20237  2707  4166  1594 16074 10937  1596 16315]
5579,[ 4940 10739  6672  3353  6775  7558  3631 15739   825 17793]
5580,[18733 11740  8927 19548   890  9321 11723  9799  8197  7550]
5581,[20192 12718  2304 16154  8218 19019 16552 20653 19565 20609]
5582,[ 1394  2761   969 17864  2938 20883  2063  1362 18158 21530]
5583,[ 5453 18457  1096  5600 21389 12135 17516  9341 20070 10713]
5584,[ 1579 16312 11023 14293 10204  2671  1171 10293 10996  1661]
5585,[ 1854 17826  2245 10690 17820 10343 12130  4858 12120  5470]
5586,[20143 21211  3438 11982  2346  2011 19962 19227 14240   597]
5587,[20733 12350 10045 21520  2400 19942  7538 20379 11391 15120]
5588,[ 6626 19962 14997  9352  5495 17180  6947 10332  2011 12449]
5589,[20340  2957  3743  9706  1336  2393 23037 20358  7480 14742]
5590,[17730 12822  8608  4922 14128 10969  3014 16274 19037 22727]
5591,[15830  1552  1975  1500 12231 18196 16393  5654 10489 16390]
5592,[23094 17880  3412 10668  4477  3806  8212 12664 23150  5362]
5593,[ 6335  1043  7329  7232 16876 15252  2853 21184  3209 17445]
5594,[15226  5047  7063  8464  6536 16838  8578  1016 12479 20219]
5595,[  844 16849 22654  9307  4778 21796  7552  3708  8798 21745]
5596,[ 6210  6260  8432 10151  5813  5808 19162  8343  8781  7888]
5597,[ 8518  7954  1183  2204  3826  7946 14128 23124 19002 11157]
5598,[22210  2678 14462 12772 23145  6292 22587 15440 14313  6878]
5599,[22975 23015 11467 10680 20796 14810 16429 19037 22727 15476]
5600,[15342  7400 19548  7550 20203 18060 14063  4059 16426 19739]
5601,[18060 17220  7928 16724  7550 17317 16044  8197 18602  7400]
5602,[16196  5813  4477  4670 16802 13865  5808 14790  8663  6991]
5603,[13584 10343 10695  1854 19176 17826 21513 21426  9971 19085]
5604,[ 9839 18217  9003  4481 19668 16534 17257  8350 11745 19570]
5605,[ 7341  6195 18764  2151  4569 19903  3438 12729 13859  1331]
5606,[ 3392  3914  3079  7125 10678 21151 18886  4348 20053 21481]
5607,[ 9253  6466  3363 22126  4052 13645 20861 14194  9933 14729]
5608,[20829  6607  5461  3353  6672  7220  4940  6693  4200  7558]
5609,[21952 16686 20511  1966  1608 15342  1580  7756  3055  7207]
5610,[19579 10343 12946 21765  2326  9483  9937 20211 20054 16089]
5611,[ 9359 19036 19180  3677  1423 21916 11539 18318 22575  9766]
5612,[ 2605 20484 13158  4737 22269 12729 16261 20925 13461  6446]
5613,[ 8051 14292 16207 22687 15392  5499 11432 16092  9700 14928]
5614,[16295  3029 16193  4051  8833 18684 20964 12501  5031 20203]
5615,[20760 16714 19616 16897  3446 20807  4097  5648 17885 20216]
5616,[12010 14763 18232 15406  8474  9338 10125 20237 21346 12116]
5617,[15189  1812  5453 10909 14736 17961  9975  1096 11721 16852]
5618,[13082  3217 10432 10977  2942 15904 10623  9752 11585   846]
5619,[15948  1556 13974  9011 14204 20458 12808 11592  2839 12550]
5620,[ 3728 16616  5874 13577 19324 21803 13684  7602 14943  3649]
5621,[ 8518  6360 18010 18596  6744 11353  9977  2670  4195  2204]
5622,[10343  2245  1854  4858 10690 12130  5470 12120 17820 12149]
5623,[21952  1608  3087 17227  7756  8459 18210  1966 19548  1786]
5624,[ 5479  9866 11988 13406 21256 15809  7774 18364 18606 21654]
5625,[14878  1944  5841 15080 23028 10741 10762  5477  6000 13294]
5626,[ 2110  7015 18103  2340 11314  1615 20360  5031 16312 18492]
5627,[ 8662  7581  7071 10698  7124  9324 21406  1608  1696 14159]
5628,[16233 22049 16207  9695  3273  7019  7207 17220 16333  1814]
5629,[17385 15357 11396  9734  5499  3649 14652 14705  4960  7167]
5630,[14466 20925 16912 15616  4904 18057 18603 15767 20484 19903]
5631,[11460 11759 14308  2943 11775 20369  4514  9735 18764   875]
5632,[22097  9483 10467  6794 21012  2326  1864  1652 11362  3705]
5633,[22370 15446  4481 16989 22667  7247  9447 11432 10252 13155]
5634,[ 6225  7973  8218  8816 16858 16154 19198 18470 20762 20698]
5635,[ 6260 17029 10310  4366 16496 20215 17449 16558  8781  9156]
5636,[ 5829  7462  3332  8718 20308 10653  9156 16249 18823  4670]
5637,[15343   656 19374  9257  2704 17995 19916  8612  2100 21496]
5638,[17974 21211  5196 13401 13859 11935  4477  2709  4580  1990]
5639,[11425  7180  7179  2310 22452 13253 16371 21443  8822 16802]
5640,[10343  1854 17748 12946  2245 21765 19579 11751  4858 10690]
5641,[13115   764  4101 12482 16928 20621 19957  9309   799  1698]
5642,[ 5035 22751 19620  8088 19028  5313 19019 16505  3837 19693]
5643,[ 9225 12246 21804 10304 23036 15045  5814 20113  7995 21970]
5644,[ 4200  9325 16766 13986 20344  8816 19602  9388  7780  2233]
5645,[14205 12874 16372 16233  2707  7525  9209 18313  7019 15823]
5646,[ 7928 18060  8197 16724 17245  9133 16044 17317  2083 12234]
5647,[21458  9967 15739 13717 19032 18230 20129  4110  3785  6607]
5648,[21571 12167 22727  4092 10789  9840 12448 17044 22090  5910]
5649,[13722  4870 16241  6210 15942 20108  8343  6616 16769 17931]
5650,[ 4858 10343 10690  9907  9325 13945  2326  4669  2245  1864]
5651,[20326   958  7682 12228  2137 15222 13610 22563 14223 12939]
5652,[ 7808 11286 22997 17515 19629  5222 13055 14531 18763 11867]
5653,[17100 20063  6458 21713 12717 21053 12651  9719  4654 20621]
5654,[22478  6775 13948  5690 18190 21211  8141 15073 13155  5197]
5655,[18491  3801 14680  4315 16099 12034  9895 19134  5335  8008]
5656,[ 2245 10343  1854 10690  4858 17820 12149 12130  5470 20193]
5657,[21012  1652 10494  7662  1416  3705  6794 14851 13436 17334]
5658,[20747 20360 12483 12792  9110 20202 10133 13585 17291  8927]
5659,[17355  5595 21375 13396 18414 19302 12737 13116 19080  4518]
5660,[21875 21150 17011 17575 12561  7669  3364  7941 18030 13992]
5661,[12946 10343  1827 17748  1854  1710  2245 19579 20211 10690]
5662,[ 9810 20796 10618 16806 12679 15962  6644 10304  2677 13032]
5663,[14063 20701  7550  4051 21453   890 16551  8927 16334 17317]
5664,[ 6258 19133 18902  2508 12157 19525 11863 11363  6775  2110]
5665,[20345 12731  4871 16550 15622 14186 16143 19734 15587 10315]
5666,[ 2244 17946 22371 21636  5397 19590  7044 12556  4163  2027]
5667,[16820  8197  5736 16285  7400 16044  9469  7928 17220 18060]
5668,[ 1567  1941 18576 19383 18738  6422  2605 18398   868  9820]
5669,[ 1349 22784  9611 15067  1336 19217  1451 20703 14006  7701]
5670,[ 4881 17974 11935 13057 19654   579  2284  1857 21058  5600]
5671,[13060 21654 21765  7670 21355 14769 10343 21353 14677  5485]
5672,[ 9164  1212  1588  8531  9020  9549 20029 16768 16382 22434]
5673,[16161 19735 10166  2856  2393 20952  5196 20340 21813  6021]
5674,[  359  9502 18232  7770 18756 10078  2785 18546 20787  8992]
5675,[ 2941 11740 16285  4959  8599  8816 20829 16110  7740  5461]
5676,[12099 16714  9251  4614  9222 15341 13777 11306 16082 22362]
5677,[19711 22113  6678 20932 12460  9948 19250 11552 22037 22039]
5678,[11439 21790 20994 16873  6058 22288  4306  2712  8237 15496]
5679,[ 4960 20237 15239  4776 10937  5048 12010  7242 13458 12468]
5680,[ 7712 11772 19131  4563 11402  5451 18115 22284 19244 11643]
5681,[17778 16542  5449 17068  3700 21369 19185 17794 17865  5590]
5682,[10343  2245  1854  4858 10690 12946 17748 12149 17820 20193]
5683,[21226  1825  7507  8286  7446  8220 22028 10837  6451 19322]
5684,[ 7655 15287  6643  6947 18190   869 13555  3435 13684  3978]
5685,[ 7124  5499 17385 15392 15976  2639 19323 13104 15207 13987]
5686,[10270  6537  6942  6689  8880  6326  7810 17772  3020  4149]
5687,[17372 19009 12858 11725  2009  2398  9929 18308 16801  9837]
5688,[ 1051 17714 14408  6427  1013  1305 17234  2701 10923  2716]
5689,[21765 19579 12946 10343 13060  9937  9483 20054 17748  1854]
5690,[17616 17204 16843 13711  8765   681 15454  4360  7499 13600]
5691,[ 2080 15102  6941 19994  1941  5930  6824  6751  6991 16976]
5692,[18123  7450 22826  9640  8367  2380 17973 19224 10646 16890]
5693,[ 1608 15980  4836  1683  4093  2695 11488 14023  8086 19989]
5694,[22557  8481 12535  4319 22667  6261  3359  2824  5874 16591]
5695,[15435 20171  5184  9378  7575 18008 20092  3876  4924 20676]
5696,[ 8927 16930  4445 19548   890 22551 17970  3192  4051 16425]
5697,[14034 14465  7975 11755 22113  2501  5040 18543 12866 10983]
5698,[ 8783 16247 15997  1509  4166 12645 16020  7525 16399  4132]
5699,[11006 16018 21579  1627 15801 16192 15793 22571 22554  1012]
5700,[ 7074 13082  7670 21654   846 10432  7426  9752 19579  4512]
5701,[19989 20351 19990 11488 18148  1529 17628 17134 10293 18650]
5702,[ 4400  9914 11442 17928 14065 20541  1550 11539  2476  6693]
5703,[20142  4445 19548  7550 16820 12789  8927 12234 10770 14063]
5704,[16908 17714 14065 17234  2716  5882  3695 11479 10217 10289]
5705,[ 4524  1967 16253 10776 16241 13981 11033  1859 13007 20076]
5706,[ 5485  9577  9708  4776 10380 10183 20348  8933 14870 11932]
5707,[20701 22756 22551 12425 11358 16551  4093  2313 16510 19242]
5708,[14764 11508  1592  2639  7581 20102  7124  1755  1970 21423]
5709,[13411 20713 18476 18504 22338 18278 16984 19027  9835 10825]
5710,[ 7995 10931 15036  3014 19037 15476  5411 17004  7594 12833]
5711,[ 2237 11516  8375 11982 16677 10004 22009  9914  9960  3244]
5712,[ 9996 13545  8650  5355 17414  8192 20817  5422 13207  8470]
5713,[18000  2779 10101 10400  2705 15222  9378 15435  6972 20171]
5714,[ 7063  2014  3151 16759 20881  7176 22830  2577  2994 12159]
5715,[14409 13968 21936 22118  1695  1947 16123 12157  1440 18432]
5716,[ 7120 16014 17025  5661  6035 13311  4928  4978 20142  1519]
5717,[20485 13955  8817  4892 16347 16757 12308 15193  1683 18060]
5718,[ 7248 16399  1594 14205 12645  1966 13879  8783  4166  6715]
5719,[ 9695  1814 16207 15596 22452 14428 11508  8401 16053 18322]
5720,[ 5874 15272 10118  6261 16291 20790 10870 16518 12955  2207]
5721,[17186 20124  7794 15191 20632 14006 19271 23134  4210  7592]
5722,[ 7554 13810 15904 20192 13015  8683 11734 11267 15893 11656]
5723,[ 7928  7635  9799 17317 18060 22036  7550 17245 12234 20701]
5724,[ 5993  6761  9023  7964  9541  8641 13051  4068  1158 14739]
5725,[ 6849 16247  4166 15600 16399  9469  5655 22614  8783  2707]
5726,[16792  5050  8286  1274  6246 20414 15174 17802  8134  6309]
5727,[ 3861 16857 14186  3436  8317 10957 11749  7239 18646 11370]
5728,[ 4507 16001 20242 19021 18308 18956 21035  9670 20675 12495]
5729,[19383  1941  2605  2335 14291 13585  7247  7922 18576  9447]
5730,[ 2705 18819 16565 20171  6775 15435 13798 17727  4831  6972]
5731,[ 8957  5361 13560   290 11552  2740 10430 14465 10421 20321]
5732,[ 8092 20340  1200 18555  6650 14976  1349 20206 15336  8618]
5733,[16480 17249 10653  5642  2447 20206  8618 23083 22921  3332]
5734,[ 3403  6458  6943 20063 21053 21713  3027  2473 12651 13115]
5735,[20925 10875 21774 17449 13030 22973 14466 10949 16261 18057]
5736,[17466  1303 17253 16217  2237  9236  7324 16328 20751   880]
5737,[14183 16312 15665 11863 11304  7015  1016 16709 22391  4529]
5738,[13017 16295 16193 16546 20964  7472 13955  3029  4692  1608]
5739,[11314 13311  7120 17246  4978 20360 17152 14293 10996  5661]
5740,[ 2736 16696  2717 20990 11169 16644 18115  1036 22211  9349]
5741,[19269  5559 21481 16656 12063  5850 22258  2061 22705  1201]
5742,[14526 21573 16942  4093  1679 15087  1247   915   930  1683]
5743,[ 5192 10078  7507 21065  2414 16610 20366  4016  1274 20167]
5744,[ 8546   651  4579  9316  8993 10487  3217 11281  9752 10432]
5745,[ 2938 22721 20568 18158 11298 15925 17034  6641  6591  7025]
5746,[ 6781 20059   922 19838  9931 11795 21865 13134  4664  9509]
5747,[17772 10762 17166 20356  5020  6309 19281  9404  5470 18970]
5748,[ 5272 20206 14801 18529  9954  1336  9611 15172  7376  9771]
5749,[15044 11774 11780  7293 17152  4242 19992 13849  5052 20651]
5750,[17880  4248  8212 10830 16241  3851 13007 17897 19047 13706]
5751,[12823 15476  2322  9924  2928  8674 21008  7144 15172 20289]
5752,[18039 10235 20048 17060 18816 17955 18490 18080 20537 12309]
5753,[ 8351 13879  7525 16757  4892 16544  9209  8649 14205  4649]
5754,[14752 20963  1264  8443  7158 13726  4886  5047  2606  7521]
5755,[19004 13800 13727 21174 10353  6775 20498  8203  2335 18362]
5756,[22113 23006 22102 22292 21197 11182 21836 22621 21114 19250]
5757,[19631 20016  2129 19675 19659 19389 19452 17334 17914  2140]
5758,[17549  9433 14967  1136 16328 10026 18230 19631 11656 19659]
5759,[16125 15601 16553  8228 15879 16289 10193 15908 16462 16390]
5760,[ 5411 19342 18968 17647 21961 17186 17651  7723  7293 12833]
5761,[19019  3837 16552 19693  1506  8791 20192  4110 19565  4728]
5762,[ 7207 13017 20964 13371 16193 10119 16333  7400 12789 20149]
5763,[15521  2251 16850 10475 20601 20486  8125  1527 21178  6328]
5764,[18764  1812 11982 13859  2331 17719 13877 13158 22761  4524]
5765,[ 2752  8717  3044 16385 19595  4193  4961 17445  1724 13445]
5766,[ 9799   890  7928 16044 18733 18060  8927  7550 22764 17317]
5767,[20606 22794 17152 20149  5573  2403 19714 10313  3807  2519]
5768,[ 2369  8662 20964 16437 16347 13955 15596  5052 16383 13017]
5769,[ 6237 20393  1853 21380 19134 19114 14680  5335 10834 12181]
5770,[15600 12490  1596 13168 21793 16399  5635  1640 15844 11513]
5771,[ 2975 11195  8104 11350 21312  1914  7851 16364 18138 10339]
5772,[10699  1274 18089 10500 20835  1306  5050 19242  8941 20187]
5773,[ 1608   890 15342  4051 12501 13955 16347 13585  3029 16930]
5774,[22600 23000 17405  3045  9920 12087 19319 11101 13746  7955]
5775,[17924  6710 20327 18081  8989 16744  9356 11974 13928 20845]
5776,[ 9751  7247  5655 16044  8987 13713  3375 18060 18210  3089]
5777,[19726  5690 21907 14976 18334 14006  7143  1349 14801  2957]
5778,[15818  1332 11539  4571  7070  2680  4400 22575  5460  9359]
5779,[16103 16341 16517 16372 18313 16393 15870 15908 17844 14446]
5780,[ 7635 20187  8459 13793 20835 22790  3012 13713 12789  7928]
5781,[ 4960 21793 10937 21031 16074 20237  5048  7068 19811  9165]
5782,[ 1136  8906 14967  3952 16089 21344  8203  5584  3429  6237]
5783,[16208  2705  6775 20970  4062  1965  4940 16769  8396  3435]
5784,[ 4429 10190 11536 20881 10301  8362   307  7628 14070 17851]
5785,[ 6991 17066 18109  8663 12566 13155  5813   808  7424 10252]
5786,[15970 12167 19018  5326 21664  2501  9550  6848 15412 18233]
5787,[20203 16193 16551  8833 16426 16510 16206 18684 16295 13532]
5788,[16912 18603  3850   930  3851 17897 20757  8138 19047 16506]
5789,[16588  7928 20701  1683  7550 11358 12789  3012 16564 14063]
5790,[ 8091 15587 14254 11857 12230 16143 15622  5224  4871  8487]
5791,[20396  9751 20149  9469  6715  7400  4166 17296 16399 16820]
5792,[12833 15303 17004  1368  7723  6653 10842  5411 15476 16389]
5793,[16544 18274  8833 23014  1968 20149  6208  7550 10946 19739]
5794,[ 6678 12460 16043 19711 14849 22113 19590 21147  1930  1942]
5795,[12994 20713 10808 19327 11507  6357 16883 18597 18364  4675]
5796,[13585  4878 10989  2381 15937 20158  8051  2608  2722  5015]
5797,[15252 20985  6744  7951 14034  2742 11059 13749  7477 21664]
5798,[16931 17381 12277  9637 11057 21944  3263  8179  8129  4055]
5799,[ 3817  7950 18602 18142 18760  6655  4013  3198  2329 21683]
5800,[ 7796   795  7124 13631  2609  2662 21111 20860  5573 19349]
5801,[19765 16457  4892 14790  4550 22873  7957 23158  1201  2369]
5802,[11656  8828 15049  3441 22523  7828 18627 17466  4569 16328]
5803,[20829 11442 12729 15739 18470 19198  4940 11740 21211  4200]
5804,[17296  4978  2610  4601 17059 14293  4527 16774 20142 18664]
5805,[ 1016   787  7122  8641 15773   789  4111 21009 17342 18387]
5806,[ 7586 14937 18272 17459 21149 14155 12505 21272  2257  5489]
5807,[12734  1567  4757  9693  1927   868  1662  1371  6434  6422]
5808,[18463 10668 20571 20208  3814 10391 17880  3862  3851 18886]
5809,[21009 20606 17728  2508  4928  8259 19349 17299 21174  5836]
5810,[  307 16507  6452  4163 10435 13049  6290 13616  4362 14200]
5811,[10713   624   875 17832 19735  5196 10740  6021 21348 16161]
5812,[11358  1875 15771 13635 19940  1878  1135 12789 17296  4601]
5813,[16328  2237 19962 12449   888 14004 11982  8828 19693 13948]
5814,[ 6271  4476 22203 19196 21278  5306  7176 20437 15112  7834]
5815,[  846 21720  4078 11988 21719  8795 11507  4339 14051 22422]
5816,[ 1587  5661  1436 16239 17313  1360 16312 20360  2064 19994]
5817,[17998  5499  3359 22026 15392 10905 17294  8051 18148 19323]
5818,[18158 20568 17034  7025  6591 15925 22721 22099 14849 11298]
5819,[13937 21654 15700   846  9752 21719  8795 21256 21720  7670]
5820,[16500  7033  9732 16134 17143  8122 13024  7697 19192  4778]
5821,[19735  2393  1664  9762 21348 19673 20029 17206  6021 15575]
5822,[11250 15147  7125  9663  6310  9566 15286 14148  4348 15849]
5823,[4069  765 1729 8185 3211  795 9377 7080 5836 2381]
5824,[12936 16890  6069  6118   993  7575 18932  2282  1216 15927]
5825,[19299  9342 10678  3674 21328 17424  8973 19208 19309  5679]
5826,[22276 10432  9146 15904  4642 10623  3374  6237 16154  4641]
5827,[ 8069  5570 16883 16855  5484  4642 22792 12612 20197 14985]
5828,[ 3237 21768  7952  3610  8965 13410  7541 21840 14986 11757]
5829,[ 1985  7682 20866  6617  1997 19895 10273 22393  5184 14386]
5830,[17949 19929  3093 13471  5001 20326 19545  1361  7037 18004]
5831,[20360 19667  7015  1608  2905  2608 13955   890  4878 16347]
5832,[21505 13287 17467  1164 13991  9311  2389 12644 17874 16364]
5833,[13030  1664  1212 18367 16568 19735  7341 15336 14312  2151]
5834,[ 3262  5196 18764 13859 16328 22478 11516 10522  1812 20070]
5835,[ 6259  6229 11959 13155 15881 10991 13590 11433 11593  7819]
5836,[12084 21387 19298  2941 14412 13380   708 21265  7598 12601]
5837,[20143   651 20677  7390  2315  4446 20145  6237  1640  3978]
5838,[10766  3068 14605  7232 10358  5474 15773  4913 17125 10764]
5839,[13986  1576  2680 20596  1553  4671   868  1585  1567  1695]
5840,[17970 11740 15342 12501 16347   890  4051  3192 16208 19548]
5841,[  784 11723  2019 10770  9133 21052  9321  5050 18733  2313]
5842,[15889  4100  1716  1409 16942 22416  9002 22039 15401 20905]
5843,[ 4149 14605 19133 11600 10766 14541 18494 19672  7124  9377]
5844,[ 2729  6771 17880 14790 18886 10620  4248  4424 16241 16440]
5845,[11036 20432 10967  7849  3959  1309  1264 14381 18572  2504]
5846,[13777  7903 15699  6604  7829 17777  3545 20056  8367  6233]
5847,[13111  5142  9333 18374 18166  9020  3979  9549 22761 13038]
5848,[20102 13623  7472  1143  7246 17965  9209  9039 14076 16227]
5849,[18166  7461 10391 17449  7554 12729  3120 15975 10949 11258]
5850,[12792 20360  1247 17291  7728  8953 12272 16942 16639  8138]
5851,[17880 10859 11102  3412  3806  5362 14790  8212 16196 13706]
5852,[ 1549  1925 19626  1563  1789  4063 10011  8344 22460  9978]
5853,[18870  5230  5839 18862  9058 21164 19055  6115  5600 13501]
5854,[22269 22588 13994  4969  9055  4200 10071 13969  9133  2511]
5855,[10574  4349 17560 22918 10775  5313 11741 19620  4670 15215]
5856,[13467 21287 15967  3985 22018 10257  9813 18084 13627 16001]
5857,[ 3845  4737  4366  4994 16534 12792 18460  4904  7105  1690]
5858,[20970  5655 13039 20418  3375  4717 16467 16705  9469  8987]
5859,[10147 16090  1013 22211  5882  3705  1110  5412  2717 19244]
5860,[ 6359 10217 19244  2736 12070 16696  1036  2701  5412 10494]
5861,[10808  6250  7441 19027  4821 18597 22538 20709 16579 18705]
5862,[ 2716  2701  4249  1571  6359 16188  2476 22575 11479  2233]
5863,[19942 20060  6026  6804 19737 22739  4825 15205 13883  6329]
5864,[11463  1937 13611 16317 16266 16036 16563 23071  6456 12535]
5865,[18040 20609 20143  1691 19693 13577  6689 11322 21458 11167]
5866,[18819  6134 13614 15291  8375  6645  4487  3876  6651 10898]
5867,[ 2393 20340  7487  7480  2957  2431  1200  7255 20029  2732]
5868,[12656 14735  8879  4765  6233 20060  3943 11302  6344 14720]
5869,[14943  4157 11267  3728  9814 22996 15904 10945 11281 13082]
5870,[13116 20344  2684  7780  7768  2685 16188  9325 13986  6359]
5871,[ 7550  4445 19548   890 15342  8927  4051 14063  7400 11358]
5872,[ 7578  7939  9840 19595 11720 21686 14216 22725 21664  6606]
5873,[17750  3696  9400 22284 16031 21265 18339  5222  3383 13116]
5874,[ 4882  6312 20837  4436 19926  6026 22657 11391 15067  5184]
5875,[16233  7246 15823 12798 10119  7019 22049 13623  7207 14205]
5876,[13577  4166  7973 14943 13945  5178 16154  3728  6849 13910]
5877,[16168  5412 12218 18627 16554   615 22211 17843  7407 17180]
5878,[13055  7808 11286 22997 14531 17515 18763 21272 21302 16642]
5879,[ 6848 16880  6744  1560 14810 22320  2692 18010 20388 11086]
5880,[18885 20134  4503 20269 20715 21026 11460 12509 16412 17135]
5881,[19076 21986 16388 21981  5814  7896 15627  6666 15950 15045]
5882,[ 7780 13116 18577 17763 22120 17772 10438  1695 16792  8074]
5883,[15395 15215 17560  5311 12654  7952 17758 15285  8271 10263]
5884,[18631 18901  2677 16806 13126 15962  2696 12679  6644 14570]
5885,[13116  5595 20625 20344 17514 18577 20414  2685  9388 11169]
5886,[16241 10391  8343  6771  4892  3859 16130  8649  2729 10776]
5887,[ 4149 11600 18494 14541  9377   765 11587  7124  2871  2619]
5888,[16154 21458  4669 16017  4013 15739  7973 19198 20698  6225]
5889,[13686 13394 17068 22159  2185  3244  7624  5449  1994 12987]
5890,[ 7472 13623 18444  1773  2064 16402 14076 13017  4849 19369]
5891,[20537  4971 20048 18490 16625  9677 12665 16881 13805 19857]
5892,[ 7066  6629  7478  8127  2620  6247  7355 20321 14563 19965]
5893,[14090 12984 12694  3121 14734  1486 16775 19553 14838 22052]
5894,[19198 20762 12718 16554  6225 16552 19565 19019  8218 18470]
5895,[ 4695  9039 17965 15827 13154 16227 12590  1866 16422 13623]
5896,[10478 20879 19948  2314  2709  3412 19831  1331 11345 13162]
5897,[16930  6972 18576 22551  4093  2077  8299 15746 17335 14296]
5898,[ 7247 21069 14541 10070 11432  2871 17254  9734 19149 21952]
5899,[  825  1545 14575 19525 19012 11363 18695 10727 21404 11454]
5900,[ 7246  2103 19369 16437 15807 13017 20964  8662  7472 11508]
5901,[ 3192 17970   890  8927 16425 16930 19548 11740  4059  4445]
5902,[ 2503 22370 10252 22506   309 11959 21939 19765 21261  8141]
5903,[18230 17268  9967  3785 16328 21458  4669  8906 19032 11982]
5904,[ 4887  4675 19641 14285 21770 10361  5786 10278 14567 14985]
5905,[13749  7366  4069  7633   765 14591  7922  3068  3173  1729]
5906,[10101  5001 15222 22948 17010  3080  8280 11142 18292  6542]
5907,[16930 13994  3082 19012  4969 22551 19602  5706  4445  4940]
5908,[17640  9164 21862  4477 16768 16034  3729 20025 13791 16441]
5909,[ 5355   931  6612  4472 12209  5729 17066  8650  6526 13019]
5910,[ 5635  8355 21764 20211 22527  2279  2734 15854  2735  9316]
5911,[17025 17826 21337 19080 20414  9339  2907 10343  9388  2684]
5912,[15870 14179 16125 19811 12318 16462 12490 10937 16460 10139]
5913,[22115 13082 22117 19780 10425  5480   846 18612  7407 16168]
5914,[15839 12250 10859 17880 19451  4582 13992 13706 20900 22873]
5915,[19079 19864 19154  4990 19842 16076  1013 11539  5461  6672]
5916,[11100  8663  8419  3029 12501 19667 16449 16307 16347 18246]
5917,[ 9316 13820 18763  4579 16653 19629 11456  7984 20684 17515]
5918,[17843  7755  3952 14997  8591  5480  9348 12218 15388 19098]
5919,[20757 10664 10285  8117  8138 18603  8584   930 13800 22111]
5920,[ 3654 14943  5336  1943  5992 11513 22156 12468 13828  8973]
5921,[18733 18738  9799 21052   890  2313  8197  1684 20701  9321]
5922,[ 7928  9799  7635 16044 18060  7514  5622 12234  7550 15746]
5923,[12461   612  1309 22346 19509 14110  8709 18102 14463  9313]
5924,[13017 16333 17256  7472 16193 12308  1683 16546 13371   930]
5925,[16168  4512 16076 19079 13910   615  9814 11322 16756 16296]
5926,[ 9760  9763 18081 17699  7203  9356 20642  6542  3942 11603]
5927,[19250 21634 22292 21702 23084 17869 22102 22621 21748 10778]
5928,[18100 13859  3438 23160 12304  3435  8081 21058 18764  7341]
5929,[10967  8378  8293  2839 20479  7176  2504 16226  2014  2250]
5930,[13883 15440 16750 17151 18566 22660 19550 22393  2141 20412]
5931,[ 2052  9424  1451 15034 18375 22496  7538 12630 22747 12799]
5932,[13120 16347 11100   662 16223 16206  8833  1683 16449 12501]
5933,[11370 10368  7239  1934 15661 15514  9363 14162  3861 15492]
5934,[12945  7550 20203 16193 13371  4051 15342  5736 16510  3029]
5935,[ 7928 16285 16044 13994 15746  9799 10071 18060  4969 22764]
5936,[ 7242 12697 13828 20840 12468  5992 13458 20999 21981  7572]
5937,[ 1608  7581  1814 20964 15632  1696  2639 13955 15596  7207]
5938,[ 4379 21211 11551 20134 16168 11476 15904 10425  3947 10432]
5939,[16027 17148 18088  5910 15890 13678 13092 10842  4092 10881]
5940,[ 8993 13937  6794  6611  6576  4293 14851  4340  2140  8577]
5941,[ 9928  4545  7930 19222 13660 14545 22081  1303  5370 20634]
5942,[18364 13082  7074   846 20523 10432 22117 15816 10425  8546]
5943,[ 7732  8683   309 16139 16328 11258 22973 17792  3439  9751]
5944,[ 8206 15319  2122  6035 19241  7124 14696  3055 17820 17025]
5945,[10654  9637  8079 16774  5729  8373 16495 14293 13017  8259]
5946,[12448 15442 14979 19018  4373  3204 15970 20479  2501 15539]
5947,[10744 12116 19079  5477 14561 17775  9338  5456  8024  8060]
5948,[20054 15809 22085  6237  8200 11362  6459 17549  2194 13814]
5949,[18246 14559  6172 16196 11959 16716  4402 16307 16905 16486]
5950,[ 8052  1608  7015  8086  3055  4160   344  9324 21406 22794]
5951,[ 4876  3869  4436  4690 12740 17010 21334 18603 17519  8713]
5952,[ 1669  1578  1536  4941 12478 17983 13531  6035  1730 18444]
5953,[ 4969 16205  3082 12396 12924 22269 22588  2511 17296 16030]
5954,[19962 20129 12449 15739 21458 15388  3785 19198 18190 18040]
5955,[ 8769 13890 13964 14599  7242 14602 21359 13458 15253  1558]
5956,[ 1617  1760 22722  2427  1613 11536 22645 21702 13749 20883]
5957,[13463  6458  4594  2696  9719 13126 11101  4654 17100  9750]
5958,[ 4051 20701  4445  7550 11358 16510  8927 16930 14063 22756]
5959,[18576 18398  6824  1941 11100  7985 19004 19383 12729  6775]
5960,[15379  9751  6725 22764 16285  9700 18602  1966 15531 18060]
5961,[16017 18142  4013 21458 15739 16154  4669 21683  6607 13951]
5962,[ 9011 17306   766   904  9804 18139 10577 18569  2439  1988]
5963,[ 1550  4669 17793  6693 16296 11539  3353  4200 17714 13727]
5964,[ 8599  1864 17714  9907 14065 18115  2714 16554  8816 16766]
5965,[18340 21665  4203  1171 14752  4069 16450  7366  1070 11536]
5966,[14375 19383  7985 18398 20876  9710  6434 19066  5622  6903]
5967,[20653 22196 18142  4216 16154 18760  9967  3817  8391  1371]
5968,[16296 16908 19962  5429 19227 19288 14676  9393 10703 10289]
5969,[ 2503  5558  5866 17797 12076 10259 13155 14646  1890 21673]
5970,[ 8892 18888 18852  3846 21477 15064 17010 10881  7628 16818]
5971,[ 7988  4906  8429  9313 15052  3760 14386 16759 21690 19769]
5972,[22430  1859 10166 13981  7554 16529  3439 10938 10776  8618]
5973,[10174 12458 13207 13560 14005  7355  8560 13688  2457 17269]
5974,[ 1526 17231 18603 17897  4054 20608 17190 16899  2433  6542]
5975,[20796 22494 13049 16905  6429  4922  9810  2134 10618 19988]
5976,[12546 11447  6924  1934 10368  9603  1794  1905  1793 14889]
5977,[  924  6421  1386  4859 18543   857 10018 11353 20321  8693]
5978,[ 4858  2667  1440 12349 10690 10701 10739 19302 18695 12178]
5979,[ 3851 13706  4550  1893 10830  7767  3850 17519 17897  6291]
5980,[16554  9123 16168  8599  7828  4860 18627 22523   615 19198]
5981,[ 3699 19103 21348  7710 19227 12117 19104  3609  2011 21389]
5982,[22753  8783 14205  6715 16247  5736 22614 20396 15600  7400]
5983,[ 1893  2433 17897 13706 20327 20608  3851 16156  4054 15055]
5984,[ 9146 16552  8993 10977 19019 12718 16554 19198  1506 17914]
5985,[10855 16581  8197 12231  4032  9469  4692 13149 16820 13154]
5986,[ 3862 22430  2116 17880 18886 11244 20185 14972 16529  9067]
5987,[13082 22115 18364 10839 18606 18612   846 11507  4675 14330]
5988,[16046  1677  1676   984  1029  4552 15641  3765  1006  1298]
5989,[17897 13706  1893 20608  2433 18603  7767 17231  3850  3851]
5990,[15193 20892 16383 22360  4649 13879  3275 12797  7885 11508]
5991,[12501  3029  5031  4093 13955  4051 15342 16347 12648 16295]
5992,[13305  8408  2609 12184   874 20427  9734 17350 21215 23028]
5993,[18610 15378 15303 14979  6056  2186 20426  8293 11149 20479]
5994,[ 8387  5711 13044  1016 12479 16586 14591   789 11023  8905]
5995,[10473  8197 13532 17367  3212  9133  2077  8833 16769 16206]
5996,[17289 10472  2398 17372  7659 18391  3017  3135  2009 18645]
5997,[10301 16365 10504 14559 23145  9664 10687 14105  9647 16974]
5998,[18274 16544  8833 23014 19739 15342  7635 16193 16757  7550]
5999,[ 5196  7821  3743 21211 13948 19227 22705 11476  2795  2799]
6000,[16120 13158  2529  6607  3262 10003 16095 18094 10071  2511]
6001,[17016 22629  9090 10406  2661 21920  7628 21958 12118  8527]
6002,[17249 20672  2447  3075 21863 16919  9020 22921 19763 12995]
6003,[ 9670 16001 22520 19839 13467  6426 18308 22385  9813 16954]
6004,[12991 20835 22036  7928 16724  9799 12789 13464   892 13793]
6005,[ 7462  5829 16249  3376  8718 14466  8781  8171 12706 15767]
6006,[16252 13545 20796 16806 21970  7995 12822 12460  7954  7594]
6007,[ 2701  5412  5460  1506 17234  4689  2346 10923  1571 10289]
6008,[ 7426 17962 19811 14298  9752 20789 11551 11513 19780 16315]
6009,[13981  7554  3439 10166  3858  8618  8683 13007 16506  7462]
6010,[11225  4967  1022  8263  3812 17944 11237 13790   925 10372]
6011,[16908 17928  9336 11479  1013  2701  2716 18318 14065 17714]
6012,[11523 12061 10166  5196 13111 19603  7710 14018  1994 13394]
6013,[ 6857 22111  8162  2405  1349 13694  8141  3262   785 10248]
6014,[20757  8138 10285 18603 21592 20202  2167  7257 12792  2147]
6015,[ 9406  9343 19244 12065 15721  5498  5335  5882 19249 19103]
6016,[ 2335 11547 18567 20202 19012 16930 22551 12104 16425  9404]
6017,[17968 16815  2641  7689 10997 15019  6184 21609 17418  2487]
6018,[22276 10432  4641 22422  3374  3728  6237  5635 11988 10425]
6019,[16791  2943  2151  1664 18367 11460 21305   597 11629 11759]
6020,[13924 19268 16223 11225  8490 21630 20149  2508 22794 16208]
6021,[ 8343 16912 16130 16506  8138  6210  4870 16241 19047  1935]
6022,[ 2696  6644 13032  9719 10618 13463 22293 23124 20813  4946]
6023,[ 1201 11052  2403 19765 16457  3873  2061  5559 22258  4986]
6024,[ 6118  7291 20025  8367 13045 17640  9640  8840  2405  1260]
6025,[ 3837 18627 18367 20751  2151  4569 17351 22523 14004 11759]
6026,[ 6225 14967 18602 16044 16110 16858 16139  2025  8599 15739]
6027,[19347 13951 20129  4831 21458 17727  1485 16217  8088  2764]
6028,[16385  6328  1599 14582  1563  1923  1549 22099 13445  1700]
6029,[16334 13371 12789 12234  7550  6928 13635 16426  9039 16305]
6030,[ 8456 17289  3135 16726 18391 19932  1748 21851 18406  3017]
6031,[ 8341 16074 12879 10937  5048 14365 10139 15600 18381 19811]
6032,[19811 21793 15081 11513 16074 14769 21685  4484 21031 14179]
6033,[21952 15937  8051 14928 16207  6928 12789  5499 18322  9734]
6034,[14024 17179 20703  3697 18375 14386  9337 16852 14736 17961]
6035,[ 1528  1212 18367 10186  1664  4569   597 11515  5973  2151]
6036,[22478 17448 21339  7821  3262  1096  3699  5196 17792 21930]
6037,[21399  7587  5433 17787 12182 15172 19084 21368  9362  5334]
6038,[18825 14972  3079 21151  9663  3392 22296 22430  3862 15487]
6039,[ 2707 16372 16247 14205 22753  9209 12798 17965 16233 19740]
6040,[12490 14179 20789  7426 16125 15600 19811 10773 16074 20603]
6041,[15442 21950  5523 14034 22292 11182  7617  6440  6001 22621]
6042,[10770  5050  1274  7928 15746 22028 12285   892  2019  8134]
6043,[ 9956 10989  1513  2608 14067 18234  9724 16537 14428 17103]
6044,[16095  9383  6693  5461 11539 21916  4990  2680  3072  4200]
6045,[15044 13749  7232 15252 15477 19250  6848 21147  2963  2594]
6046,[10204 17077 10989 10293  2381 14314  1960 20597 22148 12719]
6047,[ 6208  3192 15342 19548 19739   890  2695 16930 20203  7248]
6048,[ 2064  1600 17059 11358  4527  4884 17077 10204  1875  1878]
6049,[19027 20709  4171 22355 12500  6982  9467 17353 15893 20208]
6050,[12231 11313 16581 16247 20664 20756  8351  3273  9469 20396]
6051,[12600 14147  8681 21891  9728  9381   640 13654 22637  4827]
6052,[10406 20379  6804  6026 19737 20733  8527 12539 12179 10045]
6053,[12485  2547 13854  2195 17168 10793  1461 13277  9467   620]
6054,[11237  3812 21710 13790 11493  4301  6118 20505  8367  3347]
6055,[ 3780  4182  5033 17121 17741 13871  1905 17724  1869  1934]
6056,[ 2680 15739  6422 18142 11539 11442  9766 20596 21683  4400]
6057,[ 4110 11167 21458  3837 16552 20192 19565 19693  1614 19019]
6058,[10365 16030 21489 13401  6693  4794  6446 19705 16791  9383]
6059,[ 8418  4237  5696 13082 14330   846 22115 22800  8256 18612]
6060,[21238 22304 22648 20883 22709 22645 21848 21233 23084 21503]
6061,[ 7124 21952 17227 14928  2662  7247  1608 13104  8459  5499]
6062,[14526  2722  4836 15087 18603  2167 13955  1683 13585  2147]
6063,[16315 10937 16074 12879 15600 10139 16125  8341 16399 15870]
6064,[13039  2707 15601 16553 16315  4158 15600 16399 16518  8228]
6065,[ 8662  7071 10313 15193 22667  8605 16347 10905 17227  1608]
6066,[10855 20142 21052 17375 22588  9789 16792 10770  2684  4741]
6067,[18246 10301  6172 16716  5566  3095  1359  2575  9335  1658]
6068,[ 2147 12483 13585  9110 21454 10133 10207  1754 12991 15937]
6069,[11018  6354  6962 11285   701 16319 19141 19960  7925 12080]
6070,[ 8992  8222 18760 18546  4481  9883  5312 18210  7627 19324]
6071,[13039 16616  7068  4166  5655 15600  4717 16399  2707  3375]
6072,[20149  6208  6715  9751  7740 15930 16399  7248 20606 16285]
6073,[ 1571  9359 22011  5460  8090  1691 11161  1927  6422 11123]
6074,[17370  5711 14223 22472 20092  1650  6335 12939 22563 15222]
6075,[10315 18085 12230  8091 18084 10257 21757 16200 15967 19766]
6076,[19047  4550 13007 16253 18603 10776  7767  3851 21592  8212]
6077,[ 9123 15049  7828 21828  4860 22523 10078  1998  2952 20947]
6078,[13253 11463 16021  8343 11387  8425 14257 21443 20215 21620]
6079,[11507 16883  6611  6357  6671 21720  5945  8577  4293  8121]
6080,[ 3089  9902 16135  4878 16339 19667 16053  8459 10133 23010]
6081,[21174 20498 13800 13727 10083 19066  6775 12472  7983 19004]
6082,[ 3374 22276 12302 10773 10193 22996 16315 22422 10937 14179]
6083,[ 7514  7928 22036  8138  2339  9799 13793 12747  4969   892]
6084,[13435  4654 17422 20621 21713 21979  6458  7699 21053 22673]
6085,[ 4188   628  2812 13043  2064 17077 22684 10017  6226  1548]
6086,[ 1853 13814 12302 14020 14943 10344 10361 22479  6615 22422]
6087,[14055 13621  2433 20589  4582 20608 17897  8865  7844  9142]
6088,[10858  4615 12446 19643 19264  6061 11523 18641  9223 22284]
6089,[ 8138 16912 16286 17256 18603 19047 17931 15616 18720 21592]
6090,[13969 11358  2019 20142 19242 13635 22588  4969 12234 10770]
6091,[ 1746 22071 14869 11281  9979 14575 13869  7070  2201 17779]
6092,[10905  1696 10764  7124  5499 17227  7080 18148 10313  8662]
6093,[ 1569  1132 22172 18384 18103  1615 14067  6778 17445  2742]
6094,[ 4013 17169  4071  6704 16123 11723  2245 13968 14104 18733]
6095,[ 3065  2786 13621 19535  2007  1017   579  9742 11015 10896]
6096,[20215 20192 19977 16705  5655 19530 11734 20970 16440  9935]
6097,[19649 14294  6088 13460  5668 14031 20781 21619 14315  6945]
6098,[20606  5646  9908 16774  8641 18340  5661  9023 20088  4748]
6099,[17897  2433 13706  1893 20608  3851 20327 12250  3850  4582]
6100,[ 7015  2381  8000  1696  2671 14591  3211  5836 20360  2722]
6101,[ 4652  5421 15174  5472  1193 18926 14907  2104 21047  7411]
6102,[ 5810  3728 16855  5938  4157  7655 14997 13810  4717  8591]
6103,[21453 14063 16193 17317 22684  7550 16564 16426 15342 16295]
6104,[ 6112 20175 12509 10049 17957 16366   597 21242  2547  6250]
6105,[10393 18425 16074 16315 15600 14205 15489 18313  1594 12874]
6106,[12448 15539 21571 18233  2761  6001  1362 15970  2384 17044]
6107,[20149  7248 16544 16208  2201  5907 16820  9751  6715 10654]
6108,[ 5493  1950  1969  1859  2988 16916   303  1967 12061  5196]
6109,[19765  6208 10016 23014  5907 20485  9751 19739  7740 10252]
6110,[21214 15334 13665  5228  2137 12228 19595 22725  5930 16190]
6111,[17763 19293 12130 19080 16792  9388  3631 10699 21607 22318]
6112,[19644 19033  7628  1523 21040 13434 21065 17703 20837 17253]
6113,[ 8218 12718  9146 19826 11656  6849 20762 20050 19160 14851]
6114,[ 6446  8460  1633  1300  1924 17291  1374 19813 13681 19518]
6115,[19765   309 17350  7740 10016  4059  9751  6208 23014 20485]
6116,[ 1878 17077  3874  1875  4527 17059  2064  1135  7504 11041]
6117,[17505  4408  4471  3332  9997 13867 19620 20709 18443  8718]
6118,[ 4792 21966  1513  4203  4050 20468 14293  2877  7044   307]
6119,[ 7015 10071 20360  5031  8953 12501 22719 13955 16347  8299]
6120,[ 9141 15524  2552 22049  5312  1316 18322 19740  8987  3273]
6121,[21664 21665 16450  6848 14091 18113  3044  7378 12448 11059]
6122,[12199 10692  1435  7791 10696 21406 21871  1286 13305  5836]
6123,[ 4654  3090  6458  6586  9719 10971 21979   594  8560  6943]
6124,[ 8927 14063 16820  7550 18089  4051  4445 13968 17335   890]
6125,[10870  4388 21620 12535  4333 12667 16569 11387  5874  7885]
6126,[ 4960  5048  3649 14705 10937  8973 10118 20892 13987 20606]
6127,[ 7985 14376  4132  5736  4051  7400 15571 15342 20876  1009]
6128,[ 6140 15044   332 15704  1595 16495  2853 10493 17122 21966]
6129,[10400  9647  3095 19831 15927  5692  5558 10151 22506  2705]
6130,[14706 19136  8027  6200  3701 15144 17758  8824 10723  3130]
6131,[15626  6456  7182 14365 15941 10937 21793 12955 16341 20053]
6132,[19570 19930 21664 21665   332  6530  5691 10175 11745 21731]
6133,[12716 20493  6629  1386 21873 18852  5974  9976  9284 20971]
6134,[19987 12543 22493  4322  2115 20634  2640 20963 21514  2333]
6135,[18824  6276 11520  4963 10328 13924 12984  9419  7942 17025]
6136,[ 6824 19644  2764  6775  1485  6446  2952  8788 11100 22478]
6137,[ 3244  2346 13686 17234  4689  2185 17068  1036 17928 10217]
6138,[18819 14544 17949  7274 16910  8751  1834 13665  2443  1206]
6139,[12005  8569 15766  4109 13595 12002 20767 19348  5163 15975]
6140,[10408 17055 21774 20925 12551  1038  9772 16851 19831 17949]
6141,[13986  6427 19602 20344 10438  2233  9325  6704 17169 12349]
6142,[11809  4563 16547 13686 22284 16810 17470 20541  1051  7712]
6143,[ 1994   624 14004  8827 13394  2943  3699 16791  5449 17832]
6144,[20701  8197  4051   890 18733  7550 18684  5736  8927 13635]
6145,[16315  5039 10393 15870  2707 16289 15656 10945 15601 16074]
6146,[14764  7207  1970 21581 13623  1966 10119  4132  7581 15632]
6147,[11304 16709 14183 13044  5691  6745  7015 15087  1754 11023]
6148,[15223 17038  6435 12357 14544  2819  8400 22563 13861  8751]
6149,[ 1542 16126 20699 12747 14907 21454  6778 17224 19712   960]
6150,[ 7015 20360 10207  1519  9110 10989 21060  2608  1615  2722]
6151,[10016  2529 15261  3212 17296  5907 17350 23014  6208  7740]
6152,[19989 19990 14293  2722 10204 10996 10293 14739   994  7477]
6153,[ 7712  4563 11809  7768 20344 16810 19602 13116 11169  9325]
6154,[ 5783  4960  9580  9864  4776 10183  9589  4495 15356 10883]
6155,[13039  5655 11267  3375  3728  7602  4717 18040 16616 15531]
6156,[10504  8608 11856 19513 12938  8131 20239 16274 14128 23000]
6157,[19948 21774  6210 17917  8683  2314 16912  8095 10478 17449]
6158,[19602  1285  4669 22269  9907 15915 13994 12729 20498  8599]
6159,[13830  3698 14210 23146 20051  3565 19102 13924  5456  8349]
6160,[ 5844 10741 10762 10761  5841 15080 19215  9971 15180  9338]
6161,[16791 18367 13859 17951  7341  2943 10522 11629 18100 21058]
6162,[10071 13994  4445 19548  8927 12991  9799 22764 12789  7550]
6163,[ 5690 14240  2237  7622 11982  3650 12449  8249 17727 15287]
6164,[10301 16899  7628  3095 13802 16818 20881  8953  3209 16716]
6165,[ 3123 11169 16188  2716 13727  9325 16936  5132  1392 20034]
6166,[21966 12556 12272  4917  2877   307 14067  2679 22039 21181]
6167,[18041 13062 12747  8117  1301 20127  2363  1166  1162 17302]
6168,[22496 16658  2957  5796 20340 21813  6960 12160  2393  6631]
6169,[ 6924 17807 19300 21386  8230 15492  1934 15033  9379  3614]
6170,[21573 11041  1247 16942 12479   901  1875  6363  2086  2715]
6171,[17968 16815  2641  7689 10997 15019  6184 21609 17418  2487]
6172,[20551  5453 17816 12162 15666 16700  3546 10646 19297  3545]
6173,[ 2717  9393  1036  3244  3123 13985 20990 11169 11501 16696]
6174,[17843 15388 19962  2714  7546 20143  5451  6643 11479 16908]
6175,[10808  4860 16883 11476  9123  7828  8121  6611 22523   615]
6176,[13143 12357 14544  2080 21214  9615 19994 17291  5228 22444]
6177,[22120 10150 16792 12454  3236  1306  4741 18664  2654  4527]
6178,[ 5729  7837 12556  1247 12501 17193 11366  3029 12209 16295]
6179,[19383  2335  2605  5930 10302 19004 20747 21174 14291 12898]
6180,[15354  2528 20869 18223 18071  4896 14388 12464 19588  1549]
6181,[10661 20549 13430  6038 20542 19308 21932 22087  3609  4419]
6182,[16942   969 21483  4100  1650 18046  2754  1724 20883  2137]
6183,[22460 22172  1569 10496 18475  2881 17257  9724 19316  1960]
6184,[11740 19602 13994  8197  4200  8927  5736  7550  7400  1285]
6185,[21031 10937  9165 22413 16074 21793  8474 12881 12302  3864]
6186,[21632  9944 19117 13287  7801  3808 14094 17070 21506  9476]
6187,[ 4157  4717 13039  3375 16616 16553 16125  7602 15601  5938]
6188,[ 3699  9393 16908 14676 19103 19308 13394  8827  2346  3700]
6189,[10880 12439  2506 21017  4700 19088 19018 22090  1979  4306]
6190,[ 4032 11461  9469 17965  3273 13154  9039 16247 18995  8197]
6191,[22761  1181  9479  3546  7273 22054 16791  2331 11629  9623]
6192,[10035 12061 17762  9365 14676  1950  5196  7710   303  2346]
6193,[20360  1583 11022 19667  1548 14159 16305 17440  1684  5031]
6194,[ 4445 16930  9404 22551 19242  3192 17059  4601  2695 15771]
6195,[16347 20485 16193 13955 19765 11528 13017 16544 16449  4892]
6196,[12955  6091  7182 14205 16517 18425 16341 13550 15823 18313]
6197,[19918 17140 18970 16690 14734 18908 11815  9877  3708 21628]
6198,[ 4431 22589 12333  2739 17070  4163 22409  6220  7053 19978]
6199,[18997 21052  1738  8197 10855  9692 22588  9133 18385  9321]
6200,[15997 15823  7019 10119 14205  7525  8605 20964  9141  7207]
6201,[21720 13937 21182 11362 21654   846  8795 11507 10432 21256]
6202,[10704 10661  3609  2011  7710 21348 10747  3699 19104  3618]
6203,[10775 19028 22918 11741   869  5313 10781  5035  8088 10623]
6204,[20144  7807 14863 17395 20862  7699  2144  2198  2063 17422]
6205,[ 7535  8662  1435  1608  7248  3453 13955 16207 20203 20964]
6206,[13585 15937 16135 21454 13713 21069 12991 10133 18070  2147]
6207,[11161  6698  2257  5722 19834  5551 18272 14937 12544  7984]
6208,[17914  8791 19620  5313 20050   888 19019 16552 16505  5035]
6209,[ 9133  8197 15827 22588 10855   784  9321 21052 18997 20080]
6210,[ 1659  7025 16720 17034 20568 18158 15925  1942 11298 22721]
6211,[21323  5814 23071  2024 13806  4735 21804 15045 10737  2175]
6212,[18627  5449  7828  3700 19962 17068  9336 16908  3072 14004]
6213,[17231 16899  3116 18603  7583  2251 20757  7628  4204 11259]
6214,[18760  7247 21952 21069 13459  7950 14928 11432 13713  9447]
6215,[16791  5600  1664  6695  2417 10243 18457 17206  8914   624]
6216,[ 2714  2716 17843  9348 16766 19532 11479  9325 12178  9907]
6217,[14676 22211  9336 17068  2185 16696  5882 13686  3695 13394]
6218,[14676  9336 22211 16696 17068 13686  2185  3244  1036 19185]
6219,[ 2241 19640  4982 13275 11529  1365 19381 22409 21018 14236]
6220,[20876  2077  7558 18551  2110  5622  1564 14231  8197  4200]
6221,[22211 19288 16908 12218  5882 14676 17783  5429 16644 19098]
6222,[ 6427 13986  2233 17169 20344  6704 10438 19747  1440 16188]
6223,[21907  9582  1488 19113 11244 10408 12124  3262 14327  9378]
6224,[21238 22645 20883 22648 21702 23084 21634 22304 22292 22709]
6225,[ 7628 20866 22700  8873 19384  2333 19644 11711  2687 17043]
6226,[ 7033  1968 14878 18232  9732 16134  4177 17273 13104  4721]
6227,[16705 20192  5655 20418 15830  9469 15923 10489 11267  1975]
6228,[18641 17928  1392  2038 19185  9358 19130 10923 16677 20541]
6229,[ 7407 14680  5882 22117 13082 17843 19532 16908  7069 10425]
6230,[19288 22211 14676  9393  5495 16908 12218  3618  8827  5882]
6231,[21932 12034 17865  6094 21369  3682  3609 17768  5590 21309]
6232,[16908 12218  5882 22211 19288 14676  5429 17783  3695  9348]
6233,[ 1513  2381 10293   915 10277 10989 14293  3222 20597 10996]
6234,[16458 20905 15889  1616  6328  1394  6255 22776  1386 20640]
6235,[ 4928 12028 14664 18194 17025  2822 18372  2939  9361 16014]
6236,[22049 13253 11463  9695 13039 15823 16036 16393 13879  7525]
6237,[ 3947 22918 20257 10783 11741  5884 20572 19029  2942 11619]
6238,[16908 10217 16696  3695 12029  5429  3613  9336 17068 13686]
6239,[ 8708 10489  1702 19064  3198 12484 10965 15923  2329 13743]
6240,[16168  7407 22117 10425 22211 13082 19288 19780  3618 16908]
6241,[ 3851 15821 16558 13706 10482  8432  3850 17897 10687 16156]
6242,[22049  6261  9695 11508 13253  5874 21443 20790 13039 13879]
6243,[16908 14676  5882  8827 22211 10217 12218  2185 10289 16696]
6244,[ 3699 13394  8827  9393 19308 19103  5495 14676 19288 14004]
6245,[15495  7541  3743  5751  9074 19027  9706  6216 21770 15395]
6246,[19288 22211 14676  9393  5495 16908 12218  3618  8827  5882]
6247,[ 8987 18602  5655 16044 17220  9751  9469 15531 18060 19740]
6248,[13621  9742  2007  3065 12108 19535 10622 13924 13151 16223]
6249,[16385  7355  8603 18473 19588 20700  2244 20601  5267  7975]
6250,[22211  5882 19288 19098 17783 12218 16644  5429 14676  9348]
6251,[22211  5882 17783  3695 16644  5429  3613 16696 14676 16908]
6252,[21452  8355 13631  1663  4885  3203 15792 10354  7708 19865]
6253,[ 7710 10704  2011  3699  8827  3609 19103 13394 14676 19308]
6254,[ 2257 14937 21149  7586  5551 11161  5488 18272 12505 11736]
6255,[ 5485  5336  5571  9342  8028 15081  3654 15580 11113 16650]
6256,[11015 21489  1924 17813  2257 11123 10365  5769 11161  2680]
6257,[ 4518  2716 20546 22575  4249 12059 16188 12349 12178  2667]
6258,[12188 17342 19283  5020  5836  9103 15673 21871 11519 14196]
6259,[17350 19548 13155 10252  3192 10763  1966  2508  3672  7070]
6260,[19288  5882 16908 19098  5429 22211 12218 14676 17783  3618]
6261,[ 7655  2236 13810  4157 16855 13684 18612  2025 14330 14997]
6262,[22104  8536  4924  1038  3120 17055 17190 20326  7273 19831]
6263,[21582  1702 10965 22269   892  1752 16724  2339 16261 22764]
6264,[ 8134  2630 15746   892 15174  7635  5050  2019  7928 10770]
6265,[  303 21387  2941  9401  5493 12061  3682 19134  5597  5590]
6266,[ 3212 17296 16206  7550  8833 13969 16588 21630 17367 13532]
6267,[15904 16168 19679 16554 13082  9146 10977  7426 12718 16552]
6268,[ 4728  5313 19019  3837  8791 22751  5035  2304  4727 16505]
6269,[ 7829  8967  6777 17777  3430 14837  9559  6321  6684 14601]
6270,[ 1814 14428  3986 16417 16207 10777 20964  8401 10996  8051]
6271,[21265 19123 15190 16644 11501 15717 19273 17794  1087 20546]
6272,[16506 18602 16139 20970  3375 16110  6225  6195  7554 11656]
6273,[ 6629  5926  6247  2704 10869  4734 20590  8667  8625  7305]
6274,[ 7946 16027  1183 19037 16708 23124  7954  6653 20813 11157]
6275,[ 4890 11527  1063  5926 11556  8640 14865  9678 14381  8625]
6276,[14851  8218  8791  2573 17914  2140 12718  3270  2129   864]
6277,[18602 16285  7950 16139  7635 16110  7400  9751 16044 16757]
6278,[ 7341 18100  5453 18764 10909  2726 13859  9337  2732 19673]
6279,[ 5048 10937  9751 14205 16315 13039  2707  8341 16399  9469]
6280,[ 7710 10704  2011  3699  3609 18578  3618 19103  8827  7407]
6281,[21323 23071  5814  4735  9225  2024 15045 21804 23036  6666]
6282,[ 6363 12479 11314  1016 22391 20360  2340 14293 12148  3827]
6283,[20757 20202 10285 12501 12792 16639 22400  8927 21592  2080]
6284,[18956 21035  4507 13667 22385 19009  4251  7236 12738 16001]
6285,[18887 11245  5909 12984 10165 14838  7921 12967 12694 12898]
6286,[ 1716   924 18026  8258  9002 19026 16028   857  4041 15889]
6287,[18040  8088  1614 19693 16789 22751 13614 11982  5035 12734]
6288,[ 7273 20879 17055  1038  7341 13162  1331 10408 22104 18366]
6289,[ 6982  3079  1897  4477 21211 13526 10153 11244  1235  4157]
6290,[16724  8197 16757  7928 17220  7550 16588 18060  8351 17317]
6291,[ 8145 16089  4642 15854 12737 13240 19114 10432  6237 11362]
6292,[17825 17767  9392  2560  4373 18233 19018 22780 13606  7964]
6293,[18956 21035  6571  9670 12738  3165  4507  6599 20778  2911]
6294,[16930 17059  4445  2695 22551 19242 16775 11358  1661 19940]
6295,[ 2151 18367  1664 17078  4569  4631 19603  3979  4474 13111]
6296,[19989 14734 16775  4445 14739 12648 10293  2695 17059 19990]
6297,[16691 17778  3636 10714 17770 14533 13432 12164 12122 19156]
6298,[15830  7068 16103 16125 16616 16390 12490 16372 15600 16518]
6299,[22452  1960  7179  6526   843 11425 22460 22351 13700  1638]
6300,[10304  4382 20796  1751  4922 11958  7482 22641  2613 13616]
6301,[ 8343 16130  2729 16241 16506  4870  6210 16371 20970  8351]
6302,[10870  5874 16289  5810 16569  1167  3728  7199  3374 16616]
6303,[ 8560  9509 21672 14207 21221   988  3406 15696  2402  5244]
6304,[16883   615  4860  9123  6611  8121  4642  7828 17914 10808]
6305,[ 5751 10263  4179 10808 19027  5311 12994  4349  2815  8525]
6306,[ 2911 18011 21035 18308 19361  2934  2676 18956 16001 15474]
6307,[ 9405  6008 13828 15147  3392 15253  9864 15960 21359 10678]
6308,[ 9133 13532  2083  2019 13635  8197 22588 12234   784 20080]
6309,[16708  1183  7954 14716  6678  7946 12822 16003 10983  8949]
6310,[20651 15965 15978 14468 16991 12523 14067 17294 16417  1595]
6311,[ 3244  9433  3837 17351 10289 10217 14004 13686 10021  2346]
6312,[14063 16564  7550 21453 16193 16551 13563  1564 15342 13635]
6313,[15254  3085  2830  6823  2494 10221 15401   857 10172 10427]
6314,[ 6069  3262 10151  8162 22111 10916  2705 12304  8141   785]
6315,[17291 18738  6941 22588  1548  8197  1633  1567 17001 12576]
6316,[13408 20200 13523 18476 15369 13406 17937 14457  8731 22217]
6317,[ 2680  3353 11539 12472  6693  4200 13951 21916  9766 10376]
6318,[ 8708  2329 22764  6537 16044  3198  8880 11022  6942  7756]
6319,[13621  6925 17813  4460  5769 11236 11015 13298  2007 11283]
6320,[11982  9914 10522  2382 12729 18230  4689  9860  3353 22009]
6321,[17965 16581  4032 11001  9209 16807 16578 12590  8351 16247]
6322,[19288 19962 16908 15667  3618  3700   615  5495  3699 19103]
6323,[14068 10852  5938  1884 19324  4333  1307  5808 14153 12797]
6324,[16581  4032 16247 20756  9469  8351 20396  6715  9209 16807]
6325,[19552 12636  2503  7663 22298 21673  5475  9119 22370  1890]
6326,[ 4032 16581 22753 16247  5736  6715  9469  7550 14033  7400]
6327,[13992  7388 14215  4233  7034 12936  2174 17640  2405  7089]
6328,[ 5907 10388  7550  7400  3192 19548 15342 12234 11723 17317]
6329,[14034 21363 22292 11059 19250 21950 21186  3040  7378 20550]
6330,[10237  4153  2769 19022  8421  1872  9739  4286  4287  2810]
6331,[10573 22946 10802 10977 11507 10839  8828 21720   846 13082]
6332,[14790 23093 11345 16241 16223 13120 16769   662  3851 10285]
6333,[15077  7531  4749 14465  9840  4864  8258 14034  2501 17922]
6334,[13577  9814 18040 10739 11456   825 18695  2733 13684 14575]
6335,[ 5185 10193 15830 20789 14257 14814 16553  1055  5654 22527]
6336,[12192 17027 12600 19951  7538  7832  4810  6968 12385 12350]
6337,[ 2439 23158 16775  9892 20351 22165 22204 15355 12199 10294]
6338,[13706 17897  3851  2241  7767  3850  6948 20608  1893 18603]
6339,[ 5374  2908  7043 20607 18935 16294  8735  4845 19524 11122]
6340,[11488  2369 23158 23014 18274  9732 16544  5052  7033  8373]
6341,[ 6517  7284 18400 22652 16771 13654  7941 12276  8324  9730]
6342,[ 9133  8197 13532  7550  2083 12234 13635 17317  7928 22588]
6343,[ 7984 15281  6698 12571 15695 19004 18272 18763  8816 10823]
6344,[10412  6617 14110  5176 18591 11024 22995 18917  2862 20648]
6345,[ 8263 10415  8361  5420 23163 17430 15261 12984 23157 11237]
6346,[17877  9689  6445  3408  4503  1761 12505   983  6675 11736]
6347,[22997 21272 11286  7808 17515 21149 17459 21302 14531  5593]
6348,[18760 21069  9447  2871  2905  7247 22667 18040 14928 16876]
6349,[ 3756 14376 13434  9773 20592 21628 21745 19644 13726  2114]
6350,[12075 19135 16702  9384 10662 17769  5455  1495  9778 10766]
6351,[ 9937  7426 21654 10432 10125  5479 21765 11513  5873 14943]
6352,[ 7242 12697 18552  7572  3649 10118  1167  5689 18430  5992]
6353,[16103 21620 16553 14323 15870 16021 15308  7182 17844 16440]
6354,[12104  1634 18465 21919 19644  7591 22700 18567  3121 22551]
6355,[16285 16110  4892 20485 10946 16544   925 16208 11740  9751]
6356,[ 9967 20653 19693 11167 19032 20609 18230 18040  3837  6422]
6357,[ 5829  4745 22758 10574  9429 13867  8964 20841 17560  7462]
6358,[17166 14575 15080 16263 23028 10766 21261 19281  5573  7248]
6359,[22753 18995 17220  8351 18060 19740  9824 10119 18602 16044]
6360,[22211 16644  9349  2736  5882 18115 14676 12070 22284 10147]
6361,[17230 16759 13660 15164  8709 10372  1842  7158  2349 19918]
6362,[21692  3198  9447 18733 18179  4013 13717  6225 21458 13968]
6363,[17772 20356  9103  3631 13968 10739 16123 17763 18577  5470]
6364,[14667 17765   849 23101  8259  8641  4792 10979 16392 15226]
6365,[20344  7768  1332  4858 20145 10690 10343  9325 13986 18695]
6366,[21214 13143  7478 16498 17995 14544 18694  8641 10687  5228]
6367,[14875  5689 18430  5048 21803 16855 13104 19956 16986 19447]
6368,[20192 19565 13810  1975 13743 11267  5655  3375 13039 15904]
6369,[ 4318 22468 13546 13791 20668  9164 21862 21898  2338 15408]
6370,[12874  2707 16440 16399 13879 15600 18995 16372 13039  8783]
6371,[11734  4424  2729  3010 16440 20215  4366 16021  6210  6260]
6372,[ 1752 10489  8708  2025 13810  9907 14967 19064  4669 16139]
6373,[17968 16815  2641  7689 10997 15019  6184 21609 17418  2487]
6374,[21330  8029 17837  5843  6008 19309  3674 15580  5581  9342]
6375,[13800 15769 14559 14105  8584 10664  6042  7728  7345 22472]
6376,[ 1724  1587 13445  1616  1679  1613  1760 21178  1016  4100]
6377,[ 3029 16295 13017 17988 16193 13955 13371 16307 12501  4051]
6378,[  864  2140  6671  4293  6576 20232 11656 13894  8121 11278]
6379,[17714 19288 14065 17928  5882 11479 20762 11643 22284 16524]
6380,[ 7903  7727 15107 11306 10960  5225 15323 21338 20072 10660]
6381,[22460  9724  9978  2950 22189   843  1569  1880 16092 20119]
6382,[13625  3672  8308 21422 19207 20623 14734 22722  3095  1750]
6383,[22211 18115  2714 11501 12178 17773 19098 22117 16685 19532]
6384,[ 8708 19064 15739  3198 22764 12484  9935 12734  9860  1567]
6385,[ 7635 12789 18060 13371  7550 15342 16044 13793  7400 19548]
6386,[17385  9734  3269 21952  5499  4149  6326  8880  3649 17998]
6387,[14065 17714  5412  9433  8816 22284  2716 19244  2185 17234]
6388,[10923 22284  1036  3244  2717  3789 13686 22269 11123   704]
6389,[ 2722  7015 12483 10133  2147  1615  2905 20597 14591 16876]
6390,[ 4093 12479 22551  5031 11023  4529  4160  8953  7015  1661]
6391,[16806  7995 18901  7594  5695  3014  9890 19037  6918 18631]
6392,[22211  5882  9348  2716  2714 14676 16644 12218 19244  2736]
6393,[ 7893  5510  4224  6610  8945  7942 16156 20571 16486 14889]
6394,[ 2019 12234 10770  7928 20142 13969 22588   784 13464  4695]
6395,[22011 11123 19244 10289  5551 12544  7586  9334  5489  1571]
6396,[14065 17234 17714 11479 16908 10217  4689  2346 20541 13686]
6397,[ 1166 13713  6655  7309 16989  7247  8496  7950  2820 13978]
6398,[16347 13017 16449 16564 13955 12945 16193 16295  7550 16820]
6399,[14790 19765  6771  4550  1201 20485  3851 18886  7957 11263]
6400,[15188 16720 12866  6085 15220  8564 16814 21459  7025  1659]
6401,[ 9615 14607  3080  3845  1871 10184 21781  4181  8280 19137]
6402,[20632 11615 20124  7794 15072 12581  4107 15191  7988 19833]
6403,[ 7525 13550 20892  9695 22609 20790  6091 15823 16437  7019]
6404,[10789  2916 17859 10259  1368  7601 19111 10680 21673 11002]
6405,[ 4649  9751  5048  1966  2536  8987 16544 16347  6725 12797]
6406,[20361 14257  6020 16455  2207  8481 11463  7199 11387  1593]
6407,[16506 19531  6751  4942  7627  3332 19855  8584  8992 16371]
6408,[19150 20844 18974  1209  3292 13942 17803 12681 12397  9358]
6409,[  846 13082  9752 21720  4078 11507  8795 13937  3217 10977]
6410,[  969   898  7807 20144  1394  2144  2754 20862  2198 22039]
6411,[ 1285 19602  9621 16792  4959  3082  2245 11723  9907 17169]
6412,[16168  3435 18470 20129 21211  3438 19198 21458  8599 22211]
6413,[22362 12833  7677 10931 21173 17004  1368  5407 12823 15476]
6414,[18562 12656  5367 13974 10106 11592 13146 17198 10530  5902]
6415,[11463 16455 16266 13253 16317 10852  6456  9695 16291 15943]
6416,[14997  1853  8591 16855 14914 19447 15227 14104  8992 18430]
6417,[14869 11281 17779 12065 11113  5571 16653 20684 20395 11456]
6418,[16820  7400  5736 15342  9469 11740 16347  8197 19548  9751]
6419,[20527  2630 22961  2511  4969  6003 17401 18870 12694 15746]
6420,[ 5829  7462  3332 10653  8432 11229  3376 19828  3075  2447]
6421,[18760 14318 16514 12890  4399  7950  9657 20653 16154  9000]
6422,[14928 10698  2871 15245  7232  1546 10358 11273 16876 19133]
6423,[10304 20796 17303 10618  7482  4922 12787 21970 20591 21703]
6424,[ 6922 13528 22573 15468 17031 16938 11725 12284 12858 14013]
6425,[14312 18764 11460 13877   597 11982 14240 18627  7828   875]
6426,[ 2236  9814 21211 13684 19064  9751 13810  3435  1859 20970]
6427,[13563  7635 17317 10388 10946 18685 10770  7928  7400 12369]
6428,[19740 22753  3273 18995 12798  9824 15823 21453  9141  1755]
6429,[ 9133  9321  8197   784 16017 22588 18997 15827 20080  9469]
6430,[10086 16683 13294 16703 11186 17826 11503 12063 15180  5456]
6431,[ 5230 17253 19033  7274   305  6285 10184  9855 20837 20017]
6432,[ 1941  2529 19012  6607 11547  7247 10400  1254 18551 15073]
6433,[19765 11488 16544 18274 15342  4059  2369  6208 23014 20964]
6434,[18306  5600 13374  5469  5864  3360  3738 15575  7291 10713]
6435,[15051 12204 12127  7564  4633  5254 17809 22325 22007 11503]
6436,[12792 19383 15616 21837  7728 20202 17291  6972 20360  2147]
6437,[ 5520 11488  1786  8000  5836   344 19989 21977 16775  4160]
6438,[18077 20901 16960  5439  2137 16458 16850 17224 10402  6347]
6439,[14679  5436 10380  5484  9577 10722 21386 15180 17761 10183]
6440,[21337 14688 14090 19144 12137 19176  5776  9339 17802 17826]
6441,[ 5751 10747  4179  4675 16822  6883  3430 16421 22538  7541]
6442,[ 4699  7840 21690  1234 12695   634  8492  7184 12266  5936]
6443,[ 2700  7015  8299  4885 20360  8752  3203 10622  1545 19066]
6444,[22764  3198 19064  2329  1702  6689  8708  6942 20645 13459]
6445,[ 6359  2233  6704  8632 16188  5132 11558 17351  9967  4757]
6446,[22113 16003 16708 19684 19711  9129  5036 17922  2501  9948]
6447,[ 9232 18639   330 17249 12995  2945 10553 12914 16480 16219]
6448,[19451  2314 19831 10859  7188 20879 11345  4196  1714  4987]
6449,[22115 13684 18612 22156  5252 13082 14330  4157 16855 10623]
6450,[12822  3014 19037 17730 17178  8608 14128 20239 10969  7594]
6451,[13275 16498  5308 16829 10192  7548  9061 13849 13207 17210]
6452,[ 3212  4051  5907  7550  7400  8833  4445  5736 12501  8927]
6453,[ 4825 20362 13883 15440  1271 15067 22739 19550 15205 12772]
6454,[ 2104 21820 12469  1660 21137 19128 13375 10711 17772  3074]
6455,[15395 14986 19228 10263  8966 14985 17758  6684  6821 21974]
6456,[ 8648 17129 12902  8544 22504 19676 19514 19677  7283 10845]
6457,[ 8008 14959  7755 13519  2717  5193 19134  3705 12070 19566]
6458,[ 9055  1875 11803 17367 13969  3212 11041 10473  2065  1878]
6459,[15323 20935  5225  9546  2322  7903  4595  9924  6631  5948]
6460,[19349 15524  7207  8459 15651  7756  2552  7124  3055  1949]
6461,[12468 10033 18674 16125  7572  7242  5992 12697  5689 16855]
6462,[11652 16506  7462  8343  5829 10391  8432 16130 21288  6260]
6463,[17351  3837 19032 12734  9967 20751  7324  6359 14149  9693]
6464,[17422 21713 20621  4654 13435  7699 16928  6458 21053 13115]
6465,[22113 16003 21588  3403 19002 20665  9948  9129 11552 13463]
6466,[10368 17948 11929 13624 19042 15987 14711  3088 20337 15492]
6467,[17843 12218 22211  3952  4860  7407  5882 11008 19962  5412]
6468,[21979 22113 10983 13463 23000  8100 22600 12717  9696  5040]
6469,[11358 20701  2313 13635  4601  9799  1875  4445 22756 13043]
6470,[ 4092 21571 22727  9840 10842  5910 22090 16708 16003  2204]
6471,[17129 12902  8648  8544  9457 19514  5785  3356 19676  3921]
6472,[23055 21530 22645  9505 22722 20219 20883  2635 22648 20881]
6473,[13879 13039 16036  2729  6725 16544  7248  5048 16440 20970]
6474,[17339 18145 15670  8271  6734 22190  6974  6596 13692 20560]
6475,[ 7587  9771 20213 19726 14742 12654 17787 22758  6312 15215]
6476,[ 6591 18158 17034 14849 22721  7025 22099 15925 20568 11298]
6477,[16603  9240 11064 16926 20545 12216  9487  1957 20798 12775]
6478,[ 4763  2304 19679 15904  5178 22276 20789  7973  9146 16522]
6479,[12135 16852 17573  9975  9337 17961  1096 14715 17516 18123]
6480,[16912  8095 17029  7462  8781 14466 19948  6210 17449 19047]
6481,[22621 21114 23006 22102 21702 10778 21197 11057 22713 22292]
6482,[15466 13126 20621 13134 16966 17100 20063 21713   594  6458]
6483,[ 1485  2764 21364  5930  1656  6434  5769  2510  4529 17813]
6484,[ 2346  2185  2151  4689 17234 18470 13686 17068 19198 13394]
6485,[12272 16498 20700 20601 17163  5034  4888 20321 10963  9962]
6486,[13811 10808 22359 12492  9549 18597 16273  9020  4391  4821]
6487,[ 6326 17341  3055  8880 17169 18432 17772  6537 16686  4071]
6488,[21226 15174  3172  2630  8134 16987  5421  8199   892 22081]
6489,[19080 17763  3668  5595 13396 17802 13375 19293 17821  2936]
6490,[10104  7765  1369 10133  7179 16876  2905 13585 16135 14928]
6491,[ 1695 17169  7118 10438  8941 16792 21052 22120  8074  4884]
6492,[17968 16815  2641  7689 10997 15019  6184 21609 17418  2487]
6493,[ 8222 18465 14091 10897 14183  4910  8387  1579  2722 15087]
6494,[16390 16372 15308 19867 16130 15621  2707 17652 16517 16315]
6495,[ 1683  7928 16564 11358  8459  7550 16193 20701 21453 14063]
6496,[ 4424  4036  2729  6210  4313  6771 14790  7627  8695  2824]
6497,[19451  4037 20608  9679 13706 22921 18109  1208 14174  7034]
6498,[21186 21298 22102  8131 11424 17651 21437 21961 20950 11182]
6499,[ 7180  6210 20215  4366  7627  4870  5808 16802  8343 13743]
6500,[19667 16053 20360  8822  2905  2608 16639  3089 10133 14928]
6501,[13207  6220 23101 10192 13991 17160 16369  5308  8470 17210]
6502,[ 6948 11418  9332  1239 20608  8843  5034 17297 13802  3846]
6503,[ 5655 11267 16705 15531  3198  9469 20418  3375 16467  8708]
6504,[ 8966 10825 21840 18879 16984 15395 10263  7952  2795  5751]
6505,[14790 19765  4892  3851 20485  4550  6771 16241 23014 20153]
6506,[ 8584  9615  6616  4870 16506  7180 13509 11664 16639 18398]
6507,[19451 13007  2314 16912 19047 17897 10151 10776 12250 20879]
6508,[13031 12741  2526 22172 10133  6778 16733  2137 10496 18475]
6509,[ 4366 20308 18188  4737  4110 17871 17449 19693 20192  4670]
6510,[13743 16724  2339  4737 10965  8708 15616  4904 19500  2999]
6511,[ 7015  2110  4529  5031 11863 20876  2340  8052  4611 12479]
6512,[10770 13464  7928 16588 20142  8197 10855  7550 13563 17317]
6513,[16135 22452  2552  7179  8987 19500  8459 11022 21453 11425]
6514,[ 5783  1746  5048 14575  7242  5573  9751 10118  5992  3712]
6515,[11016  5197 14625 19644  6069 22478 11391 17253 11629  5228]
6516,[ 7995  5411  7398  1763 12833 10931  9225 15036 12277 18968]
6517,[20932  6678 12460 17547 16991 22519 20741  9002 19590 16476]
6518,[16347  5736 16757  7400 18210 16193  8987 17220 16449 16564]
6519,[10977  4726 11322 19693 10787 10623 15904 20609  5412 20143]
6520,[12480 16223 16205 13621 10071  8085 18576 19535  2007 11528]
6521,[ 4016 15379  9657 14104 10078  7235 16285 21226 14967  6607]
6522,[ 7033  9732 12454  4986  1286 14090 16588  1486 12945 21366]
6523,[12159  8041  8044 20881 13151 22722 13625  8308 11236  7628]
6524,[ 5196 23062 10166  5453  9582  6684  2393 17758  7821 19735]
6525,[10965 13743 13722  6210 16496  4366 14467  6616  2999  7180]
6526,[ 1020  4917 20700  9808  3746  1616 20221  2411 10431  1679]
6527,[ 3082  1285  4959  8134 10699 13104 15746  4969 13822 13994]
6528,[ 4960 12302  6315  9165  3860 21031 18232 10937 14763  6316]
6529,[17064 10878  7045  6591 18838 14849  2986 19250 22721 16720]
6530,[18470  6225 16467 16110  3198 19198 15739  9907  4537 20970]
6531,[17095  5573 14575  5783 20606 16263 17166  5415 19497  1746]
6532,[ 7247  5697  9734 17385 13104 11432 10762  4149  5499 14875]
6533,[ 5946 17546 14031 10346  7018 15085 10463 10459 10464 12539]
6534,[18232  4681 10393 16315 15287  4261 13026 19455  3751 19633]
6535,[13448 10777  1960 16489   628 10017  6226 22452  1565 22684]
6536,[17792 13684 21949 22973 20308  2856 20143 18057  2335 10153]
6537,[16616 22996 16399  3728 10937  3374  7885 16315 22479 16289]
6538,[ 8591 14997 22156 15227 16986 13910  2025 14104 15379 13577]
6539,[ 1285  3082  1854  5776 17264 18859  4959 13104  9621  5706]
6540,[ 7611 10151 17519  3439 16241 10776 18109 11033  7627 21869]
6541,[ 9814 16020 16139 20192 18470 16208 16467  8816 20970 21211]
6542,[ 1167 18552 23003  3649 19447 23040 21803  1845  1973 15392]
6543,[ 8822  3089 19667 16053  8987  4870 13743 16347  7180 20970]
6544,[ 7575   993 15467  1581  9647  1526 22506  3095 11244 17231]
6545,[ 7554 21582  7273 10938 20925 13030 18366 13859 17302  8683]
6546,[ 3864 16315 18143  7279 15870 21031  2472 16074 12286 12879]
6547,[16550 11319 20345 14186  3411 12731  8317 14179 10139 16125]
6548,[11479  2701  2233  2714 17234 13985  2716  6359  3695 21394]
6549,[12277 17391  5411 21300  3359 12153   642 10764  6113 10905]
6550,[ 2608  8350  6778 16092 16639  9724 22189 20158 20360 19667]
6551,[ 5749  6934 10412 19951  8519  5306 12191 22984 18056  6968]
6552,[17385 15357 11644  2639  1435  9734  5499 21393 15406  2609]
6553,[14331 21247  5718 16216  2397  4408  4471 12964 12232 10574]
6554,[16912 19047 18603  8138 13007 11532 16286 16241 14466 12250]
6555,[ 7426 14298 17962  3270 10418  6794 19679  4800  1710  2326]
6556,[13104 19548  7247  5499  2695 17273  1435 10762 15207  1968]
6557,[17105  8185  2176  1669  2104 21137  3211 17299 15773 19283]
6558,[ 9956 14428  1608 20964  5691  8401 20203 15342 16207  3986]
6559,[ 9751  6775 13800 14575  8299 18902 11020  4940  9814 19548]
6560,[ 6775  4831  8299  4940  3353  6972  6607  6693 11539  2680]
6561,[ 5729 19349 12442  7728 16053 20360  1638 16802 19809 13700]
6562,[ 3044  2622  3416  3406  8573 17445 20853  2740 11057 14465]
6563,[ 3082 11740 14288 13994  2236 16208  4969  5907  9621 10071]
6564,[10304 11780 10440 10434 10493 21147 18240  7482 10441  6848]
6565,[ 2578 15889 16458  2319 11144   307 14388  1409 10475  3846]
6566,[ 9372 10694 20886 12074 13607  6000 23028  6006 22477  6829]
6567,[ 5776 18859  4177 21513 12137  4959  1854 21168 10699  1285]
6568,[ 6794  7426 10418 14851 10977 10417 10425  1652  3270 14298]
6569,[  896   799  4101  1698 12482  6600 15235   764  3027  2198]
6570,[ 2729 16021 15601 16440 10118 16518  5938 16573  5874 10870]
6571,[22211 18115  5451  7768 20344 20546  2714 11426 19244 12178]
6572,[18402  2640  7964  9637  4322  4545 22934 10990 22493 19987]
6573,[16103 16393  7182 16518 13039 11313 16517 16440 18196 20790]
6574,[ 3270  2707  1594  9209 16399 20715 16440 16247  3435  4905]
6575,[ 3789  1305  1734  1575  7781 10923  4648 18999 11169 12408]
6576,[11424  6113 21961 17651 21186 21638 21298  6230 21147  7378]
6577,[11552  9129 21979 22113 16003 19711  9770 11985 10436 10983]
6578,[ 3428  9903 15251 21939 13377  3514 12064  7564 15051 16648]
6579,[10690 20344  4858  9325 17773 10739 16654 18115 12059  3604]
6580,[22691  8540 14147  8463 18837 19951 15507 13460 14735 21891]
6581,[ 9724  1960 20158 14928  4878 16489 10989 22452 16092 10777]
6582,[ 5736 18684  7550  7400 17317 16426  4051 16193 13532 14063]
6583,[22219 16748 15849 19350 16985 11250 19459 19653 18085  6585]
6584,[ 1234 17106 18426 14843  6023  2244  1380  6563 14734 17453]
6585,[20876 12479 14644 11863 17763   344  9055 19242  9660 11358]
6586,[10663 16756 20143 17351 19244  9433  5451 17782 11456 16296]
6587,[19163 20603  8783  6020  1594  4972 20783  4314 22609  1640]
6588,[ 8718 16249  7462  5829  3332 19620 20308 17449  8171  4670]
6589,[ 5403 12462  3095 19943   840  8041 10301 19018  2687  4373]
6590,[18602  6225 16705 20418 15923  7973  8218 16110 16858  9469]
6591,[ 7950 13217  8992 14104  4213  7123 19953  9657  4016  1547]
6592,[ 6771  4870  4892 16241 20485 16757 14790 13007 10830 19047]
6593,[ 3437  3916 16347 18551 10071  8299  7985 12472  2077 21683]
6594,[ 2714 21140 19532 16766  8816 17773 11426 19154 20523 16076]
6595,[21466  1198  3134 14315 11788  1916 18571 19224 13443  9762]
6596,[ 5048  4960  7248 21803  8605 13550 17385  3649 10118  7124]
6597,[ 8501 18369 11953 10382 14843 12622  8167 11593 12733  9225]
6598,[ 6188 14580 19379 10766  6628 10764  4913  3359 22641 18494]
6599,[ 7586 11643  5551  9334  5489 12544 21489 19244  9515 11123]
6600,[22413  8474 12318 12490 13617 11513 12286 14179 19811  2194]
6601,[19244  5551 11643  3383  1013  9334  5489 22284  7586  5488]
6602,[ 9378  2705  6433  9647  3672 22506 15927 14288  8085 20623]
6603,[14067  1814  3986 20651 15965 15596  1513  8401  9956 12523]
6604,[ 2140  3801 11530 11278 13894  6576 17914  4293  6611  8121]
6605,[ 1875  9133 20701  1135  8197  1941  7928  9820 13043 13532]
6606,[12199 21366  9380 18908 22052  5836   788  9404  5450  8052]
6607,[ 6839  2362 17745 19916  8293  5715  6944 14359  8137 22145]
6608,[ 7242  9080 15272 21981 12697 10937 16125  8228 12286  9165]
6609,[13274  3209 13490  8518 18240  3419 20989 11467  4195 16507]
6610,[13082  9483  4512 16168  7407  7069  5412 20523 19679 11008]
6611,[18056 10530  5199 12350  4810 20733 14031 19737 15447 18917]
6612,[22575  2476 16188 18318  5132 14408  3123  3789  1734 12029]
6613,[13371 16193 17317  7550 17220 18060 12789  5736 13793  8197]
6614,[17965 12798  7246 13623 10119  7207 15823 15824 11001 16292]
6615,[20608  4582 21918 17038 17214  9763 14462  1939 20880 13370]
6616,[12336  4757  1371 20653 13062  2820 12285 16789   953  2339]
6617,[17782  7407 16756  2011 14676 14651  1110 22097  9406 10289]
6618,[ 6704  8632 19747  1874 13967  2233  4757 18899   868 12484]
6619,[ 9935  4688 11454 11551 13865 20677  1505  4446 20895  2315]
6620,[ 1571  5460  2476 18695 22011  2701  2233  5722 16188  4249]
6621,[18494  1167  2621  4941 11587  8753 18552 13531  5574 17379]
6622,[  765  4528  1316  2552 18926 18070 17037 20187 14541 12166]
6623,[13458  7242 15253 13828 20840  5783  9165 12468  8769  4960]
6624,[12164 17770 10716 11186  7160 15180 12165 21264  9385 17785]
6625,[16347 15342  1608 13371  5736 16193 20203 20964  1966  7400]
6626,[ 6542 20925 20403  8751 17949 17860  1834 22400 11142 17291]
6627,[ 8615  1777  1787 14092  5360 15846  4379 15863  9020 22434]
6628,[10487  2304   651  4763  1055 22276 19679 13855  9146  5178]
6629,[15980  1701   359  8141  3453 17157 18970 18756 10673 11724]
6630,[13879 13140 13253 16036 11463 21443  1937 16371 13141 11508]
6631,[20571 19867   711 14889  3859 15942  9209 20185  4892 15766]
6632,[22052  7791 16775 12199 16683 21366  5520 22007 12153  5836]
6633,[ 9482 21001  6312  9362 12914  7262 12283  7255 12033  4882]
6634,[16154  7973  8218  6225 16017 18602  4800  3817 18142 21458]
6635,[17160 16498 15821 19334  4526 10687 14005  8650 10192 16905]
6636,[11552 15252 21966 22113 15970  7617 12272 23006 22621 21114]
6637,[21813  2726 14312 11775 10522 16161  9762 18764  7341  2732]
6638,[ 4700 15303 22373 13883 12794  2506 18566 12179 15271 22393]
6639,[ 9388  3604 17773 10690 19080 12130 17793 16654 20344  4858]
6640,[ 8930 12475  1577 13118  1748  1749 11820 19932 12975 16726]
6641,[16247 17962 13572  1640  3451 15915 16399  6503 16376 13219]
6642,[ 3817 12890  9657 18142  4216 22196  6451  7950 16154 19953]
6643,[ 1949 22351 20108 16449 13017  5729  1519 12945 16053 16495]
6644,[20609 10623 19693 11167  5178  6225 16552 22800  7973 19620]
6645,[16021 16553 20215  8343 16440 15879  2729  5026 16130 15308]
6646,[17300 22071 18096  2490  7516 16567 21995  1746 16516  6628]
6647,[18084 12542  3985 19669 22018 13467  6927 15935 21287 11675]
6648,[22706 16553  3728 16125 22996 15601 16315 15904  4158 15879]
6649,[21373 17633 19301 21292 16030 22575 22158  5735  5593 12059]
6650,[ 9751  4166 14575  3735  6715 15930 22614  7248 20149 15342]
6651,[12902  8648 17129  4543  3356 20723  7283  8544 18856 16413]
6652,[ 1814 15596  8401 20964  5052  8662 16207 13955 14428  9695]
6653,[ 6596 20560 10894  8271 17339  7671 10638 12920 13692  6216]
6654,[13686 10217  1036 17234 14676  2701 22211 10289  5882  2716]
6655,[16547 22336 17928 10923 16810 13436 20541 11643  4563 12408]
6656,[ 9751  1966 14575  4071  3198  9814  9469 11740  6225 16705]
6657,[11551 16554 13082 19679 10977 15904  9146 14298 13810 10623]
6658,[ 2104 19242  7411  4601  1274  1661  5472 19281 18970 18089]
6659,[11439 21790 20994 16873  6058 22288  4306  2712  8237 15496]
6660,[16486 11315 16307  4313  8729 16905 19334 15838  3965 17412]
6661,[ 7655 14997 16855  8591  5689 10006 19200 10623  2236 12449]
6662,[ 4249  1305 11123  9359 22011 22575  2680  1571 11539  2476]
6663,[15342 20203 20964 16347 16193 10313  1608 13371 16426 13955]
6664,[20129  2346  7721  4569  3435 19198 18764 13948 14004  3438]
6665,[10193 16553 11267 16462 11585 11734 13039 15904 14257  5655]
6666,[14774  9644 12654  6207 18178 18940   334  9531 21389 17788]
6667,[19941  2103 16437 15942 20108 17931 16113  5729 16449 16036]
6668,[20292  7538  6944  1202  2400 18208 19555  9845 12179 22747]
6669,[  849  8000  1171  5047  2671  2439 17064  4886  7044 15226]
6670,[16850 22416  5439 17257 21636  1132 10475 22519  6526 21181]
6671,[ 2282 10003  5797  1176  1847  3262 15435 19384 12461 14907]
6672,[12833 17651 17004 21961 16274 14128 16794 13831 11424  1368]
6673,[13082 19962 10425   615 12218 16908 16168 16883 17843 17180]
6674,[12492 16273 13811 10808 22359 20713  6357  8531  8121 17914]
6675,[16315  3270  4158 12318  7426 13526 10418  1710 10139 14298]
6676,[ 8085 15335 12159 11259  2577 13790  4947  3095  8263   840]
6677,[16705 16467 20418 13743  9469 19958 16522 15923  5655 15531]
6678,[14851 16168 15904 14298  9146 12718 10425  3270 19198 16554]
6679,[ 8082 13616 11780 12333 16991 10979 17915 21180  6023  3419]
6680,[19383 18398  2605 15102 18576  1941  5622 13158 12729  6824]
6681,[18728  2167  1617  2961  8953 20360  9087 16899 11304 14526]
6682,[15323  7903 14921 19951 15078  6804  5749 13379 15271 19186]
6683,[15379  8992 12674 21803 14104 19956 22479 19447  1167 19953]
6684,[ 5645 12221  4237  3733 19669  7183 10268  6851 14099  7079]
6685,[ 8875  4614 17177 16907 14709  9222 18880  3118  3460 22799]
6686,[21458 15739  4669  6225 16154  3013  9967  4013  8816 18230]
6687,[14967 15904  8145  4642  4800 16076  2326  9146 11322 13240]
6688,[ 2236 13994  3082 19064 16044 22764 10071 18060 16285  3198]
6689,[ 4093 15087  2077  1683  7514 18465 11358 14730 12101 12648]
6690,[19831 13370 20676 13471   599  4924 19929 19545  1871  2078]
6691,[10153  8683  4904  7732  4110 20484 13717 20308 17449  4366]
6692,[19552 12636 14536 14406 21673  5826 22298  9510 21704 22370]
6693,[ 3735  6849  4166  5048 20603 15600 16247  1594 16399  6725]
6694,[18603 16912 19047 20925 21592 17190 22104 16253  8138 13007]
6695,[18088 21868  6878 12550 12794 13883 22164  4037 15440 19605]
6696,[  642  2152 21300  1763 21804 21381 21736 16186 11086 21638]
6697,[16806  7594  5695  7955  3014  9890  8078 21221 22600 13466]
6698,[ 2116 12684 14790 16208  4477  1965 11260 12301 21026 11701]
6699,[16440 16021  2729 16130 13253 16103  8343 13879 16371  4870]
6700,[ 4349 19027  4171  8964  3865 10574 13862 11621  2397 21670]
6701,[22211  5882 17843 14676 16644  9348 12070  2736 12218 18115]
6702,[ 7461  4609 11258 20961  7273 14389 10916 20666 16493 10949]
6703,[11558  8391 15388 10701 20653 13240 21692 18642 13217  8816]
6704,[11585 10977 15904  4728  3217 10802   651  4727  5313 19565]
6705,[13609  6246 18567 18870 16947 12396  8134  7220 22478 15189]
6706,[13810  4157 16616 22156  4717 16125 15601 15904 19064  5655]
6707,[18597 19027 10827  6462  4391 22355 19327  3947 21862 18943]
6708,[15210 17823  3052 19305 19728 13376 21462  2006  6934 21396]
6709,[14732  7708 22801 11447 13964  1902  5482 14769 17837   771]
6710,[19079 17793 10739 16076  2714 22211  6672  9368 17773 12178]
6711,[ 7207 13371  4878  2064  1608 16402 16305 16207  6928 21952]
6712,[ 9534 23157  8162  7536 17262 19692 12192  2790 23008  5420]
6713,[ 1013  2716  2714 16296 11479 17714 12178  9348  5882 19244]
6714,[ 3017 16801 20561 13145 10286 19901  9922 17372 14982  9929]
6715,[19583 13470 21843 10221 14207 20610 10237  4153  4756  6600]
6716,[17773 18115 11426 20344  3604 16766 16685  9325 16654 19864]
6717,[ 1893 19451  5362  1208 20327  4196  7034 22616 13057  8280]
6718,[18476 21840  8966 10263 10825  7074  4675  8579 14283  2795]
6719,[12159  1207 10371  6796 13621 13151 20881   901  6925 19943]
6720,[ 2890 16572  1563  1234  7434  4572  1599  9003 10011 19668]
6721,[ 7627 10153  4670 13810 20129  3375 19565  3332 11656  6725]
6722,[ 3865 16447 20208 11652  3862 20053 15601 16130  5938 12500]
6723,[ 4049 16452 13033 22104  3858 16253 13162 16568  3120  7296]
6724,[13810  8708 18040 20609  3198  4366 20143  5655  9814 16552]
6725,[21012  3705 17334 13519   905 17410 13436 11362 10494 10418]
6726,[13509 19500 13459  5655 12442 19349  3089  2956 18040   728]
6727,[19989 19990  3986  2381 10293  1529 10313  7080  2695 20964]
6728,[22211 12218 17843  5882  7407 19098 17783  9348 14676 18115]
6729,[13793 22036 18210  8668 16757 16639  8401 13585  4904  7514]
6730,[18596  7951  8518 18113  2204 22031  7817 22727  6744 10969]
6731,[ 8556  4049  2382 16568 17951  8081  7471  4690  4881 18571]
6732,[18156  7822  7985  1947  5930  2508  3677  7070  1680  2907]
6733,[ 3212 16193  8833 18684 13532  7550 16564  4051 16295  5736]
6734,[ 1935 13955  4313 13722 20360  4036 16802 16639 12792  4870]
6735,[13287 19965 20431 10651 10164  2598 20799 21708 19614 12354]
6736,[ 5469 19673  2959   875 18764 17832 21466  2581  1588 11517]
6737,[18274 10699 15746 19215  3121  4177 12454 18089  1348  1274]
6738,[ 9789 18887 18926 20142  4963 21452  9339  9235 17820 13154]
6739,[ 7808 11286 22997 17515 19629  5222 13055 14531 18763 11867]
6740,[19383 20498 17037  6941 19593 14375  9820  7120 17291  8197]
6741,[21702 21233 22459  8953  4093 15521  6322  7816 13625 10778]
6742,[16681 16720 10126 11023  6440 17064 17927  1659  8387 12180]
6743,[ 1586  1207 11529  6542 18665  5916  2739  8730  5232 10990]
6744,[ 3862 10620  6462 15487  3079  1235  3865  3858 11476 11244]
6745,[ 8258 21541  6045  4041 15970 17398 11353 14392 10969 18543]
6746,[ 4601 19242  2313  8927 11358 22588   890 17059  4445 12789]
6747,[ 8088 21211  2237 19620 17932 10353  2393  4670  5690 11264]
6748,[22126 10026  9665 12974  7828   303  4860  9123 22211 10700]
6749,[18507 12499 10289 20143  9860 16030  1567 12734 17687   868]
6750,[ 2405 13057  7978  8367  7291  9640 21918  7388 17974 22944]
6751,[17470  5449 17928 18642 16547 22336 20541  7324 17466 18627]
6752,[ 3604 17773 16654 12130 19154 12120 10744 19864 10690 19080]
6753,[  615  9123  4860  7828  8828 19962 18627 22523 16883  4642]
6754,[ 8822 18460 16802  6210 13743  4366  7180 19667 13722 20108]
6755,[12063 21481  5850 18825  9405 15356  3392  9589  4960  4776]
6756,[ 7903 20072 12192 20056 11382  5749  6904 12600  8377  4810]
6757,[19383 19593  6903 15102 19813 14375  6434 18666 19994  1078]
6758,[15501 17372  9929 19901  2009 14208  6922 17276  3111 18454]
6759,[ 5985 15238  6200  9340  3545  5478  3535 12182 21308 17816]
6760,[17773 16654 19154 18115  3604 10690 11501  4858 16685 20193]
6761,[10016  8263 15261 17282  7030 23163 17262  2006 10415 19856]
6762,[16045  9627 23124  1183  8436  1384 15770 20741 16736 10618]
6763,[16553 16462 15904  9752 10945 16125 14064 13957 14179 11585]
6764,[ 3429 16685  7755  2714 17773  5496 16766 11402  9352 19134]
6765,[  651 10432  3947 16553  8993  4670  8481  9752 20789  4579]
6766,[19765 16457  1201 15193  6771  8649 20485  4892  7957  4550]
6767,[ 2381 19989 10989 10293  9514 16510  7080 20158  2695 19940]
6768,[13017 12234  7550 13371  4059 12789 20142 12945 19548 10388]
6769,[21304 21394  3695 17783  3658  3613 16644 20990  9336 19098]
6770,[ 3604  4858 19080 17341 17772 11723  3083 17773 21168 10690]
6771,[ 4673 10393 13076 22216 22977 22605 18232  5048  5938 16079]
6772,[12458  2457 11492 10174  3406 10679 22037  2622 15962 16806]
6773,[13743 20970  6210  4366 16467  8987  5655  7180  3375  4870]
6774,[ 3728  3375  5655 11267 15531 13039 19324 16616  9751  4717]
6775,[ 5714  7774 21330  8029  5571  5486 20182  5484 16692  7073]
6776,[19198 20762  8599 17843 11479  6643 19962  2714  2185 20541]
6777,[17703 16852  6721  6061  1303   880  2082 16343 17961  9223]
6778,[ 2717 17410 13985 13686  1036  3123 17234 17714  2716 10217]
6779,[ 7602 14875  4149 13577  3649  7124  9751  5655  5573 19672]
6780,[16268 16168 13082 11551 10945 15904  7426 17962   846  3270]
6781,[ 8185  1729   765 21137  3211  9377  4069  2619 15937  1730]
6782,[20484  7188 21774 10408 17055  4737 20925  4994  1924 17949]
6783,[11396 21393 17385  9734 14766 11644 10764 15976 11025  8064]
6784,[23162 22939 17064 19590  6255 17915 10878  1930 14849 20932]
6785,[20206  4745  4179 13692  6734 23037 20841  5311 20358  4349]
6786,[16522 13572 15830  1975  1500  7973 15923 18997 10489  2304]
6787,[ 1051 15039 10494 12408  1571 20698  5132  2233  1575 10787]
6788,[17862 14389  6710 15068  1893  9772 19451  3075 12551  2433]
6789,[ 6045 21541  4041  2416   957  3027  1327 13963 17676 16928]
6790,[22211  1013 11501 17714  2714 21394  2716  5460 18115 16296]
6791,[ 2381 19989  7080  2722  9514 19990  2695 10293  4836  3986]
6792,[16900  8795 22792 11988 22946  4339  6671 21719 15361 11507]
6793,[16894  6280 22210 10301 12666 17010 12439 12550  6878  3846]
6794,[ 9907  7768  9325 16766  2736  6288  2716  4858  2714 19602]
6795,[20816 23160  1212  4569 11460  6250  5142 13030  3438  6112]
6796,[15967 13627  3801 17135 11278  4340 11092 13894  5884  6576]
6797,[22700  7163 13609 16759 19705  1847 19955  3760 11497 18567]
6798,[ 8256  4237  3733  8418  8642  4647 19021  5645 10865  6851]
6799,[13376 13812  9370  2624 21294 19184  5846  5450 15663  3417]
6800,[ 4858  7768 10690 19602 17773  9325  9388  7780 20344 17793]
6801,[20152 16205  1442  3995 11006 17653  4049  8779  9621  4012]
6802,[ 4032  9469 16581 20418 16705 15695 13865 16578  8218  4132]
6803,[ 8280 22948 11974 22763  5211 18023  3080 14055  6542 19050]
6804,[14205 12874  7525 12645 13879 16372  2707  1594  6456 11508]
6805,[13800 12984 20149 18551 17152 10664  7120  5622 10654  2529]
6806,[ 1662  8090  1927  1571  1874  1553  1305 12734  6422 16188]
6807,[19273  1087 15717 12737  1853  5428 21295 17755 21265 16089]
6808,[22615 16775 14293  8641 22052  4527  1661 23055 20950 15226]
6809,[18306 18571   914 14279  3360  5469 16382  2883  6021 13374]
6810,[22211 16168 18115  4512 22117  2714  7407 17180 19532  9907]
6811,[ 4445  4986 16775 16930  3082  1968  4059 22052 11528 13104]
6812,[ 8617 16289 16315 16164 15830 13810  4158  2707  3270 11656]
6813,[ 8603 22818 21485  7038 19588  2578  7975  4153 19513  7355]
6814,[19451  6433 17897  2345 18109  4359  8007 15927 20900  1526]
6815,[16581  8351  9469 20396  4032 16247  9209  6715 20756 16399]
6816,[12028  2939 19176 19497  3807 18859 13375 18194  4986 19215]
6817,[16933 16978 21748 22626 17995 20881 20950 17831  7478  5665]
6818,[ 7514 16757  7928 13793 22036  2339 16333  9700 18720 18060]
6819,[17364 17299 19192  3807 12188 16422  4986  4132 18194  4508]
6820,[20747 18362 18576 19004 11312  3845  8695 19383  1941 14056]
6821,[12192 20935 12182 18555 17174 20289  7903  5334 21368  6631]
6822,[19811 18143 15870 10945 16074 16460  9904 11513 20237 16462]
6823,[ 1925  1933  4187  3085 18473  7975  6011 15254  1549  9808]
6824,[ 6288 11643 14408  1036 11169  2717  5132 12408  9515  2736]
6825,[ 6672 10739 15073 14575 16989 18902  1966   890  5470  7247]
6826,[ 3428  3514 13377 12153 13270  5455  9384  3533 17804  9908]
6827,[14462 20757 16223 10285  9647 17193  8953 10687 18221  8125]
6828,[ 4681 18232 13219 20787 18756   711  7279 12855 22356 18313]
6829,[ 3965 13611 19162  4313 11463  5355 16802 12535  4332 11315]
6830,[18115 22211  5882  2736  2714  2716 22284 13985 16644 11169]
6831,[19133  7329 17152  4913  6775 10766  9555  6335 17319  2508]
6832,[ 5644 13451 21898 11673  9454 15041  9467  8171 13811  9835]
6833,[20361  9536 21443 18043 14472 16455  4481  6117 12535  8547]
6834,[12590  4032 10119 22753 16581  9824  5736  8351 18684 13532]
6835,[ 4689  2701 17234 18470  2346  4669  1051 22269 11479  4200]
6836,[22370  8088 21949  9447 10252  9119 13155 18040 10153 17792]
6837,[17836 16745  4963  3201  4674  5236 19322  4399  6675  1466]
6838,[14090  4986  3121  4177  9480  4445  3082  7411 20142 17296]
6839,[11236  8688 12253 12501 21977 17152 13625 16307 18246 16295]
6840,[18684 16193  5736 17317  8833 16285 10388 17245  7400 13532]
6841,[19269 22788 21481 17838  7411  4633  7708  9395  7564  5236]
6842,[ 3273   628 18997 14375 15524   728  1583  1866  2023 15827]
6843,[13007  4424 19047  6210 16241  7180 16912  4870  2729 10830]
6844,[ 3789  1305 17045 13116 10923 22575 16188   704  7586  1575]
6845,[21211 17974  4580 11476  4315 10885 16756  5196 13948  4477]
6846,[15904 10977 13015 19019  9146  4800 16554 20192 14298 19565]
6847,[11466  5496  5567 11809 18115 18859 17401 16766 17355  5846]
6848,[21820 14943 10344  9428 10612 22422  8659 19956  8474 10125]
6849,[15746  9799  8134 20835 13822 22764 13994  6607  4969 12991]
6850,[16506 16130  8351 13154 16371 16757  9209  3838 20756 13879]
6851,[15600 15830 20789 14179 10937 16372 18196 16616 12490 13168]
6852,[13810 16616  2025  4717 19064  5655 13945  8708 16858 16139]
6853,[14554  3806 20185  9051 12005  7829  5360 11955 20152  9742]
6854,[ 5874  7602 15392  3649  8605 13039  5499 14536 18552 14292]
6855,[ 6607 13994  4200  8299  5461  6775  2236  8134  3353 19036]
6856,[13039  4166  8351 18995 20756  4717 16399 16315 15600 16247]
6857,[22680  1374  2086 18389  6941  2919 22461  4648  1727 22269]
6858,[19047 13007 10830 16241  2729 17880  8212  8343 10776  6210]
6859,[ 5829  8718 11028  9156 12485  3332 19531 14368  7462  2547]
6860,[17466  2151  3441  2346  3837 18470  4110 19198 20541  4569]
6861,[14997 16986 14875 16855  8591 15227 19956 13555  9751 13577]
6862,[ 8222 16534  4904  7309 20127  8584 13098 15362 12747  8117]
6863,[19047 16912 13007 16241 18603 11033 11532 10830  6210 10776]
6864,[19728 12350 10045  2834  9360  5468 19173 20733  7783  3347]
6865,[13298 19081  8900 17813 13116  2684  5003  2544  3677  2257]
6866,[ 3865 16553 16125 16462  4157 15601  4386 19029 15656 12334]
6867,[ 7554 20925 13030 21582 17917 13162 21774 10391 17302 14466]
6868,[17532 16698 13379 12417 14703 10660 15323 12073 20072  3460]
6869,[12277  7817  8129 21649 12442 16931  4942 21139  4313  8259]
6870,[15904  9752 11551 13082 19679 13957 20789 11734  8993   651]
6871,[19027 12994  7441 10827 10808 18597 20713  4745  4179  4821]
6872,[14712  1644  8774  5600 11391 14315  4079 15120  4690 13443]
6873,[13039  7525  4717 16440 13879 16518  5048  8649  8605 15193]
6874,[ 6799 14594 10244 12407 22818  6621  5738 20544  4187 11830]
6875,[ 2346 14676 10289  2185 16908 17068 19962  5882 10217 13686]
6876,[18603 14526 21592 10071 13955  8138  1683 15616  4836  8953]
6877,[20970 18470 13859 12729  8599  2315 16208  3082  1331  1859]
6878,[16553 16462 16021 15308 16103 13039 16125 16390 15830 10193]
6879,[10528 18577  5930 20876 14376 13217  1547  1680 18156  3058]
6880,[14741 15980 18973 20088 14739 11488  1227 14023 20511  6000]
6881,[22685 10767 10825  4385  5571 19082 10186  4580 18578 14651]
6882,[17234 17714 11169  5132 13686  2716  1036  2701 13985  2736]
6883,[16312  5711  2137  1542  2118  4592 15362   809 15100  2340]
6884,[17628 17728 20088  5841 17152 20606  7447 14023 23028 22794]
6885,[16241  6771 18886  2729 11033 10776  8649 13981 16077 10620]
6886,[13810  4717 18602 15531  5655 20970  9469 16139 16616 16110]
6887,[ 8816 16766 17714  9325 12059 20344  2716 11643 16524 19532]
6888,[16103  6091 16372  7182 12874 16393 22049  6261 16517  2707]
6889,[12218 19962 17843   615 13082 16296 16168  1550 16908  4860]
6890,[ 2526 16310 21819 12741 18475 10141 22172 22266 10017  9978]
6891,[ 8880  6725 10739 19064  3198  7247 14575 13577  6942  6689]
6892,[ 7975 13919  4756  2622  1872 20321   290 15696  7038  6337]
6893,[16524 21140 17793 11479  6003 16296  4689 19602 16908  2701]
6894,[ 9325  9907  8816  4669  6427  2714  7768  6704 11643  2716]
6895,[21734 15495 20200  6216  9074  6834 12920 20055  6734 21073]
6896,[21983 20907 21503 10778 22709 21243 21848 23084 21238 21233]
6897,[ 9633 21173  9256  7801 21008  7677 10931 11924  7995  7522]
6898,[16912 16241  8138 10285 19047 20925 17931 10776 13007 18603]
6899,[13955 20360  3029 16347  1683  7015 22817 17988  8953  5031]
6900,[16581  9469 16820  6715 20149 20142  8197 20396  7400  4032]
6901,[10894  5309  8271  7144  6596 20935 17339 10638  5323 22042]
6902,[ 1994  4419 12135 14307  7460  7624 21335 17865  4615  1096]
6903,[ 6335  7293  6440  6229  2118 18103 13490  2745  7424 17152]
6904,[13394  4569  2346  7721 18367  1507  2151  1331 13948  5196]
6905,[17398  9755  8859 13010  2473   764  7406 20636  3027 21053]
6906,[17037  8197  8927 22588 16139  9321 20142  4669 20498 10855]
6907,[18040  9447 13684 21949 13717 20143 15739 20609  2236  8088]
6908,[17640  9640 22944  8367  7978 18123  1962  7388 20025  6118]
6909,[ 6828 12561  2282  9025  7471 12000 17961 11391 15056  2952]
6910,[  791   681  8765  5671 20261  4360  9767 15454 13600 13586]
6911,[ 9141 15524  7207 10119 21453  9824 22753 16247  3273  9469]
6912,[ 5031 19989 10293 16510  3986 16551 11023  1608 10996  1529]
6913,[ 7179  3089  4904 13793 16135 10133 13585 19500  9902 22452]
6914,[10133 16339 16135 12483  9110  7765  4878 19500 13585 12991]
6915,[22269  3120  9621 11715  1181 13158 10071  2511  3082 10616]
6916,[19047 13007 16241  6771  4424  2729 10830 10620  4870 13981]
6917,[16581 18434 16807  4032 16247 17965 16399 20756  8351 20396]
6918,[ 2716 11479 21394  2714  3695  2701  4689  3613 17234 21304]
6919,[17129 12902  8648 20723  4015  9649 19653  3356  9457  3149]
6920,[ 8293 15205  2014  8137 23101 11522 14359  3124  2839 12808]
6921,[ 4032  5736  9469 16247  8783 20396  6715  6725  6849 22614]
6922,[20053  3865  8964 13316 22093 10393 11310 15798 15601 16447]
6923,[ 4016  8992 17748 12674 10790  2210 15379 14104 13978 20977]
6924,[15739  4940  9751  4013 15073  3198  3735  3631  6607  9814]
6925,[ 9692  1738 12816  1578 18997  7224   910 12285  3020  1702]
6926,[ 1643  1698  1389 13010  1642  1544  2502  1058  4101  9755]
6927,[ 5736 16544 16347 20970  7400 15342 16757 16820  4051 11740]
6928,[12792  7188  7105 11312 16223 20324  7201 17931 17291 18168]
6929,[11629  7273 13859  1206  9479 10408 17932   599 22054 19673]
6930,[ 6974 22479  6966  9580  4960  9828  9577  9971 22792  5783]
6931,[11523  7710  7828 18627  4569 13394 22523  9123 12061 19603]
6932,[ 1717  1767 15747 22428  1069 18577  9820 10438  1656  8460]
6933,[ 9478  5676  6353  7995 21970 16389 10931 17178  6653  3014]
6934,[17379 10761 20511 14104 19672 19761 16989 15227  1580 20356]
6935,[ 7554  8683  6210 20970 10153  5026 16241  4366 20215  8343]
6936,[ 5313  4727 19019  4728 10977 16552  8791  1506 17914  5035]
6937,[16506 13793 16333 16757 18210  7514 23010 13509 18398 16371]
6938,[21803 10790  3649 13987 17341 21281 13555 12674  2210 10874]
6939,[18060 16426 17245  7635 13371  5736  7400 15342  7550 20203]
6940,[20925 10776 22104 16253  3120 17190  2314 21592 19831 11312]
6941,[17410  3705 16090 10147  9483  5335  2326 11362  5882 22097]
6942,[21462 21957  6271 15210  2061 20437 14670 15112 17553 12202]
6943,[10151 19004 10400 10252  2705 21040 11547  6775 22616 18551]
6944,[18597 19027  4179  4821  4391  9070 14768 17396 11624 21862]
6945,[16310 22351 19994  1960 10017  7728  1436 14375 11459  7179]
6946,[15028 16648  5332  8058 14667  9903 19183 19143 22165  3537]
6947,[13865 12274  2705  1505  3437  4379  4400 16769  3438 15839]
6948,[11092  3862  3858 19871 10391  3859  3814 18463 13981 16579]
6949,[11655 13613  7892  3797  5197 10898 12463   593 10216 17951]
6950,[17454 15281 12645 21810   309  4905 12851 21803  7602  7248]
6951,[19080 17772 14597  3604 20356 21375 12059 12178 10739 17763]
6952,[ 3017 16801 15506  9922 16024 10286 18002  1749 13145 14982]
6953,[ 4757  1392  7446 11402  6359 16810 12121  2736 11558 16188]
6954,[12729  4689  6776  2151 13686 16030  2346  1633 17234  6446]
6955,[ 7655  2236 16328  8591 10006 13684  6947 13978  1859  4016]
6956,[ 3251 17565  6719  3722  5408  4620 18339  9656 10368 15987]
6957,[ 1567 15739   868  3198  4669  4200  4940 12484 22764  6422]
6958,[18385 10699  5421  8941  5050 20835  5653 18089  1274  2245]
6959,[22261 18982 10229  1837 21556 12922   894 14318 19821 10837]
6960,[10070  2871 22810 15362 14591 10104  2340 16789 18974  5930]
6961,[ 9334 18272 18763  5489 13298  5551 19127  3383  5488  3462]
6962,[19032 18230 17442  1614  9967 20751  7324  3837 19693 17351]
6963,[ 1058   772  2494 10172  4100  4859 21922  2830 14998 18900]
6964,[18870 10486 22475 12694  3785 19855 22961 10328  4099 18926]
6965,[17163  4864 19513 12938 20636 11985 11856  2677 11964  8258]
6966,[ 7247  5653  6537  9751 14575 15227 13713  9447  3198 10739]
6967,[11345 12480  4248 19047 23093 21592  7844 13120  2007 14790]
6968,[ 4368 13992 11302  9602  2345 15335  4359 14358 11491  4789]
6969,[ 2201 14575  8141 11959  7248  5048 19765  1201  1746 22506]
6970,[ 1941  3198 18398 15739  1567 20418 21458  7985 18738 19160]
6971,[16044 18060 12789  8987 16588  7928 13371  7550  7400  8351]
6972,[14018 13981 10166 16253  6195  4049 10391 20527  7554 10938]
6973,[ 4904 15616 16757  8496 16241  7514 10071  9799 22764  4870]
6974,[19027 20175 19735 10808  3743  4821  4179 16161  6250 20340]
6975,[15942 12874 16440 16437 12797 13722  9209 20664  2707 13879]
6976,[20360 11314 10473  1875  1247 11358  5031  1878  1548 20701]
6977,[ 5567  5846  5844 12177 20918  5496  9338 16380 10761  1030]
6978,[20282 22721 18158 11298  6591  2938 15925 22099 20568  6641]
6979,[ 9714 10118 20790  7182 16518 13550 12955 16291 20892 16440]
6980,[ 4892 10946  3838 16134 12369  5804 15980  8351  2369 10119]
6981,[12501  4051  5736  8833 16193  7550  8927  6715  7248  8197]
6982,[12257 11101  4594  8078 13463  2696 17100  9574   746  3054]
6983,[ 7922 14441 10190 20503 22700 11536 14291 16507  1579 19595]
6984,[16766 20344  9325  8816 13986  2233 11426  6427 19602  7768]
6985,[14575  7247 10739   890  4213 15073  6672  6775 12157  1545]
6986,[20700  3810 18071  4540 12644  7355 10687 20906  2027  3259]
6987,[11964  2457 11195  3808 19614 21834 11492 19022  8336  7478]
6988,[16820 16564 16588 16449  7550 13017  8197  5736 16193 16347]
6989,[ 8037 18582 22944  7291  9640  1200  3360 16194  4566  7978]
6990,[16022 22434  8322  1990 21447  2195   620 22549  1212  1012]
6991,[ 4016 20977 13978 12166  7635 18060 15746 15379  1274  5050]
6992,[16553 10193 11585 22996 16462 15830 15904 20789  9752   651]
6993,[ 9133  8197  7550 12234  7928 22588  7400 13532 17317  9321]
6994,[16588 12789 13371  7550 20142 13017  8459 17317 16820 21453]
6995,[ 1545 21952  7558  7015 20876  7599 16686  2110 11863  4885]
6996,[22614  4166 16110  6715  8783 10120  9469 11740  5736 20396]
6997,[14703 13501 12600  6014 14856  6438  8476  7941 15029 18400]
6998,[ 7426  3270 14298  6794 17962 10418  4800 10417 14851  4158]
6999,[13470 11038  4955 15290 21843 22458  2689  7962  6781 13628]
7000,[ 1317  1356 13883  8527  2400 15067 12233 12550  5228 17013]
7001,[23006 21181 11182 20989 21114 22621 22459 21702 21836 10778]
7002,[ 7787 17025 17072 18414 18372 13531 12454 11461  2607  9339]
7003,[16328 15739 18602  3375 18040  9967 14967 16139 10486  4800]
7004,[ 2511 10071  4969 17302 15746  5622 12924 12396 16261 13994]
7005,[17922 22113 19002  9129 16003 11985 11552 20665  8258 12087]
7006,[ 7400 15342  5736  9751 16193 13371 22614 20203 19548 20964]
7007,[18217  6336  4196 19991   980  4092 16899 11418 13433 10881]
7008,[ 2167 13955  8668 16457  8662 16347  1683 20203  3029 19765]
7009,[16286 16241 10391  8683 23093  7554 14790 10776  4892 13981]
7010,[14257 16705  4972  8822 16440  2310 20664 23013 11313  4132]
7011,[14709 15055 12884  2618 10821 22076 18291 12783 19137 22309]
7012,[ 6671 10945 20134  4650  8993  6611 18463  4293  6576 16168]
7013,[20149  7248 12501 16544 16193  4051 15342 13017  8927  7550]
7014,[20152 17135 13864  3859  1442 10391 19871  3858 11092  5360]
7015,[  900 19244 13519  2716  3705   704  4518  9369 16936 13985]
7016,[ 1874   868 13967  1662 12734 16188  3785  1567  1573  6427]
7017,[13563 14063 13635 10770  2313 17317 13464 22756 16551 20701]
7018,[19962 17843 16908  2346 20143 12218 16756   615  2185  2714]
7019,[ 4119 16123  8632  1440 10438 14149  6704 18179  7224  4528]
7020,[13937 13082   846 11507 16883 16168  9752 10425  8795 22115]
7021,[16510 22756 22684 14063 16295 16426 16306 16551 17077 16402]
7022,[ 8663 20503  8219  8419 16507  1629  1494 22616  1941 11021]
7023,[10830 20153  3859 10668  3851  6771  4892  8343  4550  8212]
7024,[16125 15601  9904 10945  3865  4157  3914  4078 14330 17630]
7025,[12663 22276 15904 10623 15893   869 22706  5178 11585  2942]
7026,[ 3209  7628   840  3095  7819 10301 12159  8041 10400 15927]
7027,[12318 16315  3270  4158 15830  7426  1710  8617  7279 16399]
7028,[ 1683 15087 12648 20701  4093  1754 11358  1135 22036  5031]
7029,[ 4149 22118  6326 19672 11600  7224  6537  3020   765 17726]
7030,[ 4609  6069  9378  9838  2705 21907 10408  9587 14024  2726]
7031,[ 4571  8088 11442 20129 18764  3013  2705  9914  3837 18230]
7032,[18470 16168 16554 19532  6225 19679 16552 17843 17962 10787]
7033,[13992 19680 16277 18109 22960 16476 12620 23106 17453 22995]
7034,[18274  8833 16544 23014  7928 16206  3212  7550  7514 16757]
7035,[ 6250  2393 19735 20340  3743 20709 20879  4246 15076  1461]
7036,[21137 19349   765 20142  2104  4941  4975  8185  3451  2176]
7037,[13160 19935  9755   764  1544 16966  1064   594 13115  1698]
7038,[11092 14457 11507 22946 22422 14201 21720 16900 22446  6611]
7039,[ 3682  1112  9401 18317 16691 13432 19247  3683  9349   708]
7040,[11229  4260  3928 16905 16141 16225 23118  2838 20584 10653]
7041,[14142 16744  8280 11974 22948 22763 13084 13991  9491 14607]
7042,[13116 19080 14409  2104 12161  1660 18577  2684 18156  2187]
7043,[ 4953  7390  4149 19672 19956 10727 13577  6326  7966 13684]
7044,[ 4864 14034 10475  2679  9840  4749 21181 11057 22292  8258]
7045,[ 6451 16154 20653 18641  4231 19842  7973 22276 11402 13240]
7046,[19831  2314 13057  2709 22616 19673 18764 10400 11629  2237]
7047,[ 1013  5460  8816  1571 20698  2701  5412 11643 17714  1550]
7048,[ 4904  8496 20970 20645  5622 18210  4969 15746 16044 10071]
7049,[20360 11314  7120  7015  8752 21060 20747 13298 20202 15773]
7050,[21137 13464  1274 17364 10770  5050 16792  1306 13563  4884]
7051,[ 2608 20360 22482 13955  8401 14428  8668  4878 18234 22817]
7052,[18439 10574  4349 20841 13869 19027  4179  5751  1897  7683]
7053,[ 7950  2339  4904  1166  5622  8496 16565 16989 20645  1162]
7054,[ 7710  5196 19104  1096 12061 21348 19603  3609  1994  2011]
7055,[  809  2510 20876  7985 18103  2340  5711 12131  4529  6363]
7056,[ 2381  2722 19989 11519  8051  7080  3986  1529 19990 19149]
7057,[17968 16815  2641  7689 10997 15019  6184 21609 17418  2487]
7058,[16365 11780 11959 12730 17859 20239 14559  7819 20989 11424]
7059,[ 7182 17844  6261 16517 16103 18425  8228 21620 14446 10937]
7060,[14922  3360  8989 20261  5671 13586 14715  3364 17973  9598]
7061,[10969 14570 11101  8608 23000 12717 10983 16708 19684  3403]
7062,[19451 11142 13370 10101  4582 20608  9378 15222 14174 18603]
7063,[ 1662  1927  1691  9935  8090  1571 16162 12734  2304  1874]
7064,[ 1777  1787 12995 20199 20314 15846 11624 13316 21805 15863]
7065,[ 7727 15251  7903 11306 15107 10960   709 16648  3428  9450]
7066,[15942  2103  2369 12797  4649 16347 16113 20108 16437  9209]
7067,[ 2551  5662  6000 17273  1009  8992 19241  5020  5826 13772]
7068,[ 3862 16447 20208  3865 18463 14323  3858  8618 20053  5026]
7069,[22820  6903  5622 20876  1162  5930 15362  4399  1680  6941]
7070,[ 6960 22538 21813  7441  6319 10808  7262 17116  4821 16579]
7071,[ 2110 19012  1684  2680  5769 16425 22551  9359  2340 11161]
7072,[10945 16782  3865 14148 17630  4349 13829  3914 14092 10315]
7073,[ 4924 17055  9378 19831 22104 20676 19545 11629 20879  1038]
7074,[ 6335 19018 21363 22722 22292  1043 21184 14034  2594  4865]
7075,[13057  3376  7341 12706  5600 17951  6285 10909 13030 11775]
7076,[22791 15965 11958  4382 13616 12535  1751  9810 13049 20584]
7077,[ 6530   924  2679 15970 21572 20038 16132 18543  2703 17056]
7078,[15435 13798  9914  8826 10365 23047 21930  6134  4924  1924]
7079,[16273  1971  1497 13811 12492 19675 11523 17914 10898 12974]
7080,[ 5450  5841  3606 14878  5020  3417 19215   800  5919  9877]
7081,[12166  7247 20511 21952 19548  9883  7309  3211 15207 13713]
7082,[ 8485 20360  8953 11314 20747  7015 16223 22482  2147  1615]
7083,[ 4481 19570  9839 18625 12511  6778 19930 18475 16092 17257]
7084,[10683 16403 13820 13572 11461  6849 17962 16705 14298 20789]
7085,[ 8586 10357 12627  9222  6212  4492 10451 10458 10448 10452]
7086,[22482 13700  7837 18384 17988 14591 20360 16639 13490  5729]
7087,[19244 16188  2716 16687 12029  5412  6359  9348 16936  9515]
7088,[21840 15395  6821 10263  8966 19228  6038 22412 13413  8525]
7089,[ 3728  5810  5178 13810  3374 16616 19953 22706  3817  7973]
7090,[ 2340 18460 20360  7015 19066 19667  1689 18103 21404 11100]
7091,[14065 11479  4689 17234 17714 16908  2701 10217 20541  2716]
7092,[14330 13082 22800 18612 10623 16883   615 22115  3947  4860]
7093,[ 1689 10133 19667 20360 16135 17440  1941 16339  2999  1879]
7094,[18900 21465   772  2810  2494 10237 21530  2113 20478 14998]
7095,[ 6806 10894 18125 20935 15058 18529  8495 20560  9546  6604]
7096,[ 2389 12437 15447 13860 15387 12948  4890 19509  5946 12278]
7097,[ 4748  8528 18878  6598  5936  6206  4312  5221 14127 19312]
7098,[15034 19726 17797  7645  7677  5866 17174 15238  9992  3697]
7099,[13155 22478 10400 20623  2275  9883  8860 16120  3095  6972]
7100,[10574  4179  4675  4349 19843 12994  5751  4821 10808 15215]
7101,[ 5930 14625 10353  7274  5228  1690 15291  5197 18362  6972]
7102,[20751 10021 10026 10004  5976 13260  5035  8274 17253 19032]
7103,[ 2699  8659  4693 10125  9937 10343 12737 10461 13908  4858]
7104,[16919 12616 15614 10085 13290  1790 12463 21189  9767 13613]
7105,[20134  8993 13015 20050  6671 16268  4293 10945 20192  5026]
7106,[13802 11259  8007 14070 12903  3850  8362  8125 21710 10687]
7107,[15524  9039 13623  9141  7207 14033  3273 21453  9824 10119]
7108,[14439  6259 10653  6991 13611 12736 17066 23106 17226 13699]
7109,[ 4860   615 10704  2011  9123  7828 22211  7407  8827 17180]
7110,[ 3172  8097  6607 14132  8134  5050  2630  5421  3744 10486]
7111,[10896 16286  7554 17917 19831  1505  3120  1331 10776 10391]
7112,[14644 18970  2508 11363  4592  5020  3336 17105  3631  6775]
7113,[11466   784  5050  1285  2019 17401  8074 16792 14090 18859]
7114,[20836 20794 16745  6080  4699 18212 20336  8757 16493  5391]
7115,[22431 22995 21710  6904 20379 10106 15205  4368 13398 12385]
7116,[ 8829 18434 20606  9789 12231  3807 13475 19349 20149  5415]
7117,[15830  8617 16315 16399 16125  2707 15600 22996 15904  4717]
7118,[15571 22452 22482 16295 20993 12583 13700 23010  2310 19667]
7119,[13253 22452  5729 21443 19809  1949 16333 16207  2881 13017]
7120,[20653 18133  3013 13158 22196  7973  4669   953 21458  9967]
7121,[ 2371  4461 19041 11574 12832 12505  4728  5722 11736  7586]
7122,[16092  4481  9724 22452 12511 10529   843 17257 17122 22172]
7123,[ 6435 20881 19030  4153  1872 21483  7038  2504 22304 20950]
7124,[ 2339  2999  7179 15616 16724  8197 17440 19731 19667 11457]
7125,[22468 15408 20668 17443 22359 13811 13546 18758  9020  9549]
7126,[12116 14696 22746  8060  9736 19115  7167  3533 16263 11447]
7127,[15100 20876 15362  5711 15087  1162 19712  5930 16312   809]
7128,[15032  5810 10006  3728  5938 22706   869 11656 14789  6237]
7129,[19283  5836  2176  3083 21871 22551  9103 18970  1069 12028]
7130,[ 7957 14559  3809  6984 12556 19941  2103 16307  3965 13017]
7131,[ 8485  4913 16386 14559  3147 11020 13800 15888  2508 13402]
7132,[18322 18760 17998  8822  5874 15651  5655 22667  9324 13459]
7133,[ 8617  8539  4519 19163 17130  9689 11582  6186 16315 18298]
7134,[ 8605  4166 14205  7525 22614  7248 22753  1594  8783 15997]
7135,[ 1247 10133 10989  2608 19667  5031 16942 20360 13585 22482]
7136,[ 3244 10217 12029  3123 16908 10289  5429 16696 13985 17234]
7137,[14076 13140 13141 19809 15796  1593 10424 16266  1638 11463]
7138,[13798  6775 11539  4480  3353  6693 21364  2508  2680 20171]
7139,[16295 13955  3029 20964 16193  4878 19667  8401 15342 13700]
7140,[ 1096  3546  3262 18932  7439  9383 18100 22761 14976 19113]
7141,[ 7196 13115 20621 21713 12482   764 17100 12651 21053  6458]
7142,[15107  4595 17174 21974 20935  7903 15323 21338  7331  5218]
7143,[17547 16476 17859  4402  3453 11488 23158 11433 16544  3996]
7144,[22673 13435  4101 20621  2198 12482  1335 17422   896  2473]
7145,[20609 19958  1691  1571 20596 13717 21458  6422 11479 19198]
7146,[ 1616  4792 21966 14067 20601  4917 13445 15401 22039 21019]
7147,[11353 16458  1386 20321 20640  8411 15889 17922  8258  1394]
7148,[ 9602 13992 22995  2357 18109  4368  5668  1216 18393 13613]
7149,[16383 19765 15193 20485  5499  1968  9751  1966 15357 11724]
7150,[17714  1864  1013 10147 22211 17234 16168  5882 16908 18115]
7151,[22496 15336  7262 19735 20340 12160  2957  2393  6469  4246]
7152,[ 3353 13727 11539  4200  6693  6607 15739 19036 10376  2680]
7153,[16018 16656  9868 16192 11495  5959 18453  5163 19849 14554]
7154,[15044 11057  1373 20601  7837 12272 19568 20985 16931 20321]
7155,[ 7525 10520 11508  9695 15943 22049  7019 13550 14205 15930]
7156,[14293 23041 12556  1360  8641 10996 20906 21836 22626  5729]
7157,[19588  7991 18223  7038 18071  2578  4540  4153 20869  3810]
7158,[ 7242 15272 12697 16591  9080 10118  5048  5783  9662 18552]
7159,[ 7463 14800 11631 18309 21787 21784  3470  6176 15112 15250]
7160,[21930  9914 15435 10365 22009 23047 11516  8826 16677 10703]
7161,[14306 14368 15777 12485  6710  4335  2195 11274   305 11016]
7162,[ 9325 13727 20344  2716  2717 14408  9388  2714  2233  1734]
7163,[21541  7617 21950  8518 11353 21702 23006 22292 22621 11182]
7164,[18470  6225  1051 19198 21458 19602  9907 19958  6427  4669]
7165,[11264 13694  6069 20816  2705 17862 10408 10151 11629 20880]
7166,[17970  8927 18733  4445   890 11740  7550 22551 16930  3083]
7167,[16289 15908 16372 16518 16616 15600  2707 16315  8617 15308]
7168,[ 8185 10277  1729 21137  2176 11109 17105 18629   765 18360]
7169,[ 1494 22551 17367 16930 19004  4768 17970 11236  4093 16425]
7170,[ 7955 20636 19319  4427 13126 13134 18901 17398  3090  6644]
7171,[ 7514  7928  9799  7635  7550 15746  5907 16044 16757 18060]
7172,[11775 14193  6112  7828  4049 22523  6469  9762 16366 18627]
7173,[10428  8828   615  1506 13948 10425 19962  8546  9146   888]
7174,[ 4149 10270  6326 10739 12157 10727  8880 19525 19672 11600]
7175,[14296  3353 13798  4200 20829  2764 11442 11539  6775  4940]
7176,[20970 20677  6225  6725 13810  3375 13717 20076 21683 16467]
7177,[ 3088 18935 10368 17872 20018 13554 19904  3365 19042 15928]
7178,[ 4717  8351 15531  2707 18602  9141 15379 16616 19740  8617]
7179,[ 2179  6260 18823 17029  8095 10310  8781  6210  4366 20709]
7180,[ 6134 17932 21305  3876 11629 11283   599  4924 11016 20676]
7181,[ 4424  1935  4248 13722  6210  2729 10830 19047 17880 13007]
7182,[20970  9751 16757 16241 16285  4717 16544  5736  8987 15531]
7183,[13625  8308 21184 21422 22102 21437 11182 20989 22713 22621]
7184,[ 6972  2147  2080 16223 13800 14790 18551  8299 21174 20360]
7185,[20149  5415  8829 19497 10654  9751 20606  5573  9789  8141]
7186,[11519 14113 19149 16676  2853  7329 13749  6848  4203 17445]
7187,[ 4168 17832 13654 15944 14307  6801 10858 17394  2136 17951]
7188,[19989  7015  4160 19990 17152 14023  1786 10313 21977  3986]
7189,[  344 12098  8052 22391  1661  3222 12479 11023 19283  1600]
7190,[12250  6260  2314 17897 18823 20879 19451 10478  2433 19831]
7191,[16757 16347  7514 16044 13955 17220 16820 20970  5736 18060]
7192,[ 4368 22431  2395 13398 10106 22995  6904 19605  6233 20379]
7193,[ 2715  1579  2086  1536 13561  1445 18616  9993  1135  2163]
7194,[16912 21592 10285 18603 23093 17931 19047 12792  8138 14790]
7195,[19711 22113  9948 11552  7976  2679 14067  9129  8518 20932]
7196,[20204 11237 13992 21935  4054  4204  4301  4368 20379  3850]
7197,[19157   653 10274 21854 18820  9822  9630 19722 18375  4498]
7198,[ 2457 12458  6532 21999 10174 10679  9890 16806 21221  8560]
7199,[17860  6824 16223 19757 10896 12000 13298  1633 12480 17813]
7200,[ 2716  9325  2717 16188  3123  5132 16696 21394 17714 11479]
7201,[ 4032 20396 16247  9469 16581  8351 20418  8783  5736  6715]
7202,[ 4485 10141 11371 18046  1910  8242  1802 18735  1724  6739]
7203,[12794 14019 10301  2014 21308 21961 17004 19196  3370 16974]
7204,[ 7550 11358  3212  4051  4445  8833  4601 13532  9133 12234]
7205,[13490  3209  6440  6335 19149 16507 21180 22667  7819 19930]
7206,[ 1505 13865 10683  4688 10896 11734 20895 10885  4477 19328]
7207,[13980  2593  6978 12383 14773  9632  7489  9014  4502  6934]
7208,[ 7514 16757  7928 16724 18060 17220  2339 17245 16333 13793]
7209,[19383  3968 15102  7212  1840 11459  1606  1947 14375 12327]
7210,[12695 12083 15356 11347 19287  5636 15374 20299 10674 20736]
7211,[ 4717  2707 16399 10945 16110  9814  3270 11656  6849 16268]
7212,[10273 18081 15291  1834  9855 16910  4794  3876  6134 14544]
7213,[21214 13143  7478 16498 17995 14544 18694  8641 10687  5228]
7214,[18331  2626 12796   957  2866  2416 20621  8859 16928 13134]
7215,[17410 10343 16031 14531 21302 22997  5593 17515  5222 17714]
7216,[ 4953 18494 14536 18552  4149 11600 14580 19672  3649  6774]
7217,[ 4366  6210  7180 10153  6260  8683 11734 18188  8781 20308]
7218,[ 8531 13811 22359 12492  9549  9020 16273 17914  4391 10808]
7219,[15494  5403  8267 12550 17013 11592 11125 21868 17721  1659]
7220,[17168  8504  2547 18858 22309 19137 15777 12485  4335 14306]
7221,[17186 20124 15191 20632  7794 12833  7592  9611  7723 19271]
7222,[10217  2476 12029  3244  3123  1036 16696  5429  2717 14065]
7223,[ 5930 18819 15291  6972 16789  6134  7274 14625  8375  1690]
7224,[22118   765  5653  3020 21952  7224 18629   795 16686  6537]
7225,[11358  2313  4445 19242 13635 20701  7550 22756 12425  8927]
7226,[ 1680 13855  4216  6451 12890 18142 17362  7781 22196  6911]
7227,[ 6829 18970  3635  5020  6539 17230 17047  9828 22478  4282]
7228,[22037  6526 13688 19167 12787 11953 13545  1132 20515 13616]
7229,[ 3979 13811  4474  8531 12492 16273 19603  5142  1664 11523]
7230,[ 2510  2700  7015  4529  2110 12677  1600  7213  1684  2680]
7231,[ 9334 18272 18763  5489 13298  5551 19127  3383  5488  3462]
7232,[16791 13859  2331  2151  3120  3438  2346   597  1181  2382]
7233,[19962  8906 15388 17351 16908  9433  1550 11402 11479  9967]
7234,[ 9867  1943 15081  5714 14677  5482 12116 19153  7073 20918]
7235,[17179 18334 19726  6259 21907 14006 10272  7143  2117 10853]
7236,[ 3589 14365  1943  5048  8530 15281  5992 13555 10393 21803]
7237,[ 6854 10529  1132 17122  5691 19930  9902  6526 17257  4481]
7238,[ 8953 16899 21592 15442  2167  6440  4093 18603  2251 22722]
7239,[ 2717  4249 20223 10217 10923 12507 20541 13727  9433 10426]
7240,[20340 22538  1200 19843 20206  2883 14976 15034  8092  9706]
7241,[12789 19349  1435  7247  7015  2695  1661 19283 21952  9734]
7242,[21592  3851 16912 13007 18603 10830 19047  8138 16241  4550]
7243,[21182  8795  7774 21719  8579  7074 18364   846  4339 22789]
7244,[ 1960  1729  1536 14375 10496 22460 22452 12308 16207 16312]
7245,[13104  5048  7248 16544 14875 16376  9751 16986  6725  8605]
7246,[  869 10623 10685 21949 13684  1897 12449  2856 18040 13260]
7247,[ 5048 14205  7525 15600  4166 20237 13550 13039  6091 10937]
7248,[ 2834 17378 10151 18217  7257 13824 16534 18603  6433 18057]
7249,[ 9133  2083 13532 16588  8197 10770 18684 13043 10855 13969]
7250,[ 9751  7247 22790  9700  1316  3089 13459  7635 13713 15342]
7251,[18010 10436  9977 10492  6744 10421 11552  1560 10506  3040]
7252,[ 2620 19588 10237 19583 21873 15254 13470 18473 22094 18403]
7253,[ 3004 16457 14918  5850  5559 15080  1201 10764 11644  5697]
7254,[ 7514 16757 16378  2529  3439  3963 16285 16241  1301  5622]
7255,[  290 10969  6365  9686 21588  6644 19319 11101  8078  9920]
7256,[19495 17926 19877 11064  5399 14910  3036  4009  4573 20218]
7257,[11182 23006 21950  4203 22621 21114 22292 20989 21184 21181]
7258,[15612 19167 10434 10440 13688  7333 10441  4327 10422 21703]
7259,[13038  9164  7892  9549  9020  7566  4915 11638 17659 14279]
7260,[14375  5729  6903 23013 16312  1960  1536  1360 15632  4884]
7261,[ 9734 17385  2609  1435  7247 22370 19281 10766  7124 17166]
7262,[16554  1506 16552 19019  5412 20698  9146 17843 19198 10494]
7263,[17962 14851 20698 15915 14298 16554  8218 10787  5412 10494]
7264,[ 6834  6216 15495 18167 20200 21734 13408 12920 21670  4349]
7265,[10787 17843 12218 22211  9348 17783  7069 19532 21394  3695]
7266,[ 1664  6801 17900  2136 15229  2151 10243 14581  4360  8533]
7267,[16341  6091 10937 16372 14205 12878 13550  7525 16317 12955]
7268,[18439 20841 10808 14330 11476 19027 13869  8249  1897   316]
7269,[13212 13432  5428  7755 19298 12594 20391  1853  3705  5480]
7270,[11284  4904  8117  9902  4870  8496  8584 21837 16534  2956]
7271,[ 9736 21387 16656  5959 18538  7160 23062  3701  2061  5478]
7272,[ 6456 15941  7525 22609 16341 16317 20892 12888 15943  9714]
7273,[ 8218  4537 12718 16110 19198 16524 16017 18470 10120 20762]
7274,[16449 11022 16347  5736 16295 16193 16820 13017 13955 15342]
7275,[14179 20789 16462 15830 10193  7426  7068  1862  3235 16553]
7276,[22482 17122 17134 18384 21178 15044 14067  7477  1615 14591]
7277,[ 2870  5361 20994 11439  6058 11385 11964 22288 21790 21989]
7278,[ 9454 17560 21780 14045 21001 17396 13546  4391 22758 18597]
7279,[18625 10875  2813  4699 10853  4481 13040 11459 16534 16572]
7280,[ 9039 17965  4695 12590 13154 15827 16227  1866 16422 13623]
7281,[ 1640 13577 13289 11360 20145  4972 20603 19079 21763 16076]
7282,[ 4800 16154  7973 20129  2304  9146 21458 19019 20698 11167]
7283,[11809 17355  5981  5597 19602 13171 15915 13669 17401 17514]
7284,[12879 12878 16074 10937 18381 21793 17844 15870 21031 16427]
7285,[21355  2564  9865 21357 12244 14682 10183 13060  9580 20587]
7286,[ 2314 19948 18823 20879 10151 18057 19831  2709 21774  1871]
7287,[  615 16883 13948 12994  8828 13082  2011 19103 10791 10573]
7288,[11959 13155  5566 10252  5558  4279 15881  3209 10259 19287]
7289,[19830 12167 19925  7059 22113  9550 20388 21147  9335 12087]
7290,[20964  3029  1608 15632 16347 16207 16295 20203 13955 15342]
7291,[ 6250  4477  2709  2314 20709 10885 21211 11734 19948  7732]
7292,[19079  2061  3035 18008  1944 18932  5456  5478 10744  3701]
7293,[16249 11759  4110 14466 17449  6921 10236  5976 12706 20308]
7294,[ 5959 21398  1111  2287  9120 21377  2747  5468  1098 19173]
7295,[ 4210 15944 14006  7592  8409  6884 13636  7701  9611  7978]
7296,[19451 10151  1208 14389 11532   808 18109 17862 12250  9772]
7297,[21069 16789 21454 13098  4592 15362  5930  5653  7309 15100]
7298,[13969  9055 22588  1875  9133  3874 10468 13532  8197 17367]
7299,[18555  9875 13930 14325  7587 15034 17087  1336  3144  5334]
7300,[ 2598  9994 16369  3124 22989  4516  2678 20994 10504  6034]
7301,[13098 10875 16534  4481 13040  9138 20127 18625  9902 10236]
7302,[10086  1841  7160 16693 22325 13403 18820  9385 14836  5195]
7303,[12706 19828  9156  6710 11274 17900  4631 17544 20308 21781]
7304,[21458 19198 18470 19019  4669 12718 20698  1051 20192  8218]
7305,[18090 14612  8641 19117 19143 11118  7964  2739 20736 22091]
7306,[ 5047  8578  4068  7044 14752 17382 17064 16385 20353 16838]
7307,[ 5590 17068 22284 17865 19308  3244  9393  6094 18627  1994]
7308,[16757 20485 16193  4892 18060 20203  5736 13371 15342 13793]
7309,[13879  8343 15942 16241 16544 12797  4892  8351  2729 16347]
7310,[14179 13957 20789  7426 10139 16075 13820  9752 14062 19811]
7311,[ 5197 22478 11516 16677 12397  5690  9975  5431 19130 10004]
7312,[13451 21447 16022  9467 12492 13854 20713 11361 11638  8322]
7313,[  615   888 19962  8828  4860  2011 12218 19103  3699  8827]
7314,[19996 12192 15067  7143 20061 20733  8037 17516 22693  8476]
7315,[ 4745  2815 17560  5311 22758 15285 12431  4349  5751 15215]
7316,[ 2911 16001  7079 20778  9597 20889 13312 18308 20408  2398]
7317,[18414 12454 10150  4741  3451  1286 21366  9338  3236  2939]
7318,[ 7232 10358  2619  1729  7951  7633 13749  6744 10496 17445]
7319,[10248 20124 15927 20632  3963 12841 14559 20623  7794  9591]
7320,[16426 13635 18684 22684 16193 13623 14063 21453 20203 16510]
7321,[13082 16168 10425 17843 12218 20762   615 19962  9146  4642]
7322,[20596  2733  1332  1607 20609 18695 16188  1567 20145  6427]
7323,[18612  4157 14330 22156 13082 16855 22115 13810 10623 14943]
7324,[16567  3878  6589  9633 22487 21586  9478  7548 12835  7522]
7325,[ 8781 19828 18823 14466  8095  6710  8718  5829  7462 10310]
7326,[18425 16341  7525  1594 14205 20790 16289 16233 13550 18313]
7327,[14320  1927  9935  3916 16030  3437  2680  6446  1300 11539]
7328,[ 3743 19027  9074  4179 14768 11476 11752  4821  5751 10808]
7329,[ 5415 17776 18926 20606  5573 22475  3428  9023 19497 19349]
7330,[16372 16103 16341 15600 16517 10937 16074 18313  7068 18425]
7331,[ 5472  3606 10762  5919  5841 14878 20356  9338 19215 10741]
7332,[16544  8662 16383 16347 20485  8649  7248 13955  8351 16757]
7333,[ 9907  2714  8599  1864  2701  6288 17234 14408 13985  2716]
7334,[16110  4166 16285 22614  3270 16247 11740  8783  6715  7740]
7335,[ 5192  1274  5863 22081  1018  8220   308 19447 17327 23040]
7336,[ 2742 15834 13031  1569 22172  7951 16733  1373 10496  2348]
7337,[13625  8953 22722 21181 22416 10778 21233 23041 21978 22459]
7338,[ 9321 18733  4445 11723 19548  4071  8927  2313  4013   784]
7339,[ 2786 19535 10478  1017 11015  3065 13621 20324  3067  2007]
7340,[ 3269  7796 11508  1755 14764  2639  7124 10698  3649  1592]
7341,[17803 19130 12029 16696  3244  4249 16687  8053 17794  1082]
7342,[21748 22645 21848 22648 23084 21238 22304 21503 21634 22709]
7343,[ 1130  1737 20597 11109 15966 17756 17326 12483  5661 16239]
7344,[16759 19644 21628 12898 21065 15491  6246 16947 14376 13942]
7345,[20142  3453 12166 12789  8992 20606 22479 10770 12369 20149]
7346,[21443 22049 16207 14205  9695 15824 19740  8605 13879 11508]
7347,[15739  9814 16154 12718 11442  3353  8218 19198  1550  3198]
7348,[10945  7074   846  8795 11507 13082  5873 10432 22115 10425]
7349,[18060  9700 22790 16207  8605  3089  9751 12566 13793 14875]
7350,[16581  8351  9209 12590 20756 16807  4032 16578  6715 16247]
7351,[ 1729 13700 18384 14591 18629 10496 16312  4878  2381 19316]
7352,[18040  8088   843 22667  1614  8481  9447 14021  4565 11273]
7353,[11964 19614 15303 11195 10835 19117 13466 11149  6513  8131]
7354,[ 1482  7487  4915 17213  2431  6111 18004  2174  7597  7480]
7355,[ 7817  8051 10223   332 22687  3359 14928 15446  2619 17152]
7356,[ 2602  3827 22148 21819 14314  1724  4100 18046  6432  1737]
7357,[11479 14065 10494 17714  3695  5412  3613 20541 20762 16908]
7358,[ 3412  2547 20287  2314   785 18823 20879  6250  1461 17544]
7359,[ 7928  7514 10770  8197 16820 22588 12234 17317  7550 16285]
7360,[11358 11023 18465 12479 22756 15771 19940 17059 22551 12648]
7361,[16791   624   875 19603 18367  2943 17832   597  6021  3699]
7362,[ 2510  2764 16789  9693  2605  1690  6972  1567  1485  4831]
7363,[14625 18320 14462 14607 21781  1206  5228  3080 19137  4181]
7364,[ 8752 22506  7071 14790 18008  9742 13402 10763  7070 20895]
7365,[21930  1096  9975 17961  8840 17905  8826  6828 11516  7439]
7366,[16372 15600 22049 15998 14205 18313 16399 16247 16233 16517]
7367,[18322 19323 16207 11508 14928 15392  1949 21111  7124 13459]
7368,[21592 18603  4550  7767  7257 16899 19047  4967 10285 16253]
7369,[20816  3435 16161 21907 13859  3438  3439 10151 17792  7341]
7370,[19300 21265  5337 14682 19298 14117 14679  5484  5845   673]
7371,[ 5040  2063 20144  1394 10100 21541  7807 15970  9471 18543]
7372,[ 7954 19002  7218 11780 13032  8518  2692  1560  8078 21147]
7373,[20315  2564 18315 16202  1827 20587 11310 19633 10930 11158]
7374,[ 8218 16110 16017 16154 12718 18602 21683 19198 21458  6225]
7375,[22338  5188 18849 16984 19027 17839  9835 22946 20713 14082]
7376,[ 1316 12991 13713 20835 12789  2552  2329  8459  3012  2820]
7377,[14410  4690 16504  8081 12539  5230 10406 17282 16488 20581]
7378,[11244 22430 19735  9582 22506  1859 15451   309  1201  5478]
7379,[18230 18602  8683  6139  3441 21582 12499 11656  2329  4737]
7380,[19735  2393  6343  5196 17758 15076  7061  9582  5453  8037]
7381,[19162 11467 21970 23150 11315  7401  2824  8690 16141  4313]
7382,[16393 12874  6091 13550  1594  7525 16291 22609 16372 16036]
7383,[ 7182 15272 10118  5874  8228 10870 21433  2940 12955 21232]
7384,[ 2764  6693 20034  6972 21938  6775  4648  2680  6607 11442]
7385,[21367  8389  3546  5839  6344  8840  8204   640  2224 15940]
7386,[ 1327 17676   799  2494   857  2198   764   896  3046  4101]
7387,[18837  6934 22799 19054  5177  9499  6438  9632 14463 18137]
7388,[11955  2403  9742 12108  1965  2116 14790 22506 19765 19690]
7389,[17651 16899 13274  7257  2323  7819  9664  3209  1072 18221]
7390,[10520  8822 20892 11508 13017 15524  9141  7207  1814  8459]
7391,[ 7447  6000 13400  7490  9377  5520 17628  7791 18340  5836]
7392,[14376 15491 20876 10003  2086  2510  2715 15087 19955  6363]
7393,[11001 17965 11369  4032 16247 20756  8351 14033 13154 16581]
7394,[13793  4836 19845 22036  8668 13713 16757  9799  1018 12308]
7395,[  783 23071  6666 17990  5814 17909 17945 15724 22605 22641]
7396,[ 9467 15910 10808 16793  2011 14240  2547   597   620  8322]
7397,[ 1331  2709  4110 12729 17449 19948 14056 21774 12499 10938]
7398,[ 2417  6111 10243 18004 11629  9288  1980  9479  5600 14717]
7399,[17152  2619 10529  7817 15044   332 17122 20985 12511 10905]
7400,[ 5185  3978  1640 13617  5635 14814  9684 22422 10193  5178]
7401,[ 7844 20900  3850  8407  4947 13706 22781 21028 11225 11715]
7402,[10977 10802  4727 19019  1652 15904  8791  9146 16552  5313]
7403,[16552  1506 10977 19693  5313 19019 15904 19565  5035  3837]
7404,[ 2431  7487 21907 20816  6312 20505 13033 15336  2957  7597]
7405,[18246   307  3846 20700  3746 21181 14070  2244 21978  6322]
7406,[15804 10365 21489  4400 11123  3244 19705  9015  6446 22284]
7407,[ 9001  8274  8043   803 17832 21405  9762 16677 19140   624]
7408,[19226 12082 21262 14551 17757 19083 12032 14553 19116 16699]
7409,[17448 17778  9665  5431 12397 13786 19983 19222  7030 12681]
7410,[ 9321  6607 18733  9133 18642 16017  4669  6704 16524  1941]
7411,[ 5679  9866 21927  3975  4482 10380  5484 19641  5247 14567]
7412,[ 4529 14591  1546 20158 13749  2853  7232 16312  7633 11023]
7413,[ 2393 20952 12485  4246 22758  2547  6250 20340 21813   620]
7414,[17152  2508 18008 16347  4913 10313  8485 17798  7070 18551]
7415,[ 8649 12645  1968 19765  7248 20485 18886  4892 15193  7535]
7416,[19009  4507  2398 18308 18956 22520 18002  2911  6426 21035]
7417,[17886  6911  6246 18013 15804  1485 22689  1008 15267 18940]
7418,[ 6261 13253 13039 21443 11463 16440 16021 22049  9695 16053]
7419,[ 3198 15739  9814  9751 22764  7247  5653 19064  8708 18040]
7420,[10977 10417 15904 22276 10418  9146 10432 14851  7426  1652]
7421,[16691 14283 17180 10186  3699  3618  3609 14561  9352  1112]
7422,[18470 16552 19198 19019 16554  3441  1506  6225  5412 20762]
7423,[ 2329 13062  6655  2339 16724 12285  1702 19500  2820  1162]
7424,[19623 16590 15275 17877 15514 15474  1934 20889 21606 15190]
7425,[18367 17466  2151  4569  1664 11775 11460 18764 14312 11759]
7426,[16347  5736 16544 13955 16757 15342  7400 20203  3029 17220]
7427,[14605  8051  5499  7080 17726  9377  9734  7124 14928 10331]
7428,[ 5841  7447 17342 13607 14739  5020 20511 20088 10500  8715]
7429,[16347 13955  2369 13017 16383 20964 16193 16295  5052 16449]
7430,[16855  9580 14997  5484  4776 18430 12164 10722 10183  1030]
7431,[10504  6532  6337 20239 16931 13207  7594  3014 15004 18631]
7432,[16553  8481  4670 15601  2207 10393   651 14092 14257 15630]
7433,[12975  1749 13118 11820  8930 19932  1577 21851  9922  3017]
7434,[13394  3699  7710 17068  2011 14676 14004 12061  2346  2185]
7435,[14428 13371 12945 16207 20203  6928 13017 19369 10777  7550]
7436,[21719 13937  9752 22556 11362  9316 10802  8993  8795 21720]
7437,[11539  2680 21916  6693  9766  3353  1300  6775  4831 21364]
7438,[17859  9225 11433 10680 23069 11780 14646 17547  6678 21201]
7439,[11476 12994 10781 22946 20713 13948 19027  2483  4727  7252]
7440,[16285 16347 16544 16208 15942  5736 16757 20485 20970 10071]
7441,[ 9164  6250 18705 11476 20709 21862 16034 13791 21447  7441]
7442,[ 3013 19842 13951 20653  8375  9766  4757 16188 16154  1371]
7443,[ 2025  8708  1702 19064 13717  2329  3198 21582 18602 13810]
7444,[ 9146  1652 20698 10977 14851  4800 19019  8791 16154 10418]
7445,[ 7242 13458 18552  3649  1558  7572 12302 14245 15272  8769]
7446,[17453  8082  1234  3402 21273 22164  2171  8691   670  8492]
7447,[18733  9133  7400  5736 11740 10120 11723 20396  6225  8197]
7448,[ 7179 19500 16135 10133 19316 22452  1565  1162 16489 22172]
7449,[13104  2662 21952 22790  7247  1435 17227  8459  7124 14875]
7450,[ 4445 20142 12789  8927  7550 13563  4601 11358 19242 17059]
7451,[ 9146  4642 12449   869  8828 10623 10775 10428 19962 18190]
7452,[10977  9146  1652 14851  4800 15904 10418 16154 20698 10432]
7453,[ 8485 12792 20360  1935  7105 16639  7201 17931  4036 11020]
7454,[23101 13275  8640 16369  7991  2504  3808  2598 16933  6629]
7455,[ 9469  8351 20418  4032 20396  8197  7400 12231 16581 18602]
7456,[ 3275 20787 15207 16563   359 15392 20522 15980 11508  7581]
7457,[16569 21443  5874 13459 13509 13575 19324 15806 19500 12442]
7458,[ 2687 20881 20883 16458 17851 21477 22648 21238 22645  9685]
7459,[21186 22102 22477 21363 19287 22713 11182  2560 21184 21961]
7460,[14204 12620  2014 21273 11522 13606 10967  6878  5715  1556]
7461,[14790 10776 16241 13007 22506 10151 19047 11244   309 12304]
7462,[ 4477 17880 10151  2116 11244 14790 16241 10776 22430 21211]
7463,[ 2583 16489  8631 20597  9993  9514  1960 12483  7145  1730]
7464,[ 9338 19128  2104  8047 13375 20918 19215 19080 11363 21375]
7465,[22477 21186 22102 19250 21363 11182  2560 22713 21184 22621]
7466,[10880 19088 19377 15303 21790 22090  1979 22989  4306  9696]
7467,[14023  4322  5391   787  8259 21009 22595  2508 15773  8641]
7468,[20360  6778 12792 16639 13031  2608  8953  6440 22482  1247]
7469,[19281 14023  9734  8000 16930 22794 12199  9404 17335 20351]
7470,[13082 18612 22115   846 22117 11507 16883  7074 16168 14330]
7471,[16153  2868  8972 12976   740  8315  6598 11129 19325  2093]
7472,[20918 11772 12028 19215 15214 19128 12031 19131 10711 13375]
7473,[18492 10473  5031 22719 11314 12480  4093  8953  7015  2510]
7474,[ 8708 13743 10965  1702  4366 22764  3198 10489  2339 19064]
7475,[22355 20709  6250 19735 10885 11244  1331  2709  4477  2316]
7476,[13082 18612 22115   615 16168  7407 10425 16883 22117 17180]
7477,[ 9903 17042 22153 17799  3428 15036 18138  7594 15028 17381]
7478,[16139  3198  4071 15739 21037  2245 16766  9469  9814 20498]
7479,[18364 13082 22115 11507 18606 10839   846 18612  4675 16883]
7480,[17209 12304  7471  2282 17719  7575  1322 18100  1216 22761]
7481,[18606 18364  7670  4775 22115 13082 21182  9866 14567 21654]
7482,[ 1583 19066 13629  2684  4671 14231  4132 11022 12677 16449]
7483,[17641 16486  3746  6948 23128 10687 18246 16905 16307  7767]
7484,[12349 18695 10739  2233 18318 12178  9325 10701 11479 15739]
7485,[ 7400  5736 20396  6715  9469  7550 16193 17220 16820 17317]
7486,[ 9734  1435 21406 17385 10764 19281 19765  3083  5499  7247]
7487,[22614 18060 19548 16044 14033  7400  7635  9824 11723 16334]
7488,[10977 15904  4800  9146  5178 10623 20986  4763 22276 10802]
7489,[ 2956  9902  9700  4870 16371  3089  4481 16440  7627   728]
7490,[21781 22449  3080   958  5001 10236  5228 12228 16744  9491]
7491,[20757 11528  4969 16205 18567 12924 10285 16930 12991  4445]
7492,[20360 21060  9734 13955  1608  1683 12945  7015 15740 14428]
7493,[ 9487 12694  3708 22654 13729  7942 17284  4778 12000 19262]
7494,[22117 12851 19532 14943  3429 10633 22156  1943  5480 21765]
7495,[21052  8927 22588  8197   890  9133  9321  7550 11740  4445]
7496,[14090 12984  4177 18970  3082  1968 21047 14734 14210 10699]
7497,[20994 11439  6058 21790 16873 15496  4306 22288  2712 20154]
7498,[  597 16791  2709 12341  1331 18188  2346 11982 20143  2151]
7499,[11551  4800  3270 13526 14298  6849 10418 10977 19160 15904]
7500,[15193 15446  6173 21837 13955  2167 20977  1201 20360  2662]
7501,[18056 14031 10346 22747  4810 18375  5918  7538 10530 18273]
7502,[1925 7975 1549 3085  621 2703 3229 2319 1933 2076]
7503,[20835  1306  1348  4050 11109 14130  1274  1315 20187  1193]
7504,[ 7015  4611 16930  5031  2110  4529 14196 20360 11863 20876]
7505,[ 7975  4864  6421  8258 14465  5267 20601 16385  7531  1930]
7506,[20143 16552 18470  2346 19198 17843  1506 16168 20609 19962]
7507,[ 8375  4110   597 17871 11759  6921  3837 16249 13614  5976]
7508,[17095 18096  5336  7125  1746 14365 13431 22071 13828  5992]
7509,[14205 16289 16569 13879 16233 16372  9209 18313 16315  2707]
7510,[21168  1285  5706  4071 16916  9325 19602  2245  3295  5776]
7511,[ 8490  4132 11863  1600 14231 14269 16422  3203  1509 16402]
7512,[ 7538  1556 20733 22747 12350 12388 18056 10274  2400 15120]
7513,[13082 22115 18612 14330  4157 15904 16168 10945 22800   846]
7514,[ 4200  2680  9133  9321 10473 17367  2257 18733  4537  9055]
7515,[ 4041 14465 22113 11985  8488  4664   290  2740 17922  8131]
7516,[19525 21326  4611 19281 19133  1545  4529  2176  9103 19124]
7517,[ 1247  1875  1878 21573 16942 17077 19940 10017 10989 22148]
7518,[ 8218 16154  7973  6225  2304  4216 20653 16522 12718 16705]
7519,[ 9133  8197 20080  1553  9321  9055  1256 18733 18997 13714]
7520,[15477  2722 16899  7951  3040  7817 12511 20351  2167 19990]
7521,[10104 18576 19383  1941 17440 18398 18475 15616 18738 20747]
7522,[21966 21178 18234  7617 10475 20601  5691 15644  1569 17122]
7523,[ 2578  9604 12272 23041 10504 14388   307  3259 11856 22626]
7524,[ 9030 12212  7517  4360  1916 13600 13443  7499 17616 16343]
7525,[20597  1729  2671  6140  1579 10204  2381  1760  9514  1171]
7526,[ 1617  6360  6744  1760  2742  2608  3040  7617 10475  7951]
7527,[13082 18612  7407 16883 22115 16168   615 17180   905 10425]
7528,[20541  2716 14408 12408 10217 10494 12507  2714 13985  1051]
7529,[18576 12729 20484  7188 10071 15616 16769  2705  4737 19831]
7530,[ 3437   983 20663 10622 14320 10365 13798 19891 16769 12480]
7531,[17445  1527  2186 17915  4749 14752  5711 23162  1387 21664]
7532,[ 9637  3453  5729  8079 23166  8641 17547 16774  5166  8373]
7533,[ 7598 12084  9709  9867 16692  8376 16691 12960 14680 22792]
7534,[ 4188  1548   628 15966 13647  2064 13448 13043  6226 10017]
7535,[10776 12250  3851 17880 16241 13007 10151 19047 16286 19451]
7536,[ 6359  2716  2233  3613  2476 21394 14408 16936  2701 12059]
7537,[15967  5884 15847 17565 15987 10957 13453 20257 11092 10783]
7538,[15967  5884 17565 10957 10783 15847 15987 20257  1998 13453]
7539,[ 2398 16001  3111 22520 18308 19021  4300 17372  2911 13805]
7540,[13082 22115 18612 22117 14330   846 14943 10623 16168 22156]
7541,[19144  2559  6315  7598 16395 19497  5776 19352 10115 15693]
7542,[12645  5039  8649  7279  9209 18313 15941 10846 14205  4892]
7543,[ 7274 13098 16534  2382  8584 18819  4609 20092 10153  6775]
7544,[ 7525 18313 16233  1596  9209  1594 14205 10119 15823 16247]
7545,[16383 15193 18886 19765 20485 11263  8649 14790  6725  7248]
7546,[ 3861 10368 15971 11370  7239  1259 15935 15987  1448 15789]
7547,[ 3861 15971 20315 12645  3864 15766 14889 10368  5039  4806]
7548,[12719  1360 14293 19708 12556  6536 17898  1171 22611  1587]
7549,[13082 22115 18364 18606 10839 18612 10834 11507   846  4675]
7550,[17983 17059 10207 18664 10204  9110  1729  2064  1730 12483]
7551,[18476 13411 10825 18278 14086 18504  7017 18364 21770 13523]
7552,[ 3089  5697  2662 19064  5655  8605  9700  7602  8987  7661]
7553,[17880 10620  4477 16196  3862 17083  2116 14790 10391 16034]
7554,[18274  4445  3082 16930 17335  4059 19739  1968 13104 11528]
7555,[13955 16347 13017 16544 15342 16193 16820 19765 20964 16449]
7556,[22873  2439   649  8086  9892  2167 15165 16457  3358 13029]
7557,[ 5479  3589 17051   651 20523 10344 16653  7390 20145 17791]
7558,[ 8560   922 12557 16972  4286  4427  6781   677  1064  2402]
7559,[17616  8522  4360 13586 13443 13600 16843  7499  6656 13711]
7560,[16110 15915 11740 16285  4537 10120 19602 20829 18470  9133]
7561,[ 7973 16522  6427  6451 19747 13572  2304  6225  7546 11558]
7562,[16031 19866 17750 16860 15721 20223 18763 15854 17410 12059]
7563,[13082 11507   846 22115 18612 10839 16883 10573  8795 10425]
7564,[ 4051   890 18733  8927 17367  7550  4445 19739 22551 16930]
7565,[17055  1206 11629 17846 13471 20324  6710   599 19948  7274]
7566,[ 7774 15700 21182 18476  7074  8795 11988 21719  8579 10834]
7567,[ 1616  2348  2881  1373 19626  1360 19345 16385  1569 22460]
7568,[ 4051 16930 20701 22756   890  5031 16551  4445 16510  4093]
7569,[ 4675 16883 10747 11507 10993 14727 22946 20713 14457 12994]
7570,[19667 20360  2608  5031  1247 10133 15616  7015  1615 16639]
7571,[21404  1545 11363 22118 17772  3055  8880  6537  6326  1663]
7572,[17843  2701  2714  2716 20143 20609  1550  1691 18470  5412]
7573,[11467 10618 20796 13274  3419 16905  2824  6429  4922 16716]
7574,[17843 11479  5412  2701 14065  2716 12218 17714 17234 16908]
7575,[ 3374  3728  5178 13577 22996 16616  3978  5810 10623 19324]
7576,[ 7120 20498 14231  4132 20142  7558 19283  6672  8197 22588]
7577,[ 5882 10428  2185 11479 17762  9433  5412 19244 19198  8599]
7578,[ 3385  1640  3735 10432 20237 10125 12302  4166  6315 19079]
7579,[ 9695  7019 13550  6091 15943 16291 11508  7525 15596 11472]
7580,[ 3083 10690 17772 17341 12130  3604 19080  4858 21375 17793]
7581,[ 8927  4445  7550 10770  2313  4601 21052 20142 22588 19548]
7582,[ 1927 17291 11100  5003  1305  9935  6446 16030  1633  1692]
7583,[21710  4368  5367 12207 13974  2345  8007 11024  2577  4789]
7584,[16930  6972  9055  8927 12501  2764 18576  8299  7015 22551]
7585,[13743 20970 20192 20418 16724 18602  7180 15923 16705 16496]
7586,[  852  6643   615  9123 16883  4860  7407  7828 19780 14298]
7587,[ 8131 12087  8100 11424 14979  9550  7059  3045 14128  7378]
7588,[19086 10847  8353 21575 22943 21565 22536 22555  8270 21580]
7589,[ 3013 13158  6607 13951 21458 11442 18230  2605  5622  4200]
7590,[ 5655 13743  3375 13039  8708 18040 16139  3198 20970  9469]
7591,[ 7124 17385  1435  5499 13987 10766 10762 17166 19765 10764]
7592,[10653  8432  8781  5829 16480  7462  4424 11033  5813  6210]
7593,[ 5050 16792  1926  8102  1306  2019  1274   784  1680  8941]
7594,[ 8529 20321 20478  1872 11795  4153 19022  7991 21530 10237]
7595,[ 1030 13024 15980 14878  1944 17166 18232 15227 17157  1701]
7596,[ 2136  9762 10858 15664 16343  8914  7624  6801  4615   880]
7597,[17029 21774 20925 10949 17917  8095 16912 10310  1214  2179]
7598,[23163  7288  6271 21794  8263  7439 12108 13790 15165 22830]
7599,[ 5808 10830  7888 16196  7957  5813 10668 23150  8432 22430]
7600,[15739  3198  6607  9814  9967 21458 18040 18602  4940 10486]
7601,[ 4669 13727  9325  6693  5872 10923 22461 12507  2717  9907]
7602,[20143 17843 16552  1506 18470  5412 20609 19962 19693 13810]
7603,[13951 14149  4757  9967 16789  8375  3013  6607 16217  4119]
7604,[ 9225  9510 12833 15476 13831  5411 20392  1368 17651 11188]
7605,[ 1507  1691 20143 16552  3441  1506 18188 19198 13717  6225]
7606,[ 8816  8218 12718 16090  1334 11427  6830 20223  1055 14851]
7607,[ 9505  1872  9604  7038 20321  2578 23041  7991 21485 10778]
7608,[17968 16815  2641  7689 10997 15019  6184 21609 17418  2487]
7609,[12556  9087 13120 11236 13621 17946 16223 13151  3212 10473]
7610,[23013 13253 16053 20361  6117  2310   843 15651  1949 11022]
7611,[21226  1274  6309 22028  5050 10699 20414  5421  1825 21607]
7612,[19350 19459 16275 10013 22219 19632 22199 19653 13373 12688]
7613,[17410 22284  4461  7387 11427 12882  3383  5593 11643 13686]
7614,[20597 17077 10207 11109  1661  2671 12483   915 21573 10133]
7615,[18115 20344  9325  2716 16766  2714 11643 11426 19532 22284]
7616,[17467 12808 15109  2504  2640  8640  2014 14381 15437  1264]
7617,[ 2696 11101  8078  4946 20813  4594 21062  6644  9574 15511]
7618,[18870  3785  9860 12060  4099  5196  8906  2185 13686 17762]
7619,[13509 16724  2339  7179 19500  6139 10275 20127  4904 13743]
7620,[ 8490 22719 20360  7015  8752  1509  1600   662  2519 11100]
7621,[ 7466 12737 19122 15717 12186 16031 19866 21386  9933 17755]
7622,[14677  9867  8069 12960 19780  5480  5484  5873  5567  7073]
7623,[  640  8027  7042  5839 10087  3546 15699  9582 19856 11934]
7624,[13168 15600 16247 16399 16372  1596 15830 11461  6849 13572]
7625,[13887   854 10893  2543 20453   701  7162 11018 11888  2221]
7626,[16422 15524 10119  7207 16564 15632 21453  4132  7581 16402]
7627,[ 2717  2716 13985 19244  2714 17714  5882 14408 10217 20990]
7628,[17880 10776 13007  8212  3851  5362 10859 10151 20879 13162]
7629,[11366  8401  5729 22452 19809  1814 23010 13017  4878  7837]
7630,[19047 13007 10830  6771 10776  3851  4550 16241 14790 10620]
7631,[13948 16579 21211  4874  3435  9123 16421 21389  7828 21339]
7632,[  640  1098  3546   627 10087  1012 14703  6233 21367  2224]
7633,[ 1616  1872 22148  7038  7975 11371  1587  1613 14293  4628]
7634,[ 4717 15531 16164 16289 16569 12231 10489 18602 15308 15908]
7635,[15699  3545 20823 20056 15072  7903  6233  9340  3347 17806]
7636,[  900 13519  2717 17410  3705 14408 13985  2716  9349  1036]
7637,[ 8407 22781  7844 20900  4947 21028 11259 11225  4054  2720]
7638,[12594  8008  5556 19134  5494 15717 14645  5951 14700 19110]
7639,[11491 18120 11391 15120 12278 14225  2250  7517 20669 19509]
7640,[ 8987  5736 18060 16347  3089 16044 17220 20970 16757  9700]
7641,[ 2083 13635 12234  7550  9133 17245  2406 13532  9039 17296]
7642,[21724 16838  4880  5743  1207  2027 17641  4068 11529 22371]
7643,[10623 15904 13082 11656 16552  3947 22800   615 18612 15893]
7644,[ 6208 16014 17025 17296 12234  8833 10388 14975 20149 20522]
7645,[16233  7207  7019 15930 16247 22753 15852 10119  8351 19740]
7646,[20561 13145 16801 12858  3017 10286 12284  9929 14227 16024]
7647,[ 7808 11286 22997 17515 19629  5222 13055 14531 18763 11867]
7648,[ 4776 18674  7655 16855  5689  5786  8591 14997  6947  5484]
7649,[ 5177 15507  6934  8189  5333  5580 12600  9546 15030  7941]
7650,[12501  3029  5736  4051 16757 16193 17220 16113 16295  1247]
7651,[11863   344  2508  8490 13924 13830 17798  8349 20876  7015]
7652,[ 3244  1036  2717 17234 10289  2476 17714  2716 10217  4689]
7653,[18246  3343  3746  4203 23128 16570 16716 17641  5448 14070]
7654,[  983  1466  4644  1761 15190  1627 10003  2529  2067 15261]
7655,[  983  1466  4644 15190 19571  5236 17750 12694  1627  6675]
7656,[ 9362 21813 12485  2393  8718 15720  3681  1242 21923 12033]
7657,[ 2027  9808  4540  8641 11524  2577 10101 19351  5665 22332]
7658,[11254  9962  7222 16316  4888  1557 11378 22003  3019 10963]
7659,[ 1325 12159 10101  1847  2577 10371  7034 22700 11283  6796]
7660,[ 5816 17342 22081 21745  8220  2624  5192 16610 14130 21628]
7661,[ 4132  5003 11100  5031  2110  1684  9055  7118  1332  4051]
7662,[16193 16347  3029 17220 13955  5736 13017 16295 20964 13371]
7663,[ 3743  5196 15043  3653  7829 22705  3430 16421 16441 19735]
7664,[ 1558  5822 18494  3649 13890  4953 14580 21423  9662 18552]
7665,[ 7341 18764  3438  2382  2705  3435 11759 13158 13859 10522]
7666,[22370 11020  7601  2745 11284  4565 15446 20202 21374 13772]
7667,[17398 20665 17056 13010  7406  6644  9755 18026  3027  6045]
7668,[  704 11501  9369 16031  9349 17753  8053 19244 20546 13519]
7669,[11425 13700 22667 18625  8401 10529 22452 16207 21069 18322]
7670,[21952 14541  5661 18494 17254 15207 12166  6876 17152  8222]
7671,[20609 18040 21692 10353 13717 18695 15739  1567  6422  3198]
7672,[ 4648  1374  2605  1392  6776 22269 14376  4200  1680  4757]
7673,[17296 16227 14090  9480 12234 15998  4928 17025  2406 20142]
7674,[ 9051 20152 20185 10654 14975 20149  3859 10016  3995 15261]
7675,[ 8525   875  2393  5196  2883 10263 17560  8966 21348  6684]
7676,[20092 12792  6972  8953 17291 16223 22719 20474 17370 20202]
7677,[ 3192 11740 19739  4059 16551 16206 20203 19548 15342  1966]
7678,[ 9627 16045  3390 21703 22293  4382  1637 11194 13652 23124]
7679,[16746  1162 12336  1894  2222  1166 11459   765 16989  1316]
7680,[ 1760  1617 21966 20597  9724 10989  1615  2608 11536  6744]
7681,[12594  5987  5556 15717 19110 19071 21299 16645  8008 21276]
7682,[ 3244 11516 19185 14004 22009 19130 12029 17928  9914 10923]
7683,[ 2314  1208 19451 18393 18109 16034 20879  7775 10151  4196]
7684,[21868 12550 17013 17198  6878 12794 13146 18562 13883 13974]
7685,[17519 13981 13007 16253  3851  4550 10830  3858 10166 10776]
7686,[14591 19990  6440 19989 11519  2840  1529 10293  9555 10475]
7687,[10923 17234  2346 14408  3244 10289  4689  1036 18470 20541]
7688,[10083 16522 18433 11461  9469  8617  4032  2684  9321  4216]
7689,[ 2433 14174 13706 14055 20608 17897  8779 13621 15352 17214]
7690,[20541 16810 16766 16376  6643 15915  9358 17401 18729 18115]
7691,[21326  9404 18970 19281 12180  5836 12199  5020 10762 15080]
7692,[20834 21497  4009 20739 22316 11103  9619 18878  4551 16674]
7693,[  890 17335  5907 15342  3082 19548  7635  9799 16544 13104]
7694,[18057 22400 18603 16912 16639  1247 17257 16850  2851 14466]
7695,[10803 14153 10081 12653 18058 11478  2824 12327  8489  6774]
7696,[17037 20142 10770  3121 10486 18926 10855 12789 21174 12285]
7697,[21273  2890   682  1556 17066 18109  2067 13434 22960  7839]
7698,[ 9133  3212  8197  7550 18684 10855 13532 12234 22588 10120]
7699,[ 6173 14790  1201  2729 20329 15193 16241 22506  4870  5697]
7700,[ 8102  4497 13043  1135  3874  1875  4884  5050  9055  2715]
7701,[ 1875 11023  1661  1579 15771 19940  1135  1878 21573 16312]
7702,[ 1637  9713  9755 19935  9574 13578 16045 17056   764  6943]
7703,[15188 22266  5711  9032  2137  9685 20881  2120  2296 19595]
7704,[ 2745 20360  6440  2167  8953  6335 22817  7015  7293 22482]
7705,[16853 19873  1167 23040  2619 18926 18426  1845 12636 22687]
7706,[ 4669  4200  9907 18470 22269 15739 20829  1392  3198 21458]
7707,[ 9302  7043  5374 16645  9499 11122 12383 20549 14923 19110]
7708,[ 2510 20876 14269  7985 22719  8299  2340  6363  6972 19066]
7709,[15392 22026  3275  1814  5052 15930  3453 15943 11263  7885]
7710,[18973  6854  8373  3727  1387 15980 16795 16134  7022  8459]
7711,[ 6775 19004 12501  2705 10252 16769  6972 11100  7070  7985]
7712,[ 4884 13700 12188  1941  1162 14063 10133 15362 20876 15087]
7713,[11442 11539 21938  3013 11123  4400  6693  9914  2680 21916]
7714,[17556 15292 12240  9228 20325 10958 14313 20097 15054 12935]
7715,[  332  1529 15252 20989  6230 11059 22292  3986  1658 20550]
7716,[22989 20994 11439 19193 21790 16873 19088  9897 15496 22090]
7717,[15039  7781 10690  8074  4132  1680 22120  7780  1332  6309]
7718,[ 4313 19978  3965  7202 14144 16991 16495  6984 11463 17945]
7719,[ 4362 19809 11780 15965 23069 20515  5052 17547  6526 16991]
7720,[20606 10654  3807 19338  4928 19268 22794 19192 19497 16014]
7721,[ 1234  3402  6563  4476 17106  8362  4373   670 18088 17915]
7722,[17772 21137 21174  1274 12789  1941 16792 12188  4884  2104]
7723,[17152 18650 19990 10204 19989 18148  5052 17227   332 15644]
7724,[21922   857  1386 22094  3046 19026  6823  2494 17676   621]
7725,[ 9058  2393 21907  5196 11982  2856 16791 13859 10522 19227]
7726,[ 8490 13830 22719 13924 15665 17313 12556  1600 16223   662]
7727,[22037 17922 19002  3040 11780 18631 15077  3419  8179  4864]
7728,[ 2890 17915 19668  7434 12620  1563  8362  1599 21273  1234]
7729,[13039  8662  8605  7525 15596  5048  7248 16544 16207  7071]
7730,[16402 16295  3029 16193  1509  5031 15632 16546 20360 16307]
7731,[ 9055  1878  5031  1875 11358 14734 10473  4093  1661   344]
7732,[22416 20905 21238 21978 21181 22645 20883 10778 23041 21233]
7733,[ 2137 16126 18819 14223 16960 16534  9839  6972  9236  5930]
7734,[16090 20684  8993  9433 16552  9814 14065 16524 10432  8816]
7735,[ 8197 18684  4032  9133  6941 14033 22588 13969  7550 17296]
7736,[17964 10332  5481  9644 15606 15582 19274 22087 19120  9631]
7737,[ 4166  8351 14205  2707 16247 16233  4717  7525 22753  5048]
7738,[ 7407 13394   615 12061  3699  2011 14680 16908 14676 17068]
7739,[20709 17544  8171  9156 19828  6260  8781  7462  3010 17917]
7740,[ 2740 11195 17405  5346  3416  8131 15075 19022 11180 17570]
7741,[20876  1926 14376   788  5930  1374  6246  7163  9660 21628]
7742,[17401 15174 21745  1348 20592  4050 21796  2624  3756  1288]
7743,[11888 19496   877 13225  3427 19361  9670 15231 15317  6599]
7744,[20925 17190  2511 10391 16452 21288 13981 12740 13030 17302]
7745,[17860 16851  3067 12729  6824 13859 19831 20925 10896  2314]
7746,[17851 19991 16899  2501   980  7628 16458 12666 20881  6796]
7747,[ 2151 18367 17078  4569 16791  1664   624 11460   859 11759]
7748,[ 9058 21714   620 19603  7710 10263 17049  8322 13374 10186]
7749,[14559  9067 11464 17231  2287 22873 23145 10859 17086 23150]
7750,[ 6663  2331 18004 17213  8826  1198  1200 14717 14024  7450]
7751,[ 8202 17802 10500 19293 14121 14132 21607 13375 22028  1274]
7752,[ 1064 11761  2421  2502 17020  3019  6586  3422  2473 13578]
7753,[ 2395 21875 13863 12936 22995 13992  5668  8540 12191  2357]
7754,[15225 22641 22370 19552  4913 21300 21673  3359 22667 10766]
7755,[20418 16522 16110  4032  9469  8617 16705  8218 18602 13572]
7756,[ 4158 15600  4032 16807 11461 16399 17965 16581 11369 20756]
7757,[19338 19811 21793 21134  2559  5980  3717  7598 16308 15844]
7758,[20340  9706  2957 22430  3743  1336  2393 19735 15034  7061]
7759,[19863  5496 19780 14680  8069 19288 19098  5981 10425 18115]
7760,[  290   358 19201  8131 13919  8960 23151 15962 20610 15477]
7761,[ 5026 21641 11092 15942 10393 15975  4477 13865 15798 14323]
7762,[10478 19831 21774  2433 12250  2709  2314  3120 20880 20879]
7763,[ 7182 16341 16103 10937 20790 16291 13039 21620 16317 15908]
7764,[ 8795 19327 21720 11507  9752  5945  4339  8577   846  6611]
7765,[ 8992 17748 15379  3744 19447  4641  6315 22479  9971 19200]
7766,[10931  7677 15271 14921 20289 17004 15476  9633  7723 12833]
7767,[ 9353 19135  5559 21512 21261  5456 12153 12184  9395 15051]
7768,[ 2381 20597  2722 19990 10277  1729  2671 19989 14591  9514]
7769,[16791  2151  9762 18367 12341  6695  2346 17951  1664 12974]
7770,[13082 10425 10432 22117 10623 14943 15904  4642 19962  3952]
7771,[18641 20541 17466 19198  2038 18627 10923 18470  3013  2346]
7772,[ 7928  7514  5622 10071 16757  4969 16285  9799   892 15746]
7773,[19962 16908  1550  2346  7721  9914 10289  3244 11516 11442]
7774,[  857 19026  1386  2494 17676  1327 21922 16028 22094  1716]
7775,[13463 12717 20063  7954 17100  2144 11101 19002  9129 20813]
7776,[20741 16556  4195  5036  9002   307 11745  6452  2877 22519]
7777,[ 9141 16233  3273 12326 16569  8351 22049 19740 15998  7207]
7778,[22052  8494 11408 14115  3035 16775 14734 11524 11497   705]
7779,[ 2544  7015  1684 17970  8299  5031  2700  2077  2110 22551]
7780,[ 1550 19198 18470 14065  2701  2714 20541  8599 20698 11479]
7781,[13015  5026 17449  3010 20192 11734 20050 13867  9156 16553]
7782,[13669 19863  9349  5882  3695 17293  3613 13686 16696 17714]
7783,[ 4884 19667  7118 14063  8197  2700 20701 14231 11100 22588]
7784,[ 4978 17059 10996 19989  4601  7080  2519 17296 14293 19351]
7785,[ 4179 21732  4821  8092 13021 10808 16421 22538  5311  5751]
7786,[11734  3010  4366 20192 11267  4670 19620 20215 18188 10153]
7787,[19208 16653  5571  8849  9363 19082 17424  1530 15990  4687]
7788,[10151 16378 18109  2117  7424 15927  9163 16989  5813  7819]
7789,[16496  4366 15995  6210  2179  7180  1879 11734  3010  6260]
7790,[10391  7554 20925 16241 21582 11532 14193 16506 10151 15767]
7791,[16588 13563 16564 12234 21453 17317  3012  7928  7550  2083]
7792,[ 7242 12468 13458 13828 15253  9904 12223 14017  9165  7175]
7793,[ 4569 18367  2151 18627  1664  2346 17951   624 12974 17078]
7794,[ 7105 18460  4366  1689 11223 12792  4737  3845 17291 19667]
7795,[16581 16807 20756  8351  9209 16578 20396  4032 16399  9469]
7796,[20192  4670 11267  8218 16552  9814 12718 16705  5655 20970]
7797,[20360  7015 10989 10207 22482  1696  1754 22391  4878  2608]
7798,[16449 11100 14231 13120 16347 17931 16295  1509 16223 22719]
7799,[13994 10071 19004  1941  5622 15746  6607  2529  4200  9799]
7800,[ 3089  9700  8987 16371 18602 16724 13743 16757 20970 17220]
7801,[18470  1507 19198  6698  1691 11161  1505  8816  1571  1051]
7802,[ 7400 14063 13563  7635 10388  7550 12234 13464 17317 11723]
7803,[11267 16268 22996  4157 14092 15904  3947 20134 11734  9752]
7804,[12991 12789 20835 10207 13585  4601 10133 22036 17335 12308]
7805,[ 9165  5783  7242 12697 22051 13828 20286 12468  4960 15253]
7806,[ 1853 14997 22422 10344 14943 22156 16855 13814 10761 22479]
7807,[ 4821 22359 18597 10808  4179  9020  4391 10886  8521 16421]
7808,[ 4032 11461 16581  8197 16705 16247  9469 14033  3273 15827]
7809,[16347  5736 16820 16285 16449  2077 11740 12501 15342 10071]
7810,[11508 18322 15392 21111  1949 20892 20102 17998 11022  8459]
7811,[ 8375 13158  3244  2717 20034 17822  6693 19643 16188 17268]
7812,[11820 12975 21851  1144  2009  1749 17372 13118 15501 10472]
7813,[ 5520 20351  8000 19990  2381 19989  2722 20597 11519  5836]
7814,[21850 13567 15064 12794 14720  6945  6292 13883 22210 20292]
7815,[  869 15816 18190 13684 10574 10432 21211 10353 11476  7622]
7816,[  708 19154 19247  3683 11501  1082 19864 21369 17778  4518]
7817,[17105  3203 19283 11519  3055  9103 22391  4529  2871  7015]
7818,[10257 14186  8418  4237  8317 16182  8256  8642  3733  3861]
7819,[ 4527 17059 14293 11358 12576  4601 11041  1878 18664 17193]
7820,[17169  1585  2700  4200 14273 11740 13464  1564  2077 21052]
7821,[ 2380 19297  8068 22944  9341 19246  8840 15666 12162 19307]
7822,[ 6644 20810  4327 13652 22293  9574 21062 16045 21672  8078]
7823,[12480 13621 19535 18189  3065  1017 22719  2786  2007 18000]
7824,[18463 22355 10620  3862 19027 20208  3865  3858 22093  5026]
7825,[ 5666  9864  5485 21927  6008  7271  3652 10361 15580  9474]
7826,[10139 12879 18381 16074 16427 15600  7279 12878 16315 16372]
7827,[15521  4093  8953 17988 13044  6440 22722 14291 21977  5031]
7828,[ 1373 18596 20985 22725  2299 15412 10190  2742 18113 12511]
7829,[15179  3456 19525 22118 19761 11363  1440 14597 19672 20356]
7830,[18060 12789 20835  7635 16044 13371 19548 13793 17335  8817]
7831,[16369 23101 13275 19117 23151 11964  2598 20869 16829  6784]
7832,[15980 13024 19727 20787  1701  1425 18973  2563 14878 18232]
7833,[ 4550 14790  3851 13981  6771 10830 10776 20485 16241 19765]
7834,[17431 16074 13156 12645 16807 15489  8876 12879 16427  7279]
7835,[16130 13879 16371  2707 16289 19867  8351 20970 16506 18995]
7836,[22031 19037  9750  5695  2696  2204 10969 21147  3014 19684]
7837,[ 5711 13044  7122  8387 15442 22722 18465  9555  5523  2722]
7838,[11507 20713 10808 14457  6357 16883 19327  4675 13082  6611]
7839,[20556 10375 23033 14073  6673 12424 17363 13586 11542 11875]
7840,[ 7928  7514  5622   892 16757 16724  8138  2339  9799 15616]
7841,[ 4153  8529  4677  2113 11149 20321  8411  3416 21485  2620]
7842,[10252 15446 12501   890  9751  7247  4051 15342 19548  8927]
7843,[ 2729  4424  4870  6771 16021 16241 16440 13039 13879  6210]
7844,[15980 13024 23158 23106 22873 16134 19727 15683  3751 18356]
7845,[16110  9751 11740  4166  3198 22614  9469 14575  3735  9814]
7846,[17825  9392 17767  4373  5471 14646  3536  2560 19111 17784]
7847,[ 4884 16792 13464  4741 13563 19283 21453 12454 14063 12234]
7848,[15942 16241  4649 16544  8351 20970  8343  4892 14790 12797]
7849,[18678 21530  1386  4352 21485  6641  1028  2202  9685  2384]
7850,[21458  3785  2021  3013  6607 13951 18642 16017  4669  4200]
7851,[ 2607  1596 16346 16372 14205 16517 18313 12881 15998 16233]
7852,[11315 11959 19690 14559  9647 23080 10151 14790 23069 22506]
7853,[12064 22796 12083 17786  3620  5195 12114 12183 13089 15305]
7854,[ 3203  8880  3055  2700 17341  2684  7118 11863  1585  6537]
7855,[11001  4032 16581 16578 10510 16247  3273 15824 22753 18995]
7856,[ 9781 15471  9577 18430 20366  1030 18178  5192 10086  8591]
7857,[22211  2714 18115 12178 19532 17843 11008 12059 10633  2716]
7858,[16017 16524 18733 21458 19198  6225 11479  9321  2021  4669]
7859,[13141 11463  6117 16455 15807 16345 13253  2881 12481 13140]
7860,[ 8914  1994 21348 19603  7710 19104 12061  3699  3609 16791]
7861,[ 4727  5313  5035  4728 19028  8791 10802 10977 19019  5644]
7862,[ 7950  6655 13459 13713  7247  8496  7309  1166 18040  1316]
7863,[15075 21221 17405 16664 20059 20621  7310 15022  8960 13134]
7864,[18088 19590 14849 23144 15220  5447  6678  1942 16043  6878]
7865,[ 9810 20584 16905 20741 13545 13688 16316  4195  4402 18847]
7866,[16395  6237  5415  8829  1136 17549 15032 21037 19122  8200]
7867,[12108 14174 19690 23145 10248  2405 23149 19589 14559 16486]
7868,[ 4737  4544  3845 12792  2339 18738 17291 20484 15616  4904]
7869,[18115  5882 14065 16766 14680 19134 19532 17714 17928  7755]
7870,[13104 16986  5685 16376 16544  3082 14875  5048  9751  7248]
7871,[  888 18627  7721  7828 17928 12218 19962  9336 17068 16099]
7872,[ 7538 22739 15067 19996 14715 12772  6804  4825 20072  1271]
7873,[13996  5177 13075  5374 19655  9130 14800 17553  9499 18309]
7874,[18040 14967 13577 18760 15739  1136 15073  3728  7966 16076]
7875,[15579  5903  6966 21357  5484 10791 20182  4775  6036 14567]
7876,[20149 20142 19497 12984  4986  9789  8134 14739 15174 12789]
7877,[13075 11631 18309  7294 20266 14731 13996 16992 12426 14800]
7878,[ 6003  9358  1285 16685 11479 18642 19036 19602  2245  2714]
7879,[13253 19809 15943 16233 10520  1814  7525  9695 22049 11463]
7880,[ 9914  3244 11539 11123  6693 21916  4400  3789  4990 11442]
7881,[11519 14644  9103  2110   789  4529 12479 19303 19283 21871]
7882,[16554 16168 17914 12218  8828 18627 20762   888  8827  8791]
7883,[20568  7025 17034 22721  6591 18158 14849 15925 11298 17120]
7884,[ 1200 19673  7341 17951   875 20029  2959 12135 17932 18367]
7885,[22575 20344  2257 21489 11809 11029 13986 16188  2680 11161]
7886,[11488 15852 20964  1814  7207 15357  3453  7131 15930  8662]
7887,[13798  3353  2764  6972 11442 21938  6775  8299  6693  4940]
7888,[ 9967  4013 15739 14967  6225 21692  7973  4071 11558  3198]
7889,[11020 17454 22667 13011 17385  7124 15976  8530 11432  7071]
7890,[13879 13253 11463 22049 16371 16036 16393 13039  9695 16069]
7891,[10408 20879 19948 18823  2314 17846 17055 17917 21774  7273]
7892,[ 3850 18603  1526  4582 20608  2720  3851 17897 17231  9067]
7893,[22667  2824  7817  9839  4313 11432 22557  2152 16507 10529]
7894,[21337  9339  4963 17025  3698 22654 19102  6095 15176 16014]
7895,[20360  1694  7550 16347  8752 19667 12945  8927   662 11100]
7896,[ 3851 20767 11102 10857 20153 23128 10830  2944  3850 22873]
7897,[ 6230 17391  6113  5474  1074 10764 21300 11424 21638 17628]
7898,[16553 16021 16103 15308 16129 15601 13039 14323 16390 16130]
7899,[20771  1791  2739 20353 13480 15226 12345 12808 12880 22451]
7900,[17515  5488  9334  3383 18763  5222  4461  3455 22997 11286]
7901,[22575 11029 18999 21489  2257 13052 14937 11809 13956 18237]
7902,[10193  3374 16074 10937 15844 19811  5048 10033 10945 16125]
7903,[16524 16017  1129  4537  8218  8816 21458  9359  1571 19198]
7904,[16506 16757  6210  7180  8343  4870 17220 20970 16371 16113]
7905,[ 4132  7118  3451  3055  2700 17341 16334  1332 17169  2684]
7906,[16003 22113 12866  1362  4041  9770  2761  3403 16708 12087]
7907,[23002 12491 22312  1449  3807 14975 18554  3727  4681 19715]
7908,[ 7487  2732 16194 22496  2957  8858  7480  1200  6111 19673]
7909,[ 6698  7984 12571  5722 19834 11161 11456 17123 18272 12832]
7910,[22575  5451 11426 16654  3800  2716 15721 19602 20344 21489]
7911,[18381 12879 16427 12878 10937 16341 16074 14446 21793 17844]
7912,[ 4064 14110  3959 12388 10412 12266   634  5385 19509  2349]
7913,[ 9378  1692  2705  1690 18819  2382  1924 20171  1300 13614]
7914,[ 9577  9781 17788  9828 15579 14914 14648  9580  5194 21390]
7915,[ 9407 17294  3986 10692 10996  1011 19149 18148 12129 12810]
7916,[12731 11857  4871  7119 12230 16182  8487 15622 19734 15587]
7917,[17051 11456 17123   825 12571  7070 19180 21384  8546  9365]
7918,[13039  8481  7602  5655  5048 20677  4717 15601  9322  7068]
7919,[ 8875  4260 17412  6220 16225 12743   666  4526  8082  7165]
7920,[17777 22637 12162 15666 19307 19297 16700  8068  7978 13379]
7921,[17372 19901  2009  1749 15506 15501  3017  9929 10286 14982]
7922,[13585 20360  1247  4878 10133 16207  8927 12501 14428 22482]
7923,[21358  5666 13406  3654  2559 21927 14767  4484  6036 21685]
7924,[ 4960  5783  7885  3392  3079  5048  2403 15941  3401 13078]
7925,[22026 15930  1167  7885 10520 21731  3453  3727 20606 20943]
7926,[ 3087  9700 21952 20977  8817  8459 20187  1754  7756 16426]
7927,[ 1305 22575 22011  5460 11123  6776 17234 16936 13686  2257]
7928,[19447  4016 15379  9751 17273 12674  6607  7247 13104  2236]
7929,[21337  9339  4963 17025  3698 22654 19102  6095 15176 16014]
7930,[ 6539 19293 22028  5450  4959 18970  3756 22318 10699 13375]
7931,[15303 10842 16274  6034 14128  6653 22989 15516 17004  1368]
7932,[ 3699 19103 14676  8827 16908 19308  3618 10703  9393 19185]
7933,[18317 17778 19134 20759  9631  7512 21627 19184   708  1112]
7934,[13985  2717  2716 11169 14408  2736  9325 12507  3123  6359]
7935,[15673  5020  3336  6420  6309 18974 19283 17763  2822  1009]
7936,[ 2701 22011  2476 10289  1550 10217 11123  5460 16908 11479]
7937,[13985  2717 14408  2716  3123 11169 17234 12507  4249  3244]
7938,[20360 19941  8953  1615 21966  1617 16899 13031  2608 14526]
7939,[14376  1926  8102  6246  1374  5050  8074  8202  7607  1680]
7940,[ 5882 17714  4689 13686 17234  8599  5335  1864 16908  2185]
7941,[ 5451 11426 15915  1332  3800  1013 11809  7069 12571  7984]
7942,[12607 15437  2900  2753  2506  8254  4352 18562  4700  2392]
7943,[ 5729 17122  6526  7837 17257  2881 13700 18384  1132 14067]
7944,[ 9325  6704 13986  9388 11169  2717  2684 17773 19602 10690]
7945,[20360  7015  4093  8953 16930 21060  4160  5031 16223 20202]
7946,[17199  3784 18887 12984 14127 16239  5661 18926 14981  9339]
7947,[22575 16188  1571  2716  4249 21489 11426 12029  2476 18318]
7948,[ 1078  6903 15100  1016  7145 18111  8420  1926 20876   894]
7949,[20970 20192 18602 20418 16724 16506  8351 16139  7180 20756]
7950,[17813  5769 13621   983  3677 21489 13298  2257  3065 13924]
7951,[20361  6991 11387  4333  4388 10852   783  1937 14472  7770]
7952,[ 4928 17025 17299 12339 16014  3698 13830 18372 12984 19192]
7953,[ 9700  6854  9902 18625  4481 16333 15740 16207  8401 13793]
7954,[ 4322 15174  7158 18402 17140 12694  2661 14734 12188 10016]
7955,[22667  9447  2824 11432 22370 14708 22557 14536  7247 10465]
7956,[ 1937 17547  4163  2418 17859  3275 11433 16307 20210 11252]
7957,[ 8605  7248 13039 15823 15997  1966  3269 16334  5736  1594]
7958,[10646 11302  4191  2380  3546 21367 14315  4359  4169  7575]
7959,[ 1201 18051  3873 16457 19765 14144 12888 10846 11263 16383]
7960,[14327 22338 15815 14768  1777  1787  4385 22434 11361  4179]
7961,[15392 22687 12636  6774  1167  6854 14875  7247 17998 17227]
7962,[16544 16757  8351 13017 17220 16193  5736 16506 13371 16820]
7963,[10391 12729 21582  7554  2511 10071 20925  5622 16261  7514]
7964,[ 4216  8218 20653  9469 16154 22196  3817 18602 18760  3374]
7965,[ 5866  7903 15271 13930 11043 21462 16701 21308 17806  4810]
7966,[11835  4554  1315  4778  9773 19070 17230   580 14741  4742]
7967,[ 7710  6038 10263  6821 10661 19228 21840 15395  9792 19603]
7968,[  890  1608 15342 19548  3192  5031 16347  2695 20203 17970]
7969,[22468  4391  9164 17544 18758  3075 18705 13546 18597  9020]
7970,[ 6734 18145 15125 14996 15670 11324 21734 13862 17339 15627]
7971,[21582 16261 22269  4737 20484 12499 13461  1633 12729  2339]
7972,[ 8717 22477 17445  2186 21921 18610 13034 16898  2296 11057]
7973,[16552 19693  3947   651 15904 19620 10623  5313  8546 20609]
7974,[ 7218  7954 13032 23124  8078 19002 20813  8518  1183 11101]
7975,[17880  8212 10830 13007  3851 10620 10668 16241 19047  3859]
7976,[22575 16188  7586  9515 21489  4249 14408 11736  1571  1013]
7977,[ 1305  3789  1571  1575  1734  2257  5132 16188 22575  2233]
7978,[ 9325  6427 19747  1051  9907 16766 11558  2233  6704 12408]
7979,[ 2716  8816  6422 16524 13727  4249 10289  2701 16936  8900]
7980,[ 8162  5362 10830 13007   785  3851 10668  7431 13981 17519]
7981,[ 6359 11169 14408  1734  1036  2736  5132  1305 16188 13985]
7982,[ 6359 16188 14408  1571 11169  1734  2736  1036  1392  4249]
7983,[13052 14937 18237  2257  1305  4648  8900 13298 12544 13426]
7984,[20145 11456 12178  7768 19180 17123  2667  1332 20344 17051]
7985,[12926 12061  2315 16030  9621  2709 10186 11643 19244 15818]
7986,[22575 11029 18999 21489  2257 11809 20344 13956  7768 13116]
7987,[18367  4569 18627 17078  9123  7828  2151 22523 13394  4860]
7988,[16685  3295 17773 17772 18115  9325 12028 16766  3604 10690]
7989,[22085 17410  5951  3705 11362 19352  9895 19245 21765 13519]
7990,[19602  2233  9907 15915  9325  2716  2714  7768  5132  6427]
7991,[11516 22009 12060  9383  3244 20034 14004 19308  6693 17068]
7992,[18596 15834 12511  1373 20985  2742  7951 13031 15970  6778]
7993,[1051 1305 1567 2233 1575 6422 6776 5132 1874 1927]
7994,[ 3244  2476 10289 10217 17234  1036 13686 12029 11123  9914]
7995,[ 1600  8052 10468 22120 11863   344  1694 19293  2684  4884]
7996,[20016 19249 14645   900  4461 17334 13064  9400   704 12990]
7997,[22087  6821 20549 20542  6038 19228  5430 10005 22412 10263]
7998,[11524  4322  3415 21794 19987 15276 12984 12159 20798 12898]
7999,[ 8662  7525 15943 15596 20892 16383 16036 17294 10520 11463]
8000,[18999  2907  8309  7983 14269   704 13116  1300 22353 10528]
8001,[20609 16552 20698 19198 11479  1506 20762  9433  5412  9146]
8002,[15112 17140  7158 21690 20437 10043  6271 10709  5914 11815]
8003,[13986  6704  2684  9325  9388 18577 13116  4200 10438  3631]
8004,[11100  1694 20360  7015  8490  5031 11863  4132 22719  7985]
8005,[ 6966 19069  5992 13814  6459  6615 12468 21355  8414  9165]
8006,[ 7466 13519  8200 22085 17755 12990  3705 21307  5951 17410]
8007,[ 9810 13545 16905 20741 16556 10618 13049  4195 20796  4888]
8008,[18168 20880 21774 10248 13800 14105 17055  4609 10285 10408]
8009,[20592  4111 16861  2624 17140 15112 13726 19544  3756  5816]
8010,[ 1634 12454  1486  7033  9732 20592  3756 14090  9773  4884]
8011,[ 2907 13116  2684 20498 22475  6434  9388 13986 12295 18577]
8012,[20905 22645 21238 22648 20883 21978 21702 23084 21233 22304]
8013,[ 2315 12480  8197  7550  5736 20970 16757  8927 16769 10071]
8014,[17025  7120  9789  9339 22588 19080   784 21337 14132  2122]
8015,[18870  4099  1087 12060 11721 17822  7220 19855 21264 14914]
8016,[ 3705   900 13519 17410 22085  2717 14645 22097 11362 12070]
8017,[12935 20962 20270 19567 21274 21626  8410 15161 18376 20325]
8018,[12439  9569  2753  4700  8743  1979 12462 19018 19374  2100]
8019,[ 2680 21489 22575 21916 11539  4571  9359  1485  3677  5460]
8020,[19349  4975  1949 19809  1638  5729  4878 17152  1519  1814]
8021,[16986  1943  5685 12851 16376  5776 16855  9830 22117  7073]
8022,[22829 20143  4468  2011 15818  7825 19244 20609 14765 11323]
8023,[ 9772 18679 19545 11629 17055 15467  4924 17213  7597 19929]
8024,[ 3212 16564  7550 16581 16588 12590 10855  8197  8833 13532]
8025,[17116   914 10810  3360 22538 13912 18624  8233 11887 15716]
8026,[14091 14465  8518 20985 15412 18596  4733 15044  7951  2501]
8027,[10886  3858  8521  8162 23160  8618 23083 16421  3814  7431]
8028,[ 2622 20321  1872  2677 19513 12272  2679  2740  7038 11985]
8029,[ 7284 12936  2382 19705 21930 15056  1322  7439 16209 13045]
8030,[16767  2403 22609  4960  5048  4913  3079 16386 20890  7885]
8031,[ 7288 13660 12159 22700  7163 22033  2330 11524 22993 14115]
8032,[14065  2714 11479  8599 20541  4689 18470 19198  2716  8816]
8033,[11259 10008  8085 15165  4967  2577  3095 22111 21520 13615]
8034,[ 6607  7309  4757 16789  8222 15746  1162 15362 14527 21065]
8035,[14734 12694  8641  2529  1360  8490 12188  1661 12148  4320]
8036,[17372  2009 11820 21851  1144  1749 12975 15501 19901 14982]
8037,[13104  1968 19153 16986  5776 13987 15080 12645 21168 20237]
8038,[10408 22761  1990 20880  9772 12551 11629 22434  1581  1212]
8039,[18088 11252 20741 19590   307  4402 17859 23144  8362 22519]
8040,[ 2701 11479  2476  2716 10289 17234 10217 13985  4689  5132]
8041,[ 4173 20269  7935  3875  4375 17135 14700 12276 19284 19822]
8042,[ 7928  7400 16757 17317 18060  7635  7550 16044 16820  5736]
8043,[20016 12106 10494  8791 12987 10426  1036 13436  6794  2129]
8044,[17214 21918  3093 10184 21781  7306 12664  4772  9763 14607]
8045,[13052 22575 21489  2257 18999 14937 11029 11736 18237  7586]
8046,[ 1167 15392 23003  1845 19447 23040 12674  3649 18430   663]
8047,[ 7482 10304  2613  4449  2175 20113  4450  4922  2024  8888]
8048,[ 2936  6095 19192 12339 12984  3698  4322  4742  5993  4695]
8049,[ 2609  3192 19548  7247   890  1966  7558 15073 15746 17350]
8050,[ 1374  3789 13052 21489 11029  2257  1305  5872 18999  4648]
8051,[17313  2610 15155 10142  2065  3874  1508 14936 10468 15771]
8052,[17078 14470 16791  6112  8914 19038 19603 18705  2943 11523]
8053,[17915  8362  4749  2890 18088 12620  4373 19590 23162  8910]
8054,[18997 15923  1573 16334  9039  1552 20418 14467  8197 10275]
8055,[11062 12295  7586  8900  2257  5735 13298  8460 12882 12611]
8056,[13492 18956  2911  3984  3165 13225  9670 20453 21035 16634]
8057,[22145 20426 11149 21485 16913  8529  4664  6667  2202 20971]
8058,[17932 18530 22944 19318  1200  2959 16194 20029  7487   599]
8059,[11029 13116 17355 11809 23146  2684 22575  2257 21489 18999]
8060,[10166  5196  4524  1859 16529 13981  3435 22430  1967 16253]
8061,[16347  1608 15342 13955  7015 10313  5031 11100 20360 20203]
8062,[13052 22575  1305 18999 21489 14937  2257  3789 18237 11029]
8063,[21811  9130  7485 19859  4573 21497  6535 21557  3036  6773]
8064,[16168  9814  9146  7069 19532  8218 12718 14298  8816  6849]
8065,[20258 21504 21828 11705  1293 20522 16347  9324 20715  8299]
8066,[11169  1734 13985  2717  5132  2716  2233  3123 17234  9325]
8067,[ 8228 16125 12286 17844  7182 10193 10139 11379 14179  3235]
8068,[16241 17880 10776  4870  4524 14790 13007 20970  6210 15942]
8069,[14849 16043  6591 18158 20595  7025 17034  3457 20568  1930]
8070,[12706 17900  6710  4631 19828 19948 11274 16382 11759  1212]
8071,[22551 12425 19739  3192  4445 15771 16206 19242  4059 16930]
8072,[ 4366 20484 20215  4737 10153  2314  4544  6210 20308 16496]
8073,[17813  5769 13621   983  3677 21489 13298  2257  3065 13924]
8074,[11763 20185 10272 15164 19331  6604  9262 17083 23002 13076]
8075,[ 2605 20484 11258 12729 20925 16947  2382 13158  4737 12499]
8076,[13985  2717  2716  2714 17714 13686 10289 19244 10217  3123]
8077,[ 5488 18763  5222 18272  3383 16831 17515  9334 15721  5551]
8078,[ 7033  4177  9732 12590 14231 14090 10119 13154  3451 17965]
8079,[19602 16766  4013 17773 11479  4071  2245 11426  9325  2714]
8080,[21685 12468 18143 12286 13406 12879 13060  6615 21355  4484]
8081,[10289  3244 14676 10217  2346 19130 16696 13686  9393 19308]
8082,[20344 12059  9325 10690 18115  7768 10701 17773 12178 11008]
8083,[ 9813 13467 19904 15928 17872 14665 19459  6121 20018 22018]
8084,[ 2716 13985  2714  2717 17234 17714 14065 10217  3695  3123]
8085,[14943 16125  5992 20603  3728  3386 22156  4157 10033  5247]
8086,[17095  1746 14575  8141  2201  5783 10673 17166  5573 23028]
8087,[ 2717  1013  1036  1864  3244 10147 17714 20016 10923 22284]
8088,[22609 16291  7525 12874 13550 20790 22049 20892  5048  6091]
8089,[22575 11426 20344 11809 21489  5132  1571 18318  5460 19602]
8090,[ 5185 18196 10193 11379 20789  1640  3235 10354  7233 20677]
8091,[20964 16193 15632 20203 16295 15342  7207 10119 16564 13017]
8092,[ 7617 16898 10475 21966 22621 22292  2575 23006 21181 21114]
8093,[ 5826 17348  9253 19222 19157 15662 10479 21810 14870 16855]
8094,[ 5808 11463 15596  5052 16036 15943 15930 16307 15852  2103]
8095,[ 7801 19374  4817 14094  6034  6198 16364 13287  8743  1368]
8096,[ 2764  1300  4648 21938 21364 21489 11123  3789  1485  2680]
8097,[ 8718 14466  5829  7462  3332 16249 20308  3376 10653 19828]
8098,[21174  2684 20498 10438 13116 17772  5003 22475 19349 18695]
8099,[12945 16544 19369 15823 13017 13879 14428 16036  9209 13371]
8100,[ 9429 19620  8481  8718  8088  4745  1897  5829 20308 10153]
8101,[16616 17748  3728 16289 22422  3978  5178 16390  9000 16164]
8102,[ 5783  4495 18232  4960  5993 10673  5841 11753  9165 22216]
8103,[16654  3631 11740 17970  7558  9388  3800  4959 19602  5470]
8104,[ 2335  7273 22478  9236 10400 11258 16120  2237 12397 18094]
8105,[16285 18684 17317 10388  8197  7928  8833 12234  7400 10946]
8106,[11029 21489  1374  2257  5872  8900  9388 18999 11161  3789]
8107,[ 3376  4196  1242 22449 12485 14466 10151  6312  7274  3080]
8108,[ 4571  5451  5460 21489 16908 17714 15721 22575  9336  4689]
8109,[11402  2714 16696 10217 20990 17068  9358  6693  2717  2716]
8110,[16814 21459 19374 15343  2384 20479 21485 20426 15412  2120]
8111,[ 8367  2380  9640  7978 12162 15666 10646 22944  7838 19297]
8112,[15870 16341 18313 16103 15600 16074 16372 16517 13156 10937]
8113,[ 7837 21573 16942  2427 16733 16312 18384  5031 10293 10475]
8114,[23083 13535 17396 13076  6604 12995  6806 18597  5454  8092]
8115,[21058 16568 16768 23160  1212 14279 17640  6112 13111 20659]
8116,[11169  9368  9388 17773 11501  9325  2736 12178 16685  5132]
8117,[ 5836 19283 17105  9103  1729 15773 21009  3211 19989 11519]
8118,[17797 19769  4230 13009 17806 19609  8377  7834  6271 10406]
8119,[23055 23084 21634 10778 21702 22621 17064  6579 21868 19250]
8120,[16347 10252 11100   890  6775  8299  3198 14575 15342  1545]
8121,[ 5938 15125 17087 11263 15266 19324 16129 11763 14789  4333]
8122,[ 1212  1664  1790 20897 16568 16224 14279 13111 10085   914]
8123,[19070 10384 18970  8524  4282 17230 19644  2764 14730  1634]
8124,[ 3851 17519 19451  9067 10830  3850 13706 17897 19047 13007]
8125,[16988 17269 13688  6353 12405 10679 17112 10441  4327  4888]
8126,[20709 16579  5942  6250 15910 10993 10808  1203 13210  9020]
8127,[12874 14205  7525 16372  2707  8783  9209 15600 15823 18313]
8128,[16426 14063 20701 13635 16305 20203 16510 15342 16551 11358]
8129,[23150  9432 10940 10830 23094 17314 13007  4424  7257 10668]
8130,[18313 16372 12874 14205 22049  2707 16233 18425 11768  1594]
8131,[ 9932 13045  8826 20025  1096 16768 12135  7471  8840 18123]
8132,[ 4963 10086  9339 18352  4695 18887  5993  4211  4652 22007]
8133,[ 9325  2717 11501 17773  2714  2716 16031 16766 11169 16685]
8134,[22996 16616  5655  3728 11267 15830 13039 15904  3375  6849]
8135,[ 4568 18476 13410 10825 14086 21770 13411  7017  7952 13413]
8136,[11959 13955 19149 15596  8662 20964 10313 17152  3359 17294]
8137,[22588 13969 22269 22461  2019  9321   784  1374  2021  6693]
8138,[19843 22217 23062  5404   334  5196  7160 22637 15144 14986]
8139,[ 8617  4158 20756  9469 16247  8351  6849  4717 15531 16139]
8140,[ 4717 20192  4158 13039 11267 20756 15531 16460  8617 16616]
8141,[ 2129 20016 19389 19659 17714 14065 19631  2346  9433 22284]
8142,[ 2717 13985 11169  1036  2716 14408  3123  2736 17234 10217]
8143,[16076 22543 11322 19693  9433  8396 20223  2195 22545  1136]
8144,[14148 13829 10315  4949  9979 18463 19190  3411 10783 18943]
8145,[  843 18475 18625 16207 22667  4481 16092 14326 22189 14928]
8146,[ 8888  3833  4450 14135  9810 15826 10440 10434 10441  9962]
8147,[ 4157 10945 11476 20134 22355 12300 11267 18463  3010 10315]
8148,[10313 16347 15342 10252  8663 17970 12501 16193  3029  8833]
8149,[23006 21114 22459 22621 11182 21702 21181 17869 21051  1529]
8150,[ 5484  9866 14567 14283  7074 18606 20391 19298  4775 22133]
8151,[18381 13485 21134 16767 10393 21641 16317  7182 16074 17844]
8152,[15069  4492  4921  9944 20431  8519 13287  6804 22934 19550]
8153,[22575 21489 11539  2680  4571  5722  4200  3677 11161 21916]
8154,[ 9732  7033 16500 16134 11488 16422  4778  1968 19192 19727]
8155,[17086 22131  8044 19295  8041 22873  1750  3672 13615  8058]
8156,[22434 13038 17659 13948 21805 10909 15920 10522 16022 15863]
8157,[16372 15600  2707 16315 18313 14205 12874  7279 12318 15489]
8158,[20108 19369 14326 16437 13955 19667 14428 16113 15632  6117]
8159,[ 4886 14204 15437  8443 17013  3459 21958  2890 20458 22629]
8160,[12336 12499  1436 19168  1614 19518  8678 17291 16162 12734]
8161,[20890 15943 14205 20892  6456  3873 15357 18232 11508 16233]
8162,[17422 13435  2198 20621 12482 22673  9471 16928 21053 13115]
8163,[ 6210 20215 16802 16639  7180  4424  4366  4313  4036  4544]
8164,[ 2862  6367 21723 11491  5367  8540  9602  8702 22995 13398]
8165,[15190 11029  5735 13426 13969 11501   784 16642 17793 17633]
8166,[14701 17220 13371  7550  1941 17335  5736  7400 16207  4051]
8167,[ 1593 11253 16455 20361 11459  9536 20804 12667 12535 21443]
8168,[ 3212 13532  9133 16564  8197 16206 12234  7550  9055 18684]
8169,[ 2824 18760 13611 10529  9839 11478  4565 22667  1638  6229]
8170,[22452 14428 16207 10777 23010  8401 16069 16333  1960  4878]
8171,[18040 21949  8496 13684  2956  4366 10153 17727  7732 19064]
8172,[ 6451  8199  7446 14104 16164 20366  7685 13240  4016  1395]
8173,[ 7928  9799  7550 13793  7635 17317 18060 16044 12789 14063]
8174,[16912  7188  2314  6210 21774 16241 10151  4366 20925 20484]
8175,[ 9321 18733 11723  6607 16017 21052  2019 15746 11740   784]
8176,[  290 16252 18631 22113 10983 15962 22600  9550   988 11964]
8177,[11501 10663 19154 15721 16296  2714 16654  4518 12059 12178]
8178,[20905  1616  1679  1724  1872 22645 21483 10142  1613 21966]
8179,[ 8591  5689 18430 14997 16855 19447  7655 23040 21344 22156]
8180,[13885 17120 20595  6641  6591 22721 11298 18158 17034  7025]
8181,[ 9632 15507  6934  4115  5306 20648  7536 14463  5370 13863]
8182,[ 1580 19672 11360  3074 17772 11363 12157  4149  2187  7822]
8183,[ 3429 16685  7755  2714 17773  5496 16766 11402  9352 19134]
8184,[19770  1800 22652   841  3214  1788 16153  3092   848  8709]
8185,[20337 21287 12495 13467 15928 15587 14254 18623 10257 16182]
8186,[23118 13207 14005 20817  6532  5308 16498 12209  3259 17641]
8187,[11582 16855  8973 22051 16005 14194  5938 14162  5689 10790]
8188,[11479 18642  3244 17234  2346 20698  4689  2701 10217 10289]
8189,[22918  3217  2942 15816 10573 10781  2917 10802 10839 19327]
8190,[22575 11426 21489 19602  5460  2716 18318 20344  5451 11539]
8191,[ 5035 20751 19032 19620  8088 18230 13260 10685 19693 17442]
